0 verbose cli C:\Program Files\nodejs\node.exe C:\Program Files\nodejs\node_modules\npm\bin\npm-cli.js
1 info using npm@10.2.3
2 info using node@v20.10.0
3 timing npm:load:whichnode Completed in 1ms
4 timing config:load:defaults Completed in 1ms
5 timing config:load:file:C:\Program Files\nodejs\node_modules\npm\npmrc Completed in 4ms
6 timing config:load:builtin Completed in 4ms
7 timing config:load:cli Completed in 2ms
8 timing config:load:env Completed in 1ms
9 timing config:load:file:C:\Users\asus\reactPrograms\reactprogram\.npmrc Completed in 0ms
10 timing config:load:project Completed in 1ms
11 timing config:load:file:C:\Users\asus\.npmrc Completed in 0ms
12 timing config:load:user Completed in 0ms
13 timing config:load:file:C:\Users\asus\AppData\Roaming\npm\etc\npmrc Completed in 1ms
14 timing config:load:global Completed in 1ms
15 timing config:load:setEnvs Completed in 0ms
16 timing config:load Completed in 10ms
17 timing npm:load:configload Completed in 10ms
18 timing config:load:flatten Completed in 1ms
19 timing npm:load:mkdirpcache Completed in 1ms
20 timing npm:load:mkdirplogs Completed in 1ms
21 verbose title npm install react react-dom react-scripts cra-template
22 verbose argv "install" "--no-audit" "--save" "--save-exact" "--loglevel" "error" "react" "react-dom" "react-scripts" "cra-template"
23 timing npm:load:setTitle Completed in 0ms
24 timing npm:load:display Completed in 0ms
25 verbose logfile logs-max:10 dir:C:\Users\asus\AppData\Local\npm-cache\_logs\2023-12-18T11_18_04_558Z-
26 verbose logfile C:\Users\asus\AppData\Local\npm-cache\_logs\2023-12-18T11_18_04_558Z-debug-0.log
27 timing npm:load:logFile Completed in 9ms
28 timing npm:load:timers Completed in 0ms
29 timing npm:load:configScope Completed in 0ms
30 timing npm:load Completed in 51ms
31 timing arborist:ctor Completed in 0ms
32 silly logfile done cleaning log files
33 timing arborist:ctor Completed in 0ms
34 timing idealTree:init Completed in 9ms
35 timing idealTree:userRequests Completed in 3ms
36 silly idealTree buildDeps
37 silly fetch manifest react@*
38 http fetch GET 200 https://registry.npmjs.org/react 7298ms (cache miss)
39 silly fetch manifest react-dom@*
40 http fetch GET 200 https://registry.npmjs.org/react-dom 1092ms (cache miss)
41 silly fetch manifest react-scripts@*
42 http fetch GET 200 https://registry.npmjs.org/react-scripts 580ms (cache miss)
43 silly fetch manifest typescript@^3.2.1 || ^4
44 http fetch GET 200 https://registry.npmjs.org/typescript 2231ms (cache miss)
45 silly fetch manifest cra-template@*
46 http fetch GET 200 https://registry.npmjs.org/cra-template 86ms (cache miss)
47 silly placeDep ROOT cra-template@1.2.0 OK for: reactprogram@0.1.0 want: *
48 silly placeDep ROOT react@18.2.0 OK for: reactprogram@0.1.0 want: *
49 silly fetch manifest loose-envify@^1.1.0
50 silly placeDep ROOT react-dom@18.2.0 OK for: reactprogram@0.1.0 want: *
51 silly fetch manifest scheduler@^0.23.0
52 silly placeDep ROOT react-scripts@5.0.1 OK for: reactprogram@0.1.0 want: *
53 silly fetch manifest @babel/core@^7.16.0
54 silly fetch manifest @pmmmwh/react-refresh-webpack-plugin@^0.5.3
55 silly fetch manifest @svgr/webpack@^5.5.0
56 silly fetch manifest babel-jest@^27.4.2
57 silly fetch manifest babel-loader@^8.2.3
58 silly fetch manifest babel-plugin-named-asset-import@^0.3.8
59 silly fetch manifest babel-preset-react-app@^10.0.1
60 silly fetch manifest bfj@^7.0.2
61 silly fetch manifest browserslist@^4.18.1
62 silly fetch manifest camelcase@^6.2.1
63 silly fetch manifest case-sensitive-paths-webpack-plugin@^2.4.0
64 silly fetch manifest css-loader@^6.5.1
65 silly fetch manifest css-minimizer-webpack-plugin@^3.2.0
66 silly fetch manifest dotenv@^10.0.0
67 silly fetch manifest dotenv-expand@^5.1.0
68 silly fetch manifest eslint@^8.3.0
69 silly fetch manifest eslint-config-react-app@^7.0.1
70 silly fetch manifest eslint-webpack-plugin@^3.1.1
71 silly fetch manifest file-loader@^6.2.0
72 silly fetch manifest fs-extra@^10.0.0
73 silly fetch manifest html-webpack-plugin@^5.5.0
74 silly fetch manifest identity-obj-proxy@^3.0.0
75 silly fetch manifest jest@^27.4.3
76 silly fetch manifest jest-resolve@^27.4.2
77 silly fetch manifest jest-watch-typeahead@^1.0.0
78 silly fetch manifest mini-css-extract-plugin@^2.4.5
79 silly fetch manifest postcss@^8.4.4
80 silly fetch manifest postcss-flexbugs-fixes@^5.0.2
81 silly fetch manifest postcss-loader@^6.2.1
82 silly fetch manifest postcss-normalize@^10.0.1
83 silly fetch manifest postcss-preset-env@^7.0.1
84 silly fetch manifest prompts@^2.4.2
85 silly fetch manifest react-app-polyfill@^3.0.0
86 silly fetch manifest react-dev-utils@^12.0.1
87 silly fetch manifest react-refresh@^0.11.0
88 silly fetch manifest resolve@^1.20.0
89 silly fetch manifest resolve-url-loader@^4.0.0
90 silly fetch manifest sass-loader@^12.3.0
91 silly fetch manifest semver@^7.3.5
92 silly fetch manifest source-map-loader@^3.0.0
93 silly fetch manifest style-loader@^3.3.1
94 silly fetch manifest tailwindcss@^3.0.2
95 silly fetch manifest terser-webpack-plugin@^5.2.5
96 silly fetch manifest webpack@^5.64.4
97 silly fetch manifest webpack-dev-server@^4.6.0
98 silly fetch manifest webpack-manifest-plugin@^4.0.2
99 silly fetch manifest workbox-webpack-plugin@^6.4.1
100 silly fetch manifest fsevents@^2.3.2
101 http fetch GET 200 https://registry.npmjs.org/semver 143ms (cache hit)
102 http fetch GET 200 https://registry.npmjs.org/prompts 150ms (cache hit)
103 http fetch GET 200 https://registry.npmjs.org/fs-extra 163ms (cache hit)
104 http fetch GET 200 https://registry.npmjs.org/loose-envify 709ms (cache miss)
105 http fetch GET 200 https://registry.npmjs.org/bfj 1859ms (cache miss)
106 http fetch GET 200 https://registry.npmjs.org/case-sensitive-paths-webpack-plugin 1860ms (cache miss)
107 http fetch GET 200 https://registry.npmjs.org/camelcase 1862ms (cache miss)
108 http fetch GET 200 https://registry.npmjs.org/postcss-flexbugs-fixes 1948ms (cache miss)
109 http fetch GET 200 https://registry.npmjs.org/dotenv-expand 1986ms (cache miss)
110 http fetch GET 200 https://registry.npmjs.org/postcss-normalize 2007ms (cache miss)
111 http fetch GET 200 https://registry.npmjs.org/identity-obj-proxy 2047ms (cache miss)
112 http fetch GET 200 https://registry.npmjs.org/file-loader 2144ms (cache miss)
113 http fetch GET 200 https://registry.npmjs.org/source-map-loader 2168ms (cache miss)
114 http fetch GET 200 https://registry.npmjs.org/webpack-manifest-plugin 2187ms (cache miss)
115 http fetch GET 200 https://registry.npmjs.org/resolve-url-loader 2198ms (cache miss)
116 http fetch GET 200 https://registry.npmjs.org/eslint-webpack-plugin 2218ms (cache miss)
117 http fetch GET 200 https://registry.npmjs.org/css-minimizer-webpack-plugin 2245ms (cache miss)
118 http fetch GET 200 https://registry.npmjs.org/jest-watch-typeahead 2249ms (cache miss)
119 http fetch GET 200 https://registry.npmjs.org/fsevents 2310ms (cache miss)
120 http fetch GET 200 https://registry.npmjs.org/style-loader 2319ms (cache miss)
121 http fetch GET 200 https://registry.npmjs.org/postcss-loader 2349ms (cache miss)
122 http fetch GET 200 https://registry.npmjs.org/dotenv 2375ms (cache miss)
123 http fetch GET 200 https://registry.npmjs.org/resolve 2358ms (cache miss)
124 http fetch GET 200 https://registry.npmjs.org/babel-loader 2394ms (cache miss)
125 http fetch GET 200 https://registry.npmjs.org/react-app-polyfill 2375ms (cache miss)
126 http fetch GET 200 https://registry.npmjs.org/sass-loader 2372ms (cache miss)
127 http fetch GET 200 https://registry.npmjs.org/@svgr%2fwebpack 2405ms (cache miss)
128 http fetch GET 200 https://registry.npmjs.org/eslint-config-react-app 2421ms (cache miss)
129 http fetch GET 200 https://registry.npmjs.org/workbox-webpack-plugin 2394ms (cache miss)
130 http fetch GET 200 https://registry.npmjs.org/mini-css-extract-plugin 2425ms (cache miss)
131 http fetch GET 200 https://registry.npmjs.org/terser-webpack-plugin 2426ms (cache miss)
132 http fetch GET 200 https://registry.npmjs.org/css-loader 2459ms (cache miss)
133 http fetch GET 200 https://registry.npmjs.org/html-webpack-plugin 2454ms (cache miss)
134 http fetch GET 200 https://registry.npmjs.org/postcss-preset-env 2505ms (cache miss)
135 http fetch GET 200 https://registry.npmjs.org/browserslist 2551ms (cache miss)
136 http fetch GET 200 https://registry.npmjs.org/webpack-dev-server 2524ms (cache miss)
137 http fetch GET 200 https://registry.npmjs.org/postcss 3185ms (cache miss)
138 http fetch GET 200 https://registry.npmjs.org/babel-preset-react-app 3206ms (cache miss)
139 http fetch GET 200 https://registry.npmjs.org/babel-plugin-named-asset-import 3236ms (cache miss)
140 http fetch GET 200 https://registry.npmjs.org/@pmmmwh%2freact-refresh-webpack-plugin 3269ms (cache miss)
141 http fetch GET 200 https://registry.npmjs.org/react-dev-utils 3244ms (cache miss)
142 http fetch GET 200 https://registry.npmjs.org/@babel%2fcore 3376ms (cache miss)
143 http fetch GET 200 https://registry.npmjs.org/eslint 3425ms (cache miss)
144 http fetch GET 200 https://registry.npmjs.org/jest 3431ms (cache miss)
145 http fetch GET 200 https://registry.npmjs.org/jest-resolve 3469ms (cache miss)
146 http fetch GET 200 https://registry.npmjs.org/babel-jest 3509ms (cache miss)
147 http fetch GET 200 https://registry.npmjs.org/webpack 3956ms (cache miss)
148 http fetch GET 200 https://registry.npmjs.org/react-refresh 4083ms (cache miss)
149 http fetch GET 200 https://registry.npmjs.org/tailwindcss 5346ms (cache miss)
150 http fetch GET 200 https://registry.npmjs.org/scheduler 5406ms (cache miss)
151 timing idealTree:#root Completed in 16855ms
152 timing idealTree:node_modules/cra-template Completed in 0ms
153 silly placeDep ROOT loose-envify@1.4.0 OK for: react@18.2.0 want: ^1.1.0
154 silly fetch manifest js-tokens@^3.0.0 || ^4.0.0
155 http fetch GET 200 https://registry.npmjs.org/js-tokens 698ms (cache miss)
156 timing idealTree:node_modules/react Completed in 703ms
157 silly placeDep ROOT js-tokens@4.0.0 OK for: loose-envify@1.4.0 want: ^3.0.0 || ^4.0.0
158 timing idealTree:node_modules/loose-envify Completed in 2ms
159 timing idealTree:node_modules/js-tokens Completed in 0ms
160 silly placeDep ROOT scheduler@0.23.0 OK for: react-dom@18.2.0 want: ^0.23.0
161 timing idealTree:node_modules/react-dom Completed in 2ms
162 silly fetch manifest @types/webpack@4.x || 5.x
163 http fetch GET 200 https://registry.npmjs.org/@types%2fwebpack 232ms (cache miss)
164 silly fetch manifest sockjs-client@^1.4.0
165 http fetch GET 200 https://registry.npmjs.org/sockjs-client 81ms (cache miss)
166 silly fetch manifest type-fest@>=0.17.0 <5.0.0
167 http fetch GET 200 https://registry.npmjs.org/type-fest 322ms (cache miss)
168 silly fetch manifest webpack-hot-middleware@2.x
169 http fetch GET 200 https://registry.npmjs.org/webpack-hot-middleware 3168ms (cache miss)
170 silly fetch manifest webpack-plugin-serve@0.x || 1.x
171 http fetch GET 200 https://registry.npmjs.org/webpack-plugin-serve 570ms (cache miss)
172 silly fetch manifest node-notifier@^8.0.1 || ^9.0.0 || ^10.0.0
173 http fetch GET 200 https://registry.npmjs.org/node-notifier 1117ms (cache miss)
174 silly fetch manifest rework@1.0.1
175 http fetch GET 200 https://registry.npmjs.org/rework 506ms (cache miss)
176 silly fetch manifest rework-visit@1.0.0
177 http fetch GET 200 https://registry.npmjs.org/rework-visit 65ms (cache miss)
178 silly fetch manifest fibers@>= 3.1.0
179 http fetch GET 200 https://registry.npmjs.org/fibers 1462ms (cache miss)
180 silly fetch manifest node-sass@^4.0.0 || ^5.0.0 || ^6.0.0 || ^7.0.0
181 http fetch GET 200 https://registry.npmjs.org/node-sass 762ms (cache miss)
182 silly fetch manifest sass@^1.3.0
183 http fetch GET 200 https://registry.npmjs.org/sass 802ms (cache miss)
184 silly fetch manifest sass-embedded@*
185 http fetch GET 200 https://registry.npmjs.org/sass-embedded 168ms (cache miss)
186 silly placeDep ROOT @babel/core@7.23.6 OK for: react-scripts@5.0.1 want: ^7.16.0
187 silly fetch manifest @ampproject/remapping@^2.2.0
188 silly fetch manifest @babel/code-frame@^7.23.5
189 silly fetch manifest @babel/generator@^7.23.6
190 silly fetch manifest @babel/helper-compilation-targets@^7.23.6
191 silly fetch manifest @babel/helper-module-transforms@^7.23.3
192 silly fetch manifest @babel/helpers@^7.23.6
193 silly fetch manifest @babel/parser@^7.23.6
194 silly fetch manifest @babel/template@^7.22.15
195 silly fetch manifest @babel/traverse@^7.23.6
196 silly fetch manifest @babel/types@^7.23.6
197 silly fetch manifest convert-source-map@^2.0.0
198 silly fetch manifest debug@^4.1.0
199 silly fetch manifest gensync@^1.0.0-beta.2
200 silly fetch manifest json5@^2.2.3
201 silly fetch manifest semver@^6.3.1
202 silly placeDep ROOT @pmmmwh/react-refresh-webpack-plugin@0.5.11 OK for: react-scripts@5.0.1 want: ^0.5.3
203 silly placeDep ROOT react-refresh@0.11.0 OK for: @pmmmwh/react-refresh-webpack-plugin@0.5.11 want: >=0.10.0 <1.0.0
204 silly placeDep ROOT webpack@5.89.0 OK for: @pmmmwh/react-refresh-webpack-plugin@0.5.11 want: >=4.43.0 <6.0.0
205 silly fetch manifest ansi-html-community@^0.0.8
206 silly fetch manifest common-path-prefix@^3.0.0
207 silly fetch manifest core-js-pure@^3.23.3
208 silly fetch manifest error-stack-parser@^2.0.6
209 silly fetch manifest find-up@^5.0.0
210 silly fetch manifest html-entities@^2.1.0
211 silly fetch manifest loader-utils@^2.0.4
212 silly fetch manifest schema-utils@^3.0.0
213 silly fetch manifest source-map@^0.7.3
214 silly fetch manifest @types/eslint-scope@^3.7.3
215 silly fetch manifest @types/estree@^1.0.0
216 silly fetch manifest @webassemblyjs/ast@^1.11.5
217 silly fetch manifest @webassemblyjs/wasm-edit@^1.11.5
218 silly fetch manifest @webassemblyjs/wasm-parser@^1.11.5
219 silly fetch manifest acorn@^8.7.1
220 silly fetch manifest acorn-import-assertions@^1.9.0
221 silly fetch manifest browserslist@^4.14.5
222 silly fetch manifest chrome-trace-event@^1.0.2
223 silly fetch manifest enhanced-resolve@^5.15.0
224 silly fetch manifest es-module-lexer@^1.2.1
225 silly fetch manifest eslint-scope@5.1.1
226 silly fetch manifest events@^3.2.0
227 silly fetch manifest glob-to-regexp@^0.4.1
228 silly fetch manifest graceful-fs@^4.2.9
229 silly fetch manifest json-parse-even-better-errors@^2.3.1
230 silly fetch manifest loader-runner@^4.2.0
231 silly fetch manifest mime-types@^2.1.27
232 silly fetch manifest neo-async@^2.6.2
233 silly fetch manifest schema-utils@^3.2.0
234 silly fetch manifest tapable@^2.1.1
235 silly fetch manifest terser-webpack-plugin@^5.3.7
236 silly fetch manifest watchpack@^2.4.0
237 silly fetch manifest webpack-sources@^3.2.3
238 silly placeDep ROOT @svgr/webpack@5.5.0 OK for: react-scripts@5.0.1 want: ^5.5.0
239 silly fetch manifest @babel/plugin-transform-react-constant-elements@^7.12.1
240 silly fetch manifest @babel/preset-env@^7.12.1
241 silly fetch manifest @babel/preset-react@^7.12.5
242 silly fetch manifest @svgr/core@^5.5.0
243 silly fetch manifest @svgr/plugin-jsx@^5.5.0
244 silly fetch manifest @svgr/plugin-svgo@^5.5.0
245 silly fetch manifest loader-utils@^2.0.0
246 silly placeDep ROOT babel-jest@27.5.1 OK for: react-scripts@5.0.1 want: ^27.4.2
247 silly fetch manifest @jest/transform@^27.5.1
248 silly fetch manifest @jest/types@^27.5.1
249 silly fetch manifest @types/babel__core@^7.1.14
250 silly fetch manifest babel-plugin-istanbul@^6.1.1
251 silly fetch manifest babel-preset-jest@^27.5.1
252 silly fetch manifest chalk@^4.0.0
253 silly fetch manifest slash@^3.0.0
254 silly placeDep ROOT babel-loader@8.3.0 OK for: react-scripts@5.0.1 want: ^8.2.3
255 silly fetch manifest find-cache-dir@^3.3.1
256 silly fetch manifest make-dir@^3.1.0
257 silly fetch manifest schema-utils@^2.6.5
258 silly placeDep ROOT babel-plugin-named-asset-import@0.3.8 OK for: react-scripts@5.0.1 want: ^0.3.8
259 silly placeDep ROOT babel-preset-react-app@10.0.1 OK for: react-scripts@5.0.1 want: ^10.0.1
260 silly fetch manifest @babel/plugin-proposal-class-properties@^7.16.0
261 silly fetch manifest @babel/plugin-proposal-decorators@^7.16.4
262 silly fetch manifest @babel/plugin-proposal-nullish-coalescing-operator@^7.16.0
263 silly fetch manifest @babel/plugin-proposal-numeric-separator@^7.16.0
264 silly fetch manifest @babel/plugin-proposal-optional-chaining@^7.16.0
265 silly fetch manifest @babel/plugin-proposal-private-methods@^7.16.0
266 silly fetch manifest @babel/plugin-transform-flow-strip-types@^7.16.0
267 silly fetch manifest @babel/plugin-transform-react-display-name@^7.16.0
268 silly fetch manifest @babel/plugin-transform-runtime@^7.16.4
269 silly fetch manifest @babel/preset-env@^7.16.4
270 silly fetch manifest @babel/preset-react@^7.16.0
271 silly fetch manifest @babel/preset-typescript@^7.16.0
272 silly fetch manifest @babel/runtime@^7.16.3
273 silly fetch manifest babel-plugin-macros@^3.1.0
274 silly fetch manifest babel-plugin-transform-react-remove-prop-types@^0.4.24
275 silly placeDep ROOT bfj@7.1.0 OK for: react-scripts@5.0.1 want: ^7.0.2
276 silly fetch manifest bluebird@^3.7.2
277 silly fetch manifest check-types@^11.2.3
278 silly fetch manifest hoopy@^0.1.4
279 silly fetch manifest jsonpath@^1.1.1
280 silly fetch manifest tryer@^1.0.1
281 silly placeDep ROOT browserslist@4.22.2 OK for: react-scripts@5.0.1 want: ^4.18.1
282 silly fetch manifest caniuse-lite@^1.0.30001565
283 silly fetch manifest electron-to-chromium@^1.4.601
284 silly fetch manifest node-releases@^2.0.14
285 silly fetch manifest update-browserslist-db@^1.0.13
286 silly placeDep ROOT camelcase@6.3.0 OK for: react-scripts@5.0.1 want: ^6.2.1
287 silly placeDep ROOT case-sensitive-paths-webpack-plugin@2.4.0 OK for: react-scripts@5.0.1 want: ^2.4.0
288 silly placeDep ROOT css-loader@6.8.1 OK for: react-scripts@5.0.1 want: ^6.5.1
289 silly fetch manifest icss-utils@^5.1.0
290 silly fetch manifest postcss@^8.4.21
291 silly fetch manifest postcss-modules-extract-imports@^3.0.0
292 silly fetch manifest postcss-modules-local-by-default@^4.0.3
293 silly fetch manifest postcss-modules-scope@^3.0.0
294 silly fetch manifest postcss-modules-values@^4.0.0
295 silly fetch manifest postcss-value-parser@^4.2.0
296 silly fetch manifest semver@^7.3.8
297 silly placeDep ROOT css-minimizer-webpack-plugin@3.4.1 OK for: react-scripts@5.0.1 want: ^3.2.0
298 silly fetch manifest cssnano@^5.0.6
299 silly fetch manifest jest-worker@^27.0.2
300 silly fetch manifest postcss@^8.3.5
301 silly fetch manifest schema-utils@^4.0.0
302 silly fetch manifest serialize-javascript@^6.0.0
303 silly fetch manifest source-map@^0.6.1
304 silly placeDep ROOT dotenv@10.0.0 OK for: react-scripts@5.0.1 want: ^10.0.0
305 silly placeDep ROOT dotenv-expand@5.1.0 OK for: react-scripts@5.0.1 want: ^5.1.0
306 silly placeDep ROOT eslint@8.56.0 OK for: react-scripts@5.0.1 want: ^8.3.0
307 silly fetch manifest @eslint-community/eslint-utils@^4.2.0
308 silly fetch manifest @eslint-community/regexpp@^4.6.1
309 silly fetch manifest @eslint/eslintrc@^2.1.4
310 silly fetch manifest @eslint/js@8.56.0
311 silly fetch manifest @humanwhocodes/config-array@^0.11.13
312 silly fetch manifest @humanwhocodes/module-importer@^1.0.1
313 silly fetch manifest @nodelib/fs.walk@^1.2.8
314 silly fetch manifest @ungap/structured-clone@^1.2.0
315 silly fetch manifest ajv@^6.12.4
316 silly fetch manifest cross-spawn@^7.0.2
317 silly fetch manifest debug@^4.3.2
318 silly fetch manifest doctrine@^3.0.0
319 silly fetch manifest escape-string-regexp@^4.0.0
320 silly fetch manifest eslint-scope@^7.2.2
321 silly fetch manifest eslint-visitor-keys@^3.4.3
322 silly fetch manifest espree@^9.6.1
323 silly fetch manifest esquery@^1.4.2
324 silly fetch manifest esutils@^2.0.2
325 silly fetch manifest fast-deep-equal@^3.1.3
326 silly fetch manifest file-entry-cache@^6.0.1
327 silly fetch manifest glob-parent@^6.0.2
328 silly fetch manifest globals@^13.19.0
329 silly fetch manifest graphemer@^1.4.0
330 silly fetch manifest ignore@^5.2.0
331 silly fetch manifest imurmurhash@^0.1.4
332 silly fetch manifest is-glob@^4.0.0
333 silly fetch manifest is-path-inside@^3.0.3
334 silly fetch manifest js-yaml@^4.1.0
335 silly fetch manifest json-stable-stringify-without-jsonify@^1.0.1
336 silly fetch manifest levn@^0.4.1
337 silly fetch manifest lodash.merge@^4.6.2
338 silly fetch manifest minimatch@^3.1.2
339 silly fetch manifest natural-compare@^1.4.0
340 silly fetch manifest optionator@^0.9.3
341 silly fetch manifest strip-ansi@^6.0.1
342 silly fetch manifest text-table@^0.2.0
343 silly placeDep ROOT eslint-config-react-app@7.0.1 OK for: react-scripts@5.0.1 want: ^7.0.1
344 silly fetch manifest @babel/eslint-parser@^7.16.3
345 silly fetch manifest @rushstack/eslint-patch@^1.1.0
346 silly fetch manifest @typescript-eslint/eslint-plugin@^5.5.0
347 silly fetch manifest @typescript-eslint/parser@^5.5.0
348 silly fetch manifest confusing-browser-globals@^1.0.11
349 silly fetch manifest eslint-plugin-flowtype@^8.0.3
350 silly fetch manifest eslint-plugin-import@^2.25.3
351 silly fetch manifest eslint-plugin-jest@^25.3.0
352 silly fetch manifest eslint-plugin-jsx-a11y@^6.5.1
353 silly fetch manifest eslint-plugin-react@^7.27.1
354 silly fetch manifest eslint-plugin-react-hooks@^4.3.0
355 silly fetch manifest eslint-plugin-testing-library@^5.0.1
356 silly placeDep ROOT eslint-webpack-plugin@3.2.0 OK for: react-scripts@5.0.1 want: ^3.1.1
357 silly fetch manifest @types/eslint@^7.29.0 || ^8.4.1
358 silly fetch manifest jest-worker@^28.0.2
359 silly fetch manifest micromatch@^4.0.5
360 silly fetch manifest normalize-path@^3.0.0
361 silly placeDep ROOT file-loader@6.2.0 OK for: react-scripts@5.0.1 want: ^6.2.0
362 silly placeDep ROOT fs-extra@10.1.0 OK for: react-scripts@5.0.1 want: ^10.0.0
363 silly fetch manifest graceful-fs@^4.2.0
364 silly fetch manifest jsonfile@^6.0.1
365 silly fetch manifest universalify@^2.0.0
366 silly placeDep ROOT fsevents@2.3.3 OK for: react-scripts@5.0.1 want: ^2.3.2
367 silly placeDep ROOT html-webpack-plugin@5.5.4 OK for: react-scripts@5.0.1 want: ^5.5.0
368 silly fetch manifest @types/html-minifier-terser@^6.0.0
369 silly fetch manifest html-minifier-terser@^6.0.2
370 silly fetch manifest lodash@^4.17.21
371 silly fetch manifest pretty-error@^4.0.0
372 silly fetch manifest tapable@^2.0.0
373 silly placeDep ROOT identity-obj-proxy@3.0.0 OK for: react-scripts@5.0.1 want: ^3.0.0
374 silly fetch manifest harmony-reflect@^1.4.6
375 silly placeDep ROOT jest@27.5.1 OK for: react-scripts@5.0.1 want: ^27.4.3
376 silly fetch manifest @jest/core@^27.5.1
377 silly fetch manifest import-local@^3.0.2
378 silly fetch manifest jest-cli@^27.5.1
379 silly placeDep ROOT jest-resolve@27.5.1 OK for: react-scripts@5.0.1 want: ^27.4.2
380 silly fetch manifest jest-haste-map@^27.5.1
381 silly fetch manifest jest-pnp-resolver@^1.2.2
382 silly fetch manifest jest-util@^27.5.1
383 silly fetch manifest jest-validate@^27.5.1
384 silly fetch manifest resolve.exports@^1.1.0
385 silly placeDep ROOT jest-watch-typeahead@1.1.0 OK for: react-scripts@5.0.1 want: ^1.0.0
386 silly fetch manifest ansi-escapes@^4.3.1
387 silly fetch manifest jest-regex-util@^28.0.0
388 silly fetch manifest jest-watcher@^28.0.0
389 silly fetch manifest slash@^4.0.0
390 silly fetch manifest string-length@^5.0.1
391 silly fetch manifest strip-ansi@^7.0.1
392 silly placeDep ROOT mini-css-extract-plugin@2.7.6 OK for: react-scripts@5.0.1 want: ^2.4.5
393 silly placeDep ROOT postcss@8.4.32 OK for: react-scripts@5.0.1 want: ^8.4.4
394 silly fetch manifest nanoid@^3.3.7
395 silly fetch manifest picocolors@^1.0.0
396 silly fetch manifest source-map-js@^1.0.2
397 silly placeDep ROOT postcss-flexbugs-fixes@5.0.2 OK for: react-scripts@5.0.1 want: ^5.0.2
398 silly placeDep ROOT postcss-loader@6.2.1 OK for: react-scripts@5.0.1 want: ^6.2.1
399 silly fetch manifest cosmiconfig@^7.0.0
400 silly fetch manifest klona@^2.0.5
401 silly placeDep ROOT postcss-normalize@10.0.1 OK for: react-scripts@5.0.1 want: ^10.0.1
402 silly fetch manifest @csstools/normalize.css@*
403 silly fetch manifest postcss-browser-comments@^4
404 silly fetch manifest sanitize.css@*
405 silly placeDep ROOT postcss-preset-env@7.8.3 OK for: react-scripts@5.0.1 want: ^7.0.1
406 silly fetch manifest @csstools/postcss-cascade-layers@^1.1.1
407 silly fetch manifest @csstools/postcss-color-function@^1.1.1
408 silly fetch manifest @csstools/postcss-font-format-keywords@^1.0.1
409 silly fetch manifest @csstools/postcss-hwb-function@^1.0.2
410 silly fetch manifest @csstools/postcss-ic-unit@^1.0.1
411 silly fetch manifest @csstools/postcss-is-pseudo-class@^2.0.7
412 silly fetch manifest @csstools/postcss-nested-calc@^1.0.0
413 silly fetch manifest @csstools/postcss-normalize-display-values@^1.0.1
414 silly fetch manifest @csstools/postcss-oklab-function@^1.1.1
415 silly fetch manifest @csstools/postcss-progressive-custom-properties@^1.3.0
416 silly fetch manifest @csstools/postcss-stepped-value-functions@^1.0.1
417 silly fetch manifest @csstools/postcss-text-decoration-shorthand@^1.0.0
418 silly fetch manifest @csstools/postcss-trigonometric-functions@^1.0.2
419 silly fetch manifest @csstools/postcss-unset-value@^1.0.2
420 silly fetch manifest autoprefixer@^10.4.13
421 silly fetch manifest css-blank-pseudo@^3.0.3
422 silly fetch manifest css-has-pseudo@^3.0.4
423 silly fetch manifest css-prefers-color-scheme@^6.0.3
424 silly fetch manifest cssdb@^7.1.0
425 silly fetch manifest postcss-attribute-case-insensitive@^5.0.2
426 silly fetch manifest postcss-clamp@^4.1.0
427 silly fetch manifest postcss-color-functional-notation@^4.2.4
428 silly fetch manifest postcss-color-hex-alpha@^8.0.4
429 silly fetch manifest postcss-color-rebeccapurple@^7.1.1
430 silly fetch manifest postcss-custom-media@^8.0.2
431 silly fetch manifest postcss-custom-properties@^12.1.10
432 silly fetch manifest postcss-custom-selectors@^6.0.3
433 silly fetch manifest postcss-dir-pseudo-class@^6.0.5
434 silly fetch manifest postcss-double-position-gradients@^3.1.2
435 silly fetch manifest postcss-env-function@^4.0.6
436 silly fetch manifest postcss-focus-visible@^6.0.4
437 silly fetch manifest postcss-focus-within@^5.0.4
438 silly fetch manifest postcss-font-variant@^5.0.0
439 silly fetch manifest postcss-gap-properties@^3.0.5
440 silly fetch manifest postcss-image-set-function@^4.0.7
441 silly fetch manifest postcss-initial@^4.0.1
442 silly fetch manifest postcss-lab-function@^4.2.1
443 silly fetch manifest postcss-logical@^5.0.4
444 silly fetch manifest postcss-media-minmax@^5.0.0
445 silly fetch manifest postcss-nesting@^10.2.0
446 silly fetch manifest postcss-opacity-percentage@^1.1.2
447 silly fetch manifest postcss-overflow-shorthand@^3.0.4
448 silly fetch manifest postcss-page-break@^3.0.4
449 silly fetch manifest postcss-place@^7.0.5
450 silly fetch manifest postcss-pseudo-class-any-link@^7.1.6
451 silly fetch manifest postcss-replace-overflow-wrap@^4.0.0
452 silly fetch manifest postcss-selector-not@^6.0.1
453 silly placeDep ROOT prompts@2.4.2 OK for: react-scripts@5.0.1 want: ^2.4.2
454 silly fetch manifest kleur@^3.0.3
455 silly fetch manifest sisteransi@^1.0.5
456 silly placeDep ROOT react-app-polyfill@3.0.0 OK for: react-scripts@5.0.1 want: ^3.0.0
457 silly fetch manifest core-js@^3.19.2
458 silly fetch manifest object-assign@^4.1.1
459 silly fetch manifest promise@^8.1.0
460 silly fetch manifest raf@^3.4.1
461 silly fetch manifest regenerator-runtime@^0.13.9
462 silly fetch manifest whatwg-fetch@^3.6.2
463 silly placeDep ROOT react-dev-utils@12.0.1 OK for: react-scripts@5.0.1 want: ^12.0.1
464 silly fetch manifest @babel/code-frame@^7.16.0
465 silly fetch manifest address@^1.1.2
466 silly fetch manifest chalk@^4.1.2
467 silly fetch manifest cross-spawn@^7.0.3
468 silly fetch manifest detect-port-alt@^1.1.6
469 silly fetch manifest filesize@^8.0.6
470 silly fetch manifest fork-ts-checker-webpack-plugin@^6.5.0
471 silly fetch manifest global-modules@^2.0.0
472 silly fetch manifest globby@^11.0.4
473 silly fetch manifest gzip-size@^6.0.0
474 silly fetch manifest immer@^9.0.7
475 silly fetch manifest is-root@^2.1.0
476 silly fetch manifest loader-utils@^3.2.0
477 silly fetch manifest open@^8.4.0
478 silly fetch manifest pkg-up@^3.1.0
479 silly fetch manifest react-error-overlay@^6.0.11
480 silly fetch manifest recursive-readdir@^2.2.2
481 silly fetch manifest shell-quote@^1.7.3
482 silly placeDep ROOT resolve@1.22.8 OK for: react-scripts@5.0.1 want: ^1.20.0
483 silly fetch manifest is-core-module@^2.13.0
484 silly fetch manifest path-parse@^1.0.7
485 silly fetch manifest supports-preserve-symlinks-flag@^1.0.0
486 silly placeDep ROOT resolve-url-loader@4.0.0 OK for: react-scripts@5.0.1 want: ^4.0.0
487 silly fetch manifest adjust-sourcemap-loader@^4.0.0
488 silly fetch manifest convert-source-map@^1.7.0
489 silly fetch manifest postcss@^7.0.35
490 silly fetch manifest source-map@0.6.1
491 silly placeDep ROOT sass-loader@12.6.0 OK for: react-scripts@5.0.1 want: ^12.3.0
492 silly fetch manifest klona@^2.0.4
493 silly placeDep ROOT semver@7.5.4 OK for: react-scripts@5.0.1 want: ^7.3.5
494 silly fetch manifest lru-cache@^6.0.0
495 silly placeDep ROOT source-map-loader@3.0.2 OK for: react-scripts@5.0.1 want: ^3.0.0
496 silly fetch manifest abab@^2.0.5
497 silly fetch manifest iconv-lite@^0.6.3
498 silly fetch manifest source-map-js@^1.0.1
499 silly placeDep ROOT style-loader@3.3.3 OK for: react-scripts@5.0.1 want: ^3.3.1
500 silly placeDep ROOT tailwindcss@3.3.6 OK for: react-scripts@5.0.1 want: ^3.0.2
501 silly fetch manifest @alloc/quick-lru@^5.2.0
502 silly fetch manifest arg@^5.0.2
503 silly fetch manifest chokidar@^3.5.3
504 silly fetch manifest didyoumean@^1.2.2
505 silly fetch manifest dlv@^1.1.3
506 silly fetch manifest fast-glob@^3.3.0
507 silly fetch manifest is-glob@^4.0.3
508 silly fetch manifest jiti@^1.19.1
509 silly fetch manifest lilconfig@^2.1.0
510 silly fetch manifest object-hash@^3.0.0
511 silly fetch manifest postcss-import@^15.1.0
512 silly fetch manifest postcss-js@^4.0.1
513 silly fetch manifest postcss-load-config@^4.0.1
514 silly fetch manifest postcss-nested@^6.0.1
515 silly fetch manifest postcss-selector-parser@^6.0.11
516 silly fetch manifest sucrase@^3.32.0
517 silly placeDep ROOT terser-webpack-plugin@5.3.9 OK for: react-scripts@5.0.1 want: ^5.2.5
518 silly fetch manifest @jridgewell/trace-mapping@^0.3.17
519 silly fetch manifest jest-worker@^27.4.5
520 silly fetch manifest schema-utils@^3.1.1
521 silly fetch manifest serialize-javascript@^6.0.1
522 silly fetch manifest terser@^5.16.8
523 silly placeDep ROOT webpack-dev-server@4.15.1 OK for: react-scripts@5.0.1 want: ^4.6.0
524 silly fetch manifest @types/bonjour@^3.5.9
525 silly fetch manifest @types/connect-history-api-fallback@^1.3.5
526 silly fetch manifest @types/express@^4.17.13
527 silly fetch manifest @types/serve-index@^1.9.1
528 silly fetch manifest @types/serve-static@^1.13.10
529 silly fetch manifest @types/sockjs@^0.3.33
530 silly fetch manifest @types/ws@^8.5.5
531 silly fetch manifest bonjour-service@^1.0.11
532 silly fetch manifest colorette@^2.0.10
533 silly fetch manifest compression@^1.7.4
534 silly fetch manifest connect-history-api-fallback@^2.0.0
535 silly fetch manifest default-gateway@^6.0.3
536 silly fetch manifest express@^4.17.3
537 silly fetch manifest graceful-fs@^4.2.6
538 silly fetch manifest html-entities@^2.3.2
539 silly fetch manifest http-proxy-middleware@^2.0.3
540 silly fetch manifest ipaddr.js@^2.0.1
541 silly fetch manifest launch-editor@^2.6.0
542 silly fetch manifest open@^8.0.9
543 silly fetch manifest p-retry@^4.5.0
544 silly fetch manifest rimraf@^3.0.2
545 silly fetch manifest selfsigned@^2.1.1
546 silly fetch manifest serve-index@^1.9.1
547 silly fetch manifest sockjs@^0.3.24
548 silly fetch manifest spdy@^4.0.2
549 silly fetch manifest webpack-dev-middleware@^5.3.1
550 silly fetch manifest ws@^8.13.0
551 silly placeDep ROOT webpack-manifest-plugin@4.1.1 OK for: react-scripts@5.0.1 want: ^4.0.2
552 silly fetch manifest webpack-sources@^2.2.0
553 silly placeDep ROOT workbox-webpack-plugin@6.6.0 OK for: react-scripts@5.0.1 want: ^6.4.1
554 silly fetch manifest fast-json-stable-stringify@^2.1.0
555 silly fetch manifest pretty-bytes@^5.4.1
556 silly fetch manifest upath@^1.2.0
557 silly fetch manifest webpack-sources@^1.4.3
558 silly fetch manifest workbox-build@6.6.0
559 http fetch GET 200 https://registry.npmjs.org/chalk 505ms (cache hit)
560 http fetch GET 200 https://registry.npmjs.org/minimatch 428ms (cache hit)
561 http fetch GET 200 https://registry.npmjs.org/graceful-fs 528ms (cache hit)
562 http fetch GET 200 https://registry.npmjs.org/debug 553ms (cache hit)
563 http fetch GET 200 https://registry.npmjs.org/graceful-fs 413ms (cache hit)
564 http fetch GET 200 https://registry.npmjs.org/debug 455ms (cache hit)
565 http fetch GET 200 https://registry.npmjs.org/universalify 414ms (cache hit)
566 http fetch GET 200 https://registry.npmjs.org/sisteransi 337ms (cache hit)
567 http fetch GET 200 https://registry.npmjs.org/jsonfile 415ms (cache hit)
568 http fetch GET 200 https://registry.npmjs.org/graceful-fs 269ms (cache hit)
569 http fetch GET 200 https://registry.npmjs.org/kleur 339ms (cache hit)
570 http fetch GET 200 https://registry.npmjs.org/cross-spawn 334ms (cache hit)
571 http fetch GET 200 https://registry.npmjs.org/cross-spawn 462ms (cache hit)
572 http fetch GET 200 https://registry.npmjs.org/chalk 336ms (cache hit)
573 http fetch GET 200 https://registry.npmjs.org/rimraf 263ms (cache hit)
574 http fetch GET 200 https://registry.npmjs.org/lru-cache 311ms (cache hit)
575 http fetch GET 200 https://registry.npmjs.org/gensync 3118ms (cache miss)
576 http fetch GET 200 https://registry.npmjs.org/ansi-html-community 3108ms (cache miss)
577 http fetch GET 200 https://registry.npmjs.org/common-path-prefix 3139ms (cache miss)
578 http fetch GET 200 https://registry.npmjs.org/convert-source-map 3153ms (cache miss)
579 http fetch GET 200 https://registry.npmjs.org/json5 3179ms (cache miss)
580 http fetch GET 200 https://registry.npmjs.org/@ampproject%2fremapping 3251ms (cache miss)
581 http fetch GET 200 https://registry.npmjs.org/find-up 3259ms (cache miss)
582 http fetch GET 200 https://registry.npmjs.org/@babel%2fcode-frame 3279ms (cache miss)
583 http fetch GET 200 https://registry.npmjs.org/@babel%2ftemplate 3380ms (cache miss)
584 http fetch GET 200 https://registry.npmjs.org/html-entities 3366ms (cache miss)
585 http fetch GET 200 https://registry.npmjs.org/loader-utils 3367ms (cache miss)
586 http fetch GET 200 https://registry.npmjs.org/error-stack-parser 3370ms (cache miss)
587 http fetch GET 200 https://registry.npmjs.org/@babel%2fhelper-compilation-targets 3390ms (cache miss)
588 http fetch GET 200 https://registry.npmjs.org/@types%2feslint-scope 3394ms (cache miss)
589 http fetch GET 200 https://registry.npmjs.org/schema-utils 3395ms (cache miss)
590 http fetch GET 200 https://registry.npmjs.org/@babel%2fgenerator 3446ms (cache miss)
591 http fetch GET 200 https://registry.npmjs.org/@babel%2fhelpers 3457ms (cache miss)
592 http fetch GET 200 https://registry.npmjs.org/source-map 3439ms (cache miss)
593 http fetch GET 200 https://registry.npmjs.org/chrome-trace-event 3469ms (cache miss)
594 http fetch GET 200 https://registry.npmjs.org/acorn-import-assertions 3472ms (cache miss)
595 http fetch GET 200 https://registry.npmjs.org/@babel%2ftraverse 3505ms (cache miss)
596 http fetch GET 200 https://registry.npmjs.org/@babel%2fhelper-module-transforms 3515ms (cache miss)
597 http fetch GET 200 https://registry.npmjs.org/@types%2festree 3520ms (cache miss)
598 http fetch GET 200 https://registry.npmjs.org/acorn 3554ms (cache miss)
599 http fetch GET 200 https://registry.npmjs.org/enhanced-resolve 3554ms (cache miss)
600 http fetch GET 200 https://registry.npmjs.org/core-js-pure 3568ms (cache miss)
601 http fetch GET 200 https://registry.npmjs.org/eslint-scope 3568ms (cache miss)
602 http fetch GET 200 https://registry.npmjs.org/@babel%2fparser 3604ms (cache miss)
603 http fetch GET 200 https://registry.npmjs.org/@webassemblyjs%2fwasm-edit 3586ms (cache miss)
604 http fetch GET 200 https://registry.npmjs.org/events 3583ms (cache miss)
605 http fetch GET 200 https://registry.npmjs.org/@webassemblyjs%2fast 3590ms (cache miss)
606 http fetch GET 200 https://registry.npmjs.org/json-parse-even-better-errors 3584ms (cache miss)
607 http fetch GET 200 https://registry.npmjs.org/glob-to-regexp 3586ms (cache miss)
608 http fetch GET 200 https://registry.npmjs.org/@babel%2ftypes 3612ms (cache miss)
609 http fetch GET 200 https://registry.npmjs.org/@webassemblyjs%2fwasm-parser 3596ms (cache miss)
610 http fetch GET 200 https://registry.npmjs.org/es-module-lexer 3597ms (cache miss)
611 http fetch GET 200 https://registry.npmjs.org/neo-async 3646ms (cache miss)
612 http fetch GET 200 https://registry.npmjs.org/schema-utils 3661ms (cache miss)
613 http fetch GET 200 https://registry.npmjs.org/watchpack 3661ms (cache miss)
614 http fetch GET 200 https://registry.npmjs.org/tapable 3664ms (cache miss)
615 http fetch GET 200 https://registry.npmjs.org/mime-types 3697ms (cache miss)
616 http fetch GET 200 https://registry.npmjs.org/webpack-sources 3695ms (cache miss)
617 http fetch GET 200 https://registry.npmjs.org/loader-utils 3698ms (cache miss)
618 http fetch GET 200 https://registry.npmjs.org/@svgr%2fplugin-svgo 3727ms (cache miss)
619 http fetch GET 200 https://registry.npmjs.org/@svgr%2fplugin-jsx 3728ms (cache miss)
620 http fetch GET 200 https://registry.npmjs.org/@babel%2fpreset-react 3742ms (cache miss)
621 http fetch GET 200 https://registry.npmjs.org/@types%2fbabel__core 3744ms (cache miss)
622 http fetch GET 200 https://registry.npmjs.org/@babel%2fplugin-transform-react-constant-elements 3761ms (cache miss)
623 http fetch GET 200 https://registry.npmjs.org/babel-plugin-istanbul 3758ms (cache miss)
624 http fetch GET 200 https://registry.npmjs.org/loader-runner 3816ms (cache miss)
625 http fetch GET 200 https://registry.npmjs.org/slash 3798ms (cache miss)
626 http fetch GET 200 https://registry.npmjs.org/@svgr%2fcore 3843ms (cache miss)
627 http fetch GET 200 https://registry.npmjs.org/make-dir 3873ms (cache miss)
628 http fetch GET 200 https://registry.npmjs.org/babel-preset-jest 4129ms (cache miss)
629 http fetch GET 200 https://registry.npmjs.org/@babel%2fpreset-env 4182ms (cache miss)
630 http fetch GET 200 https://registry.npmjs.org/schema-utils 4285ms (cache miss)
631 http fetch GET 200 https://registry.npmjs.org/@babel%2fplugin-proposal-private-methods 4324ms (cache miss)
632 http fetch GET 200 https://registry.npmjs.org/@babel%2fplugin-proposal-numeric-separator 4328ms (cache miss)
633 http fetch GET 200 https://registry.npmjs.org/@babel%2fplugin-proposal-class-properties 4340ms (cache miss)
634 http fetch GET 200 https://registry.npmjs.org/@babel%2fplugin-proposal-decorators 4342ms (cache miss)
635 http fetch GET 200 https://registry.npmjs.org/@jest%2ftypes 4354ms (cache miss)
636 http fetch GET 200 https://registry.npmjs.org/@babel%2fplugin-proposal-nullish-coalescing-operator 4351ms (cache miss)
637 http fetch GET 200 https://registry.npmjs.org/@babel%2fplugin-transform-react-display-name 4475ms (cache miss)
638 http fetch GET 200 https://registry.npmjs.org/@babel%2fplugin-proposal-optional-chaining 4479ms (cache miss)
639 http fetch GET 200 https://registry.npmjs.org/@babel%2fpreset-react 4477ms (cache miss)
640 http fetch GET 200 https://registry.npmjs.org/@jest%2ftransform 4494ms (cache miss)
641 http fetch GET 200 https://registry.npmjs.org/babel-plugin-macros 4478ms (cache miss)
642 http fetch GET 200 https://registry.npmjs.org/babel-plugin-transform-react-remove-prop-types 4480ms (cache miss)
643 http fetch GET 200 https://registry.npmjs.org/hoopy 4479ms (cache miss)
644 http fetch GET 200 https://registry.npmjs.org/bluebird 4558ms (cache miss)
645 http fetch GET 200 https://registry.npmjs.org/@babel%2fplugin-transform-flow-strip-types 4577ms (cache miss)
646 http fetch GET 200 https://registry.npmjs.org/check-types 4566ms (cache miss)
647 http fetch GET 200 https://registry.npmjs.org/@babel%2fplugin-transform-runtime 4586ms (cache miss)
648 http fetch GET 200 https://registry.npmjs.org/icss-utils 4571ms (cache miss)
649 http fetch GET 200 https://registry.npmjs.org/update-browserslist-db 4579ms (cache miss)
650 http fetch GET 200 https://registry.npmjs.org/jsonpath 4613ms (cache miss)
651 http fetch GET 200 https://registry.npmjs.org/tryer 4615ms (cache miss)
652 http fetch GET 200 https://registry.npmjs.org/@babel%2fpreset-env 4673ms (cache miss)
653 http fetch GET 200 https://registry.npmjs.org/postcss-modules-local-by-default 4661ms (cache miss)
654 http fetch GET 200 https://registry.npmjs.org/postcss-modules-extract-imports 4662ms (cache miss)
655 http fetch GET 200 https://registry.npmjs.org/postcss-modules-scope 4662ms (cache miss)
656 http fetch GET 200 https://registry.npmjs.org/postcss-value-parser 4663ms (cache miss)
657 http fetch GET 200 https://registry.npmjs.org/node-releases 4697ms (cache miss)
658 http fetch GET 200 https://registry.npmjs.org/schema-utils 4741ms (cache miss)
659 http fetch GET 200 https://registry.npmjs.org/serialize-javascript 4747ms (cache miss)
660 http fetch GET 200 https://registry.npmjs.org/source-map 4756ms (cache miss)
661 http fetch GET 200 https://registry.npmjs.org/@eslint-community%2feslint-utils 4757ms (cache miss)
662 http fetch GET 200 https://registry.npmjs.org/cssnano 4778ms (cache miss)
663 http fetch GET 200 https://registry.npmjs.org/@eslint-community%2fregexpp 4778ms (cache miss)
664 http fetch GET 200 https://registry.npmjs.org/find-cache-dir 4815ms (cache miss)
665 http fetch GET 200 https://registry.npmjs.org/@eslint%2fjs 4857ms (cache miss)
666 http fetch GET 200 https://registry.npmjs.org/@eslint%2feslintrc 4858ms (cache miss)
667 http fetch GET 200 https://registry.npmjs.org/@humanwhocodes%2fmodule-importer 4858ms (cache miss)
668 http fetch GET 200 https://registry.npmjs.org/postcss-modules-values 4875ms (cache miss)
669 http fetch GET 200 https://registry.npmjs.org/@nodelib%2ffs.walk 4869ms (cache miss)
670 http fetch GET 200 https://registry.npmjs.org/escape-string-regexp 4854ms (cache miss)
671 http fetch GET 200 https://registry.npmjs.org/jest-worker 4905ms (cache miss)
672 http fetch GET 200 https://registry.npmjs.org/doctrine 4911ms (cache miss)
673 http fetch GET 200 https://registry.npmjs.org/eslint-scope 4937ms (cache miss)
674 http fetch GET 200 https://registry.npmjs.org/eslint-visitor-keys 4937ms (cache miss)
675 http fetch GET 200 https://registry.npmjs.org/@humanwhocodes%2fconfig-array 4958ms (cache miss)
676 http fetch GET 200 https://registry.npmjs.org/esutils 4937ms (cache miss)
677 http fetch GET 200 https://registry.npmjs.org/esquery 4939ms (cache miss)
678 http fetch GET 200 https://registry.npmjs.org/espree 4946ms (cache miss)
679 http fetch GET 200 https://registry.npmjs.org/@ungap%2fstructured-clone 4959ms (cache miss)
680 http fetch GET 200 https://registry.npmjs.org/fast-deep-equal 4941ms (cache miss)
681 http fetch GET 200 https://registry.npmjs.org/file-entry-cache 5028ms (cache miss)
682 http fetch GET 200 https://registry.npmjs.org/glob-parent 5028ms (cache miss)
683 http fetch GET 200 https://registry.npmjs.org/is-glob 5027ms (cache miss)
684 http fetch GET 200 https://registry.npmjs.org/graphemer 5031ms (cache miss)
685 http fetch GET 200 https://registry.npmjs.org/json-stable-stringify-without-jsonify 5028ms (cache miss)
686 http fetch GET 200 https://registry.npmjs.org/imurmurhash 5031ms (cache miss)
687 http fetch GET 200 https://registry.npmjs.org/is-path-inside 5055ms (cache miss)
688 http fetch GET 200 https://registry.npmjs.org/ajv 5080ms (cache miss)
689 http fetch GET 200 https://registry.npmjs.org/globals 5075ms (cache miss)
690 http fetch GET 200 https://registry.npmjs.org/ignore 5081ms (cache miss)
691 http fetch GET 200 https://registry.npmjs.org/js-yaml 5097ms (cache miss)
692 http fetch GET 200 https://registry.npmjs.org/levn 5131ms (cache miss)
693 http fetch GET 200 https://registry.npmjs.org/natural-compare 5131ms (cache miss)
694 http fetch GET 200 https://registry.npmjs.org/strip-ansi 5131ms (cache miss)
695 http fetch GET 200 https://registry.npmjs.org/optionator 5132ms (cache miss)
696 http fetch GET 200 https://registry.npmjs.org/text-table 5131ms (cache miss)
697 http fetch GET 200 https://registry.npmjs.org/lodash.merge 5134ms (cache miss)
698 http fetch GET 200 https://registry.npmjs.org/@rushstack%2feslint-patch 5177ms (cache miss)
699 http fetch GET 200 https://registry.npmjs.org/@babel%2feslint-parser 5193ms (cache miss)
700 http fetch GET 200 https://registry.npmjs.org/eslint-plugin-import 5301ms (cache miss)
701 http fetch GET 200 https://registry.npmjs.org/@types%2feslint 5505ms (cache miss)
702 http fetch GET 200 https://registry.npmjs.org/@babel%2fpreset-typescript 5657ms (cache miss)
703 http fetch GET 200 https://registry.npmjs.org/eslint-plugin-jsx-a11y 5585ms (cache miss)
704 http fetch GET 200 https://registry.npmjs.org/micromatch 5614ms (cache miss)
705 http fetch GET 200 https://registry.npmjs.org/@babel%2fruntime 5715ms (cache miss)
706 http fetch GET 200 https://registry.npmjs.org/eslint-plugin-testing-library 5646ms (cache miss)
707 http fetch GET 200 https://registry.npmjs.org/caniuse-lite 5733ms (cache miss)
708 http fetch GET 200 https://registry.npmjs.org/@types%2fhtml-minifier-terser 5704ms (cache miss)
709 http fetch GET 200 https://registry.npmjs.org/normalize-path 5716ms (cache miss)
710 http fetch GET 200 https://registry.npmjs.org/eslint-plugin-flowtype 5729ms (cache miss)
711 http fetch GET 200 https://registry.npmjs.org/html-minifier-terser 5717ms (cache miss)
712 http fetch GET 200 https://registry.npmjs.org/jest-worker 5731ms (cache miss)
713 http fetch GET 200 https://registry.npmjs.org/eslint-plugin-react 5799ms (cache miss)
714 http fetch GET 200 https://registry.npmjs.org/tapable 5804ms (cache miss)
715 http fetch GET 200 https://registry.npmjs.org/lodash 5820ms (cache miss)
716 http fetch GET 200 https://registry.npmjs.org/import-local 5817ms (cache miss)
717 http fetch GET 200 https://registry.npmjs.org/pretty-error 5824ms (cache miss)
718 http fetch GET 200 https://registry.npmjs.org/eslint-plugin-jest 5856ms (cache miss)
719 http fetch GET 200 https://registry.npmjs.org/harmony-reflect 5858ms (cache miss)
720 http fetch GET 200 https://registry.npmjs.org/jest-pnp-resolver 5897ms (cache miss)
721 http fetch GET 200 https://registry.npmjs.org/resolve.exports 5951ms (cache miss)
722 http fetch GET 200 https://registry.npmjs.org/ansi-escapes 5997ms (cache miss)
723 http fetch GET 200 https://registry.npmjs.org/strip-ansi 6621ms (cache miss)
724 http fetch GET 200 https://registry.npmjs.org/string-length 6623ms (cache miss)
725 http fetch GET 200 https://registry.npmjs.org/slash 7394ms (cache miss)
726 http fetch GET 200 https://registry.npmjs.org/picocolors 7427ms (cache miss)
727 http fetch GET 200 https://registry.npmjs.org/nanoid 7477ms (cache miss)
728 http fetch GET 200 https://registry.npmjs.org/jest-haste-map 7495ms (cache miss)
729 http fetch GET 200 https://registry.npmjs.org/jest-regex-util 7491ms (cache miss)
730 http fetch GET 200 https://registry.npmjs.org/@jest%2fcore 7508ms (cache miss)
731 http fetch GET 200 https://registry.npmjs.org/jest-validate 7505ms (cache miss)
732 http fetch GET 200 https://registry.npmjs.org/source-map-js 7503ms (cache miss)
733 http fetch GET 200 https://registry.npmjs.org/jest-util 7519ms (cache miss)
734 http fetch GET 200 https://registry.npmjs.org/jest-watcher 7545ms (cache miss)
735 http fetch GET 200 https://registry.npmjs.org/cosmiconfig 7600ms (cache miss)
736 http fetch GET 200 https://registry.npmjs.org/postcss-browser-comments 7622ms (cache miss)
737 http fetch GET 200 https://registry.npmjs.org/@csstools%2fnormalize.css 7624ms (cache miss)
738 http fetch GET 200 https://registry.npmjs.org/klona 7633ms (cache miss)
739 http fetch GET 200 https://registry.npmjs.org/@csstools%2fpostcss-font-format-keywords 7660ms (cache miss)
740 http fetch GET 200 https://registry.npmjs.org/@csstools%2fpostcss-color-function 7661ms (cache miss)
741 http fetch GET 200 https://registry.npmjs.org/sanitize.css 7694ms (cache miss)
742 http fetch GET 200 https://registry.npmjs.org/@csstools%2fpostcss-hwb-function 7733ms (cache miss)
743 http fetch GET 200 https://registry.npmjs.org/@csstools%2fpostcss-cascade-layers 7736ms (cache miss)
744 http fetch GET 200 https://registry.npmjs.org/jest-cli 7772ms (cache miss)
745 http fetch GET 200 https://registry.npmjs.org/@csstools%2fpostcss-ic-unit 7748ms (cache miss)
746 http fetch GET 200 https://registry.npmjs.org/@csstools%2fpostcss-progressive-custom-properties 7828ms (cache miss)
747 http fetch GET 200 https://registry.npmjs.org/@csstools%2fpostcss-normalize-display-values 7830ms (cache miss)
748 http fetch GET 200 https://registry.npmjs.org/@csstools%2fpostcss-oklab-function 7831ms (cache miss)
749 http fetch GET 200 https://registry.npmjs.org/@csstools%2fpostcss-nested-calc 7832ms (cache miss)
750 http fetch GET 200 https://registry.npmjs.org/@csstools%2fpostcss-stepped-value-functions 7919ms (cache miss)
751 http fetch GET 200 https://registry.npmjs.org/@csstools%2fpostcss-is-pseudo-class 7922ms (cache miss)
752 http fetch GET 200 https://registry.npmjs.org/@csstools%2fpostcss-unset-value 7932ms (cache miss)
753 http fetch GET 200 https://registry.npmjs.org/@csstools%2fpostcss-text-decoration-shorthand 7967ms (cache miss)
754 http fetch GET 200 https://registry.npmjs.org/css-has-pseudo 7966ms (cache miss)
755 http fetch GET 200 https://registry.npmjs.org/css-blank-pseudo 7969ms (cache miss)
756 http fetch GET 200 https://registry.npmjs.org/css-prefers-color-scheme 7980ms (cache miss)
757 http fetch GET 200 https://registry.npmjs.org/@csstools%2fpostcss-trigonometric-functions 8018ms (cache miss)
758 http fetch GET 200 https://registry.npmjs.org/postcss-clamp 8021ms (cache miss)
759 http fetch GET 200 https://registry.npmjs.org/cssdb 8024ms (cache miss)
760 http fetch GET 200 https://registry.npmjs.org/postcss-attribute-case-insensitive 8027ms (cache miss)
761 http fetch GET 200 https://registry.npmjs.org/autoprefixer 8207ms (cache miss)
762 http fetch GET 200 https://registry.npmjs.org/postcss-custom-media 8213ms (cache miss)
763 http fetch GET 200 https://registry.npmjs.org/postcss-color-hex-alpha 8234ms (cache miss)
764 http fetch GET 200 https://registry.npmjs.org/postcss-color-rebeccapurple 8235ms (cache miss)
765 http fetch GET 200 https://registry.npmjs.org/postcss-dir-pseudo-class 8234ms (cache miss)
766 http fetch GET 200 https://registry.npmjs.org/postcss-double-position-gradients 8271ms (cache miss)
767 http fetch GET 200 https://registry.npmjs.org/postcss-env-function 8272ms (cache miss)
768 http fetch GET 200 https://registry.npmjs.org/postcss-font-variant 8317ms (cache miss)
769 http fetch GET 200 https://registry.npmjs.org/postcss-image-set-function 8320ms (cache miss)
770 http fetch GET 200 https://registry.npmjs.org/postcss-focus-visible 8323ms (cache miss)
771 http fetch GET 200 https://registry.npmjs.org/postcss-gap-properties 8327ms (cache miss)
772 http fetch GET 200 https://registry.npmjs.org/postcss-color-functional-notation 8375ms (cache miss)
773 http fetch GET 200 https://registry.npmjs.org/postcss-focus-within 8373ms (cache miss)
774 http fetch GET 200 https://registry.npmjs.org/postcss-initial 8401ms (cache miss)
775 http fetch GET 200 https://registry.npmjs.org/postcss-media-minmax 8401ms (cache miss)
776 http fetch GET 200 https://registry.npmjs.org/postcss-logical 8401ms (cache miss)
777 http fetch GET 200 https://registry.npmjs.org/postcss-lab-function 8403ms (cache miss)
778 http fetch GET 200 https://registry.npmjs.org/postcss-opacity-percentage 8431ms (cache miss)
779 http fetch GET 200 https://registry.npmjs.org/postcss-nesting 8437ms (cache miss)
780 http fetch GET 200 https://registry.npmjs.org/postcss-page-break 8431ms (cache miss)
781 http fetch GET 200 https://registry.npmjs.org/postcss-overflow-shorthand 8484ms (cache miss)
782 http fetch GET 200 https://registry.npmjs.org/postcss-custom-selectors 8531ms (cache miss)
783 http fetch GET 200 https://registry.npmjs.org/postcss-replace-overflow-wrap 8519ms (cache miss)
784 http fetch GET 200 https://registry.npmjs.org/postcss-pseudo-class-any-link 8522ms (cache miss)
785 http fetch GET 200 https://registry.npmjs.org/postcss-selector-not 8522ms (cache miss)
786 http fetch GET 200 https://registry.npmjs.org/postcss-place 8526ms (cache miss)
787 http fetch GET 200 https://registry.npmjs.org/object-assign 8523ms (cache miss)
788 http fetch GET 200 https://registry.npmjs.org/promise 8593ms (cache miss)
789 http fetch GET 200 https://registry.npmjs.org/confusing-browser-globals 8762ms (cache miss)
790 http fetch GET 200 https://registry.npmjs.org/address 8683ms (cache miss)
791 http fetch GET 200 https://registry.npmjs.org/raf 8688ms (cache miss)
792 http fetch GET 200 https://registry.npmjs.org/regenerator-runtime 8688ms (cache miss)
793 http fetch GET 200 https://registry.npmjs.org/postcss-custom-properties 8735ms (cache miss)
794 http fetch GET 200 https://registry.npmjs.org/detect-port-alt 8712ms (cache miss)
795 http fetch GET 200 https://registry.npmjs.org/whatwg-fetch 8718ms (cache miss)
796 http fetch GET 200 https://registry.npmjs.org/@babel%2fcode-frame 8859ms (cache miss)
797 http fetch GET 200 https://registry.npmjs.org/filesize 8859ms (cache miss)
798 http fetch GET 200 https://registry.npmjs.org/global-modules 8855ms (cache miss)
799 http fetch GET 200 https://registry.npmjs.org/core-js 8884ms (cache miss)
800 http fetch GET 200 https://registry.npmjs.org/eslint-plugin-react-hooks 8996ms (cache miss)
801 http fetch GET 200 https://registry.npmjs.org/gzip-size 8904ms (cache miss)
802 http fetch GET 200 https://registry.npmjs.org/loader-utils 8914ms (cache miss)
803 http fetch GET 200 https://registry.npmjs.org/pkg-up 8974ms (cache miss)
804 http fetch GET 200 https://registry.npmjs.org/recursive-readdir 8981ms (cache miss)
805 http fetch GET 200 https://registry.npmjs.org/open 9001ms (cache miss)
806 http fetch GET 200 https://registry.npmjs.org/globby 9007ms (cache miss)
807 http fetch GET 200 https://registry.npmjs.org/supports-preserve-symlinks-flag 9109ms (cache miss)
808 http fetch GET 200 https://registry.npmjs.org/react-error-overlay 9113ms (cache miss)
809 http fetch GET 200 https://registry.npmjs.org/is-core-module 9112ms (cache miss)
810 http fetch GET 200 https://registry.npmjs.org/is-root 9118ms (cache miss)
811 http fetch GET 200 https://registry.npmjs.org/path-parse 9112ms (cache miss)
812 http fetch GET 200 https://registry.npmjs.org/shell-quote 9206ms (cache miss)
813 http fetch GET 200 https://registry.npmjs.org/convert-source-map 9218ms (cache miss)
814 http fetch GET 200 https://registry.npmjs.org/source-map-js 9208ms (cache miss)
815 http fetch GET 200 https://registry.npmjs.org/klona 9215ms (cache miss)
816 http fetch GET 200 https://registry.npmjs.org/source-map 9219ms (cache miss)
817 http fetch GET 200 https://registry.npmjs.org/iconv-lite 9213ms (cache miss)
818 http fetch GET 200 https://registry.npmjs.org/arg 9275ms (cache miss)
819 http fetch GET 200 https://registry.npmjs.org/abab 9281ms (cache miss)
820 http fetch GET 200 https://registry.npmjs.org/fork-ts-checker-webpack-plugin 9304ms (cache miss)
821 http fetch GET 200 https://registry.npmjs.org/@alloc%2fquick-lru 9338ms (cache miss)
822 http fetch GET 200 https://registry.npmjs.org/is-glob 9390ms (cache miss)
823 http fetch GET 200 https://registry.npmjs.org/dlv 9395ms (cache miss)
824 http fetch GET 200 https://registry.npmjs.org/immer 9509ms (cache miss)
825 http fetch GET 200 https://registry.npmjs.org/didyoumean 9488ms (cache miss)
826 http fetch GET 200 https://registry.npmjs.org/adjust-sourcemap-loader 9507ms (cache miss)
827 http fetch GET 200 https://registry.npmjs.org/object-hash 9502ms (cache miss)
828 http fetch GET 200 https://registry.npmjs.org/chokidar 9533ms (cache miss)
829 http fetch GET 200 https://registry.npmjs.org/lilconfig 9532ms (cache miss)
830 http fetch GET 200 https://registry.npmjs.org/postcss-js 9539ms (cache miss)
831 http fetch GET 200 https://registry.npmjs.org/postcss-nested 9538ms (cache miss)
832 http fetch GET 200 https://registry.npmjs.org/postcss-load-config 9540ms (cache miss)
833 http fetch GET 200 https://registry.npmjs.org/jiti 9620ms (cache miss)
834 http fetch GET 200 https://registry.npmjs.org/schema-utils 9631ms (cache miss)
835 http fetch GET 200 https://registry.npmjs.org/fast-glob 9647ms (cache miss)
836 http fetch GET 200 https://registry.npmjs.org/serialize-javascript 9644ms (cache miss)
837 http fetch GET 200 https://registry.npmjs.org/postcss-selector-parser 9654ms (cache miss)
838 http fetch GET 200 https://registry.npmjs.org/@types%2fconnect-history-api-fallback 9671ms (cache miss)
839 http fetch GET 200 https://registry.npmjs.org/@types%2fbonjour 9745ms (cache miss)
840 http fetch GET 200 https://registry.npmjs.org/@types%2fexpress 9766ms (cache miss)
841 http fetch GET 200 https://registry.npmjs.org/@types%2fserve-static 9790ms (cache miss)
842 http fetch GET 200 https://registry.npmjs.org/@types%2fsockjs 9791ms (cache miss)
843 http fetch GET 200 https://registry.npmjs.org/@types%2fserve-index 9792ms (cache miss)
844 http fetch GET 200 https://registry.npmjs.org/bonjour-service 9797ms (cache miss)
845 http fetch GET 200 https://registry.npmjs.org/connect-history-api-fallback 9850ms (cache miss)
846 http fetch GET 200 https://registry.npmjs.org/colorette 9852ms (cache miss)
847 http fetch GET 200 https://registry.npmjs.org/compression 9857ms (cache miss)
848 http fetch GET 200 https://registry.npmjs.org/jest-worker 9874ms (cache miss)
849 http fetch GET 200 https://registry.npmjs.org/@types%2fws 9872ms (cache miss)
850 http fetch GET 200 https://registry.npmjs.org/default-gateway 9942ms (cache miss)
851 http fetch GET 200 https://registry.npmjs.org/html-entities 10029ms (cache miss)
852 http fetch GET 200 https://registry.npmjs.org/ipaddr.js 10030ms (cache miss)
853 http fetch GET 200 https://registry.npmjs.org/open 10056ms (cache miss)
854 http fetch GET 200 https://registry.npmjs.org/express 10069ms (cache miss)
855 http fetch GET 200 https://registry.npmjs.org/@jridgewell%2ftrace-mapping 10131ms (cache miss)
856 http fetch GET 200 https://registry.npmjs.org/http-proxy-middleware 10119ms (cache miss)
857 http fetch GET 200 https://registry.npmjs.org/serve-index 10135ms (cache miss)
858 http fetch GET 200 https://registry.npmjs.org/selfsigned 10201ms (cache miss)
859 http fetch GET 200 https://registry.npmjs.org/spdy 10258ms (cache miss)
860 http fetch GET 200 https://registry.npmjs.org/webpack-dev-middleware 10268ms (cache miss)
861 http fetch GET 200 https://registry.npmjs.org/fast-json-stable-stringify 10258ms (cache miss)
862 http fetch GET 200 https://registry.npmjs.org/pretty-bytes 10331ms (cache miss)
863 http fetch GET 200 https://registry.npmjs.org/ws 10352ms (cache miss)
864 http fetch GET 200 https://registry.npmjs.org/upath 10342ms (cache miss)
865 http fetch GET 200 https://registry.npmjs.org/terser 10397ms (cache miss)
866 http fetch GET 200 https://registry.npmjs.org/@typescript-eslint%2feslint-plugin 10595ms (cache miss)
867 http fetch GET 200 https://registry.npmjs.org/postcss-import 10522ms (cache miss)
868 http fetch GET 200 https://registry.npmjs.org/webpack-sources 10617ms (cache miss)
869 http fetch GET 200 https://registry.npmjs.org/webpack-sources 10724ms (cache miss)
870 http fetch GET 200 https://registry.npmjs.org/workbox-build 10721ms (cache miss)
871 http fetch GET 200 https://registry.npmjs.org/sucrase 10827ms (cache miss)
872 http fetch GET 200 https://registry.npmjs.org/launch-editor 11413ms (cache miss)
873 http fetch GET 200 https://registry.npmjs.org/sockjs 11439ms (cache miss)
874 http fetch GET 200 https://registry.npmjs.org/p-retry 11447ms (cache miss)
875 http fetch GET 200 https://registry.npmjs.org/electron-to-chromium 11834ms (cache miss)
876 http fetch GET 200 https://registry.npmjs.org/@typescript-eslint%2fparser 12782ms (cache miss)
877 timing idealTree:node_modules/react-scripts Completed in 22289ms
878 silly fetch manifest @babel/core@^7.0.0
879 silly placeDep ROOT @ampproject/remapping@2.2.1 OK for: @babel/core@7.23.6 want: ^2.2.0
880 silly fetch manifest @jridgewell/gen-mapping@^0.3.0
881 silly fetch manifest @jridgewell/trace-mapping@^0.3.9
882 silly placeDep ROOT @babel/code-frame@7.23.5 OK for: @babel/core@7.23.6 want: ^7.23.5
883 silly fetch manifest @babel/highlight@^7.23.4
884 silly fetch manifest chalk@^2.4.2
885 silly placeDep ROOT @babel/generator@7.23.6 OK for: @babel/core@7.23.6 want: ^7.23.6
886 silly fetch manifest @jridgewell/gen-mapping@^0.3.2
887 silly fetch manifest jsesc@^2.5.1
888 silly placeDep ROOT @babel/helper-compilation-targets@7.23.6 OK for: @babel/core@7.23.6 want: ^7.23.6
889 silly fetch manifest @babel/compat-data@^7.23.5
890 silly fetch manifest @babel/helper-validator-option@^7.23.5
891 silly fetch manifest lru-cache@^5.1.1
892 silly placeDep ROOT @babel/helper-module-transforms@7.23.3 OK for: @babel/core@7.23.6 want: ^7.23.3
893 silly fetch manifest @babel/helper-environment-visitor@^7.22.20
894 silly fetch manifest @babel/helper-module-imports@^7.22.15
895 silly fetch manifest @babel/helper-simple-access@^7.22.5
896 silly fetch manifest @babel/helper-split-export-declaration@^7.22.6
897 silly fetch manifest @babel/helper-validator-identifier@^7.22.20
898 silly placeDep ROOT @babel/helpers@7.23.6 OK for: @babel/core@7.23.6 want: ^7.23.6
899 silly placeDep ROOT @babel/parser@7.23.6 OK for: @babel/core@7.23.6 want: ^7.23.6
900 silly placeDep ROOT @babel/template@7.22.15 OK for: @babel/core@7.23.6 want: ^7.22.15
901 silly fetch manifest @babel/types@^7.22.15
902 silly placeDep ROOT @babel/traverse@7.23.6 OK for: @babel/core@7.23.6 want: ^7.23.6
903 silly fetch manifest @babel/helper-function-name@^7.23.0
904 silly fetch manifest @babel/helper-hoist-variables@^7.22.5
905 silly fetch manifest debug@^4.3.1
906 silly fetch manifest globals@^11.1.0
907 silly placeDep ROOT @babel/types@7.23.6 OK for: @babel/core@7.23.6 want: ^7.23.6
908 silly fetch manifest @babel/helper-string-parser@^7.23.4
909 silly fetch manifest to-fast-properties@^2.0.0
910 silly placeDep ROOT convert-source-map@2.0.0 OK for: @babel/core@7.23.6 want: ^2.0.0
911 silly placeDep ROOT debug@4.3.4 OK for: @babel/core@7.23.6 want: ^4.1.0
912 silly fetch manifest ms@2.1.2
913 silly placeDep ROOT gensync@1.0.0-beta.2 OK for: @babel/core@7.23.6 want: ^1.0.0-beta.2
914 silly placeDep ROOT json5@2.2.3 OK for: @babel/core@7.23.6 want: ^2.2.3
915 silly placeDep node_modules/@babel/core semver@6.3.1 OK for: @babel/core@7.23.6 want: ^6.3.1
916 http fetch GET 200 https://registry.npmjs.org/ms 29ms (cache hit)
917 http fetch GET 200 https://registry.npmjs.org/jsesc 121ms (cache miss)
918 http fetch GET 200 https://registry.npmjs.org/@jridgewell%2fgen-mapping 135ms (cache miss)
919 http fetch GET 200 https://registry.npmjs.org/@babel%2fhighlight 1093ms (cache miss)
920 http fetch GET 200 https://registry.npmjs.org/@jridgewell%2fgen-mapping 1182ms (cache miss)
921 http fetch GET 200 https://registry.npmjs.org/to-fast-properties 1162ms (cache miss)
922 http fetch GET 200 https://registry.npmjs.org/@babel%2fhelper-string-parser 1164ms (cache miss)
923 http fetch GET 200 https://registry.npmjs.org/@babel%2fcompat-data 1201ms (cache miss)
924 http fetch GET 200 https://registry.npmjs.org/@babel%2fhelper-hoist-variables 1192ms (cache miss)
925 http fetch GET 200 https://registry.npmjs.org/@babel%2fhelper-validator-identifier 1245ms (cache miss)
926 http fetch GET 200 https://registry.npmjs.org/@babel%2fhelper-environment-visitor 1264ms (cache miss)
927 http fetch GET 200 https://registry.npmjs.org/@babel%2fhelper-validator-option 1267ms (cache miss)
928 http fetch GET 200 https://registry.npmjs.org/@babel%2fhelper-split-export-declaration 1827ms (cache miss)
929 http fetch GET 200 https://registry.npmjs.org/@babel%2fhelper-simple-access 2056ms (cache miss)
930 http fetch GET 200 https://registry.npmjs.org/@babel%2fhelper-function-name 2051ms (cache miss)
931 http fetch GET 200 https://registry.npmjs.org/@babel%2fhelper-module-imports 2059ms (cache miss)
932 timing idealTree:node_modules/@babel/core Completed in 2078ms
933 silly placeDep ROOT @jridgewell/gen-mapping@0.3.3 OK for: @ampproject/remapping@2.2.1 want: ^0.3.0
934 silly fetch manifest @jridgewell/set-array@^1.0.1
935 silly fetch manifest @jridgewell/sourcemap-codec@^1.4.10
936 silly placeDep ROOT @jridgewell/trace-mapping@0.3.20 OK for: @ampproject/remapping@2.2.1 want: ^0.3.9
937 silly fetch manifest @jridgewell/resolve-uri@^3.1.0
938 silly fetch manifest @jridgewell/sourcemap-codec@^1.4.14
939 http fetch GET 200 https://registry.npmjs.org/@jridgewell%2fsourcemap-codec 133ms (cache miss)
940 http fetch GET 200 https://registry.npmjs.org/@jridgewell%2fset-array 135ms (cache miss)
941 http fetch GET 200 https://registry.npmjs.org/@jridgewell%2fresolve-uri 132ms (cache miss)
942 http fetch GET 200 https://registry.npmjs.org/@jridgewell%2fsourcemap-codec 388ms (cache miss)
943 timing idealTree:node_modules/@ampproject/remapping Completed in 394ms
944 silly placeDep ROOT @babel/highlight@7.23.4 OK for: @babel/code-frame@7.23.5 want: ^7.23.4
945 silly placeDep ROOT chalk@2.4.2 OK for: @babel/code-frame@7.23.5 want: ^2.4.2
946 silly fetch manifest ansi-styles@^3.2.1
947 silly fetch manifest escape-string-regexp@^1.0.5
948 silly fetch manifest supports-color@^5.3.0
949 http fetch GET 200 https://registry.npmjs.org/ansi-styles 13ms (cache hit)
950 http fetch GET 200 https://registry.npmjs.org/supports-color 13ms (cache hit)
951 timing idealTree:node_modules/@babel/code-frame Completed in 19ms
952 silly placeDep ROOT jsesc@2.5.2 OK for: @babel/generator@7.23.6 want: ^2.5.1
953 timing idealTree:node_modules/@babel/generator Completed in 1ms
954 silly placeDep ROOT @babel/compat-data@7.23.5 OK for: @babel/helper-compilation-targets@7.23.6 want: ^7.23.5
955 silly placeDep ROOT @babel/helper-validator-option@7.23.5 OK for: @babel/helper-compilation-targets@7.23.6 want: ^7.23.5
956 silly placeDep ROOT lru-cache@5.1.1 OK for: @babel/helper-compilation-targets@7.23.6 want: ^5.1.1
957 silly fetch manifest yallist@^3.0.2
958 silly placeDep node_modules/@babel/helper-compilation-targets semver@6.3.1 OK for: @babel/helper-compilation-targets@7.23.6 want: ^6.3.1
959 http fetch GET 200 https://registry.npmjs.org/yallist 9ms (cache hit)
960 timing idealTree:node_modules/@babel/helper-compilation-targets Completed in 13ms
961 timing idealTree:node_modules/@babel/compat-data Completed in 0ms
962 silly placeDep ROOT @babel/helper-environment-visitor@7.22.20 OK for: @babel/helper-module-transforms@7.23.3 want: ^7.22.20
963 silly placeDep ROOT @babel/helper-module-imports@7.22.15 OK for: @babel/helper-module-transforms@7.23.3 want: ^7.22.15
964 silly placeDep ROOT @babel/helper-simple-access@7.22.5 OK for: @babel/helper-module-transforms@7.23.3 want: ^7.22.5
965 silly placeDep ROOT @babel/helper-split-export-declaration@7.22.6 OK for: @babel/helper-module-transforms@7.23.3 want: ^7.22.6
966 silly placeDep ROOT @babel/helper-validator-identifier@7.22.20 OK for: @babel/helper-module-transforms@7.23.3 want: ^7.22.20
967 timing idealTree:node_modules/@babel/helper-module-transforms Completed in 6ms
968 timing idealTree:node_modules/@babel/helper-environment-visitor Completed in 0ms
969 timing idealTree:node_modules/@babel/helper-module-imports Completed in 0ms
970 timing idealTree:node_modules/@babel/helper-simple-access Completed in 0ms
971 timing idealTree:node_modules/@babel/helper-split-export-declaration Completed in 0ms
972 timing idealTree:node_modules/@babel/helper-validator-identifier Completed in 0ms
973 timing idealTree:node_modules/@babel/helper-validator-option Completed in 0ms
974 timing idealTree:node_modules/@babel/helpers Completed in 0ms
975 timing idealTree:node_modules/@babel/highlight Completed in 0ms
976 timing idealTree:node_modules/@babel/parser Completed in 0ms
977 timing idealTree:node_modules/@babel/template Completed in 0ms
978 silly placeDep ROOT @babel/helper-function-name@7.23.0 OK for: @babel/traverse@7.23.6 want: ^7.23.0
979 silly placeDep ROOT @babel/helper-hoist-variables@7.22.5 OK for: @babel/traverse@7.23.6 want: ^7.22.5
980 silly placeDep ROOT globals@11.12.0 OK for: @babel/traverse@7.23.6 want: ^11.1.0
981 timing idealTree:node_modules/@babel/traverse Completed in 4ms
982 timing idealTree:node_modules/@babel/helper-function-name Completed in 0ms
983 timing idealTree:node_modules/@babel/helper-hoist-variables Completed in 0ms
984 silly placeDep ROOT @babel/helper-string-parser@7.23.4 OK for: @babel/types@7.23.6 want: ^7.23.4
985 silly placeDep ROOT to-fast-properties@2.0.0 OK for: @babel/types@7.23.6 want: ^2.0.0
986 timing idealTree:node_modules/@babel/types Completed in 2ms
987 timing idealTree:node_modules/@babel/helper-string-parser Completed in 0ms
988 silly placeDep ROOT @jridgewell/set-array@1.1.2 OK for: @jridgewell/gen-mapping@0.3.3 want: ^1.0.1
989 silly placeDep ROOT @jridgewell/sourcemap-codec@1.4.15 OK for: @jridgewell/gen-mapping@0.3.3 want: ^1.4.10
990 timing idealTree:node_modules/@jridgewell/gen-mapping Completed in 2ms
991 timing idealTree:node_modules/@jridgewell/set-array Completed in 0ms
992 timing idealTree:node_modules/@jridgewell/sourcemap-codec Completed in 0ms
993 silly placeDep ROOT @jridgewell/resolve-uri@3.1.1 OK for: @jridgewell/trace-mapping@0.3.20 want: ^3.1.0
994 timing idealTree:node_modules/@jridgewell/trace-mapping Completed in 1ms
995 timing idealTree:node_modules/@jridgewell/resolve-uri Completed in 0ms
996 silly placeDep ROOT ansi-html-community@0.0.8 OK for: @pmmmwh/react-refresh-webpack-plugin@0.5.11 want: ^0.0.8
997 silly placeDep ROOT common-path-prefix@3.0.0 OK for: @pmmmwh/react-refresh-webpack-plugin@0.5.11 want: ^3.0.0
998 silly placeDep ROOT core-js-pure@3.34.0 OK for: @pmmmwh/react-refresh-webpack-plugin@0.5.11 want: ^3.23.3
999 silly placeDep ROOT error-stack-parser@2.1.4 OK for: @pmmmwh/react-refresh-webpack-plugin@0.5.11 want: ^2.0.6
1000 silly fetch manifest stackframe@^1.3.4
1001 silly placeDep ROOT find-up@5.0.0 OK for: @pmmmwh/react-refresh-webpack-plugin@0.5.11 want: ^5.0.0
1002 silly fetch manifest locate-path@^6.0.0
1003 silly fetch manifest path-exists@^4.0.0
1004 silly placeDep ROOT html-entities@2.4.0 OK for: @pmmmwh/react-refresh-webpack-plugin@0.5.11 want: ^2.1.0
1005 silly placeDep ROOT loader-utils@2.0.4 OK for: @pmmmwh/react-refresh-webpack-plugin@0.5.11 want: ^2.0.4
1006 silly fetch manifest big.js@^5.2.2
1007 silly fetch manifest emojis-list@^3.0.0
1008 silly placeDep ROOT schema-utils@3.3.0 OK for: @pmmmwh/react-refresh-webpack-plugin@0.5.11 want: ^3.0.0
1009 silly fetch manifest @types/json-schema@^7.0.8
1010 silly fetch manifest ajv@^6.12.5
1011 silly fetch manifest ajv-keywords@^3.5.2
1012 silly placeDep ROOT source-map@0.7.4 OK for: @pmmmwh/react-refresh-webpack-plugin@0.5.11 want: ^0.7.3
1013 http fetch GET 200 https://registry.npmjs.org/path-exists 151ms (cache miss)
1014 http fetch GET 200 https://registry.npmjs.org/stackframe 154ms (cache miss)
1015 http fetch GET 200 https://registry.npmjs.org/locate-path 153ms (cache miss)
1016 http fetch GET 200 https://registry.npmjs.org/big.js 1163ms (cache miss)
1017 http fetch GET 200 https://registry.npmjs.org/emojis-list 1188ms (cache miss)
1018 http fetch GET 200 https://registry.npmjs.org/ajv-keywords 1197ms (cache miss)
1019 http fetch GET 200 https://registry.npmjs.org/@types%2fjson-schema 1203ms (cache miss)
1020 timing idealTree:node_modules/@pmmmwh/react-refresh-webpack-plugin Completed in 1217ms
1021 silly fetch manifest @babel/core@^7.12.3
1022 silly placeDep ROOT @babel/plugin-transform-react-constant-elements@7.23.3 OK for: @svgr/webpack@5.5.0 want: ^7.12.1
1023 silly fetch manifest @babel/helper-plugin-utils@^7.22.5
1024 silly placeDep ROOT @babel/preset-env@7.23.6 OK for: @svgr/webpack@5.5.0 want: ^7.12.1
1025 silly fetch manifest @babel/plugin-bugfix-safari-id-destructuring-collision-in-function-expression@^7.23.3
1026 silly fetch manifest @babel/plugin-bugfix-v8-spread-parameters-in-optional-chaining@^7.23.3
1027 silly fetch manifest @babel/plugin-bugfix-v8-static-class-fields-redefine-readonly@^7.23.3
1028 silly fetch manifest @babel/plugin-proposal-private-property-in-object@7.21.0-placeholder-for-preset-env.2
1029 silly fetch manifest @babel/plugin-syntax-async-generators@^7.8.4
1030 silly fetch manifest @babel/plugin-syntax-class-properties@^7.12.13
1031 silly fetch manifest @babel/plugin-syntax-class-static-block@^7.14.5
1032 silly fetch manifest @babel/plugin-syntax-dynamic-import@^7.8.3
1033 silly fetch manifest @babel/plugin-syntax-export-namespace-from@^7.8.3
1034 silly fetch manifest @babel/plugin-syntax-import-assertions@^7.23.3
1035 silly fetch manifest @babel/plugin-syntax-import-attributes@^7.23.3
1036 silly fetch manifest @babel/plugin-syntax-import-meta@^7.10.4
1037 silly fetch manifest @babel/plugin-syntax-json-strings@^7.8.3
1038 silly fetch manifest @babel/plugin-syntax-logical-assignment-operators@^7.10.4
1039 silly fetch manifest @babel/plugin-syntax-nullish-coalescing-operator@^7.8.3
1040 silly fetch manifest @babel/plugin-syntax-numeric-separator@^7.10.4
1041 silly fetch manifest @babel/plugin-syntax-object-rest-spread@^7.8.3
1042 silly fetch manifest @babel/plugin-syntax-optional-catch-binding@^7.8.3
1043 silly fetch manifest @babel/plugin-syntax-optional-chaining@^7.8.3
1044 silly fetch manifest @babel/plugin-syntax-private-property-in-object@^7.14.5
1045 silly fetch manifest @babel/plugin-syntax-top-level-await@^7.14.5
1046 silly fetch manifest @babel/plugin-syntax-unicode-sets-regex@^7.18.6
1047 silly fetch manifest @babel/plugin-transform-arrow-functions@^7.23.3
1048 silly fetch manifest @babel/plugin-transform-async-generator-functions@^7.23.4
1049 silly fetch manifest @babel/plugin-transform-async-to-generator@^7.23.3
1050 silly fetch manifest @babel/plugin-transform-block-scoped-functions@^7.23.3
1051 silly fetch manifest @babel/plugin-transform-block-scoping@^7.23.4
1052 silly fetch manifest @babel/plugin-transform-class-properties@^7.23.3
1053 silly fetch manifest @babel/plugin-transform-class-static-block@^7.23.4
1054 silly fetch manifest @babel/plugin-transform-classes@^7.23.5
1055 silly fetch manifest @babel/plugin-transform-computed-properties@^7.23.3
1056 silly fetch manifest @babel/plugin-transform-destructuring@^7.23.3
1057 silly fetch manifest @babel/plugin-transform-dotall-regex@^7.23.3
1058 silly fetch manifest @babel/plugin-transform-duplicate-keys@^7.23.3
1059 silly fetch manifest @babel/plugin-transform-dynamic-import@^7.23.4
1060 silly fetch manifest @babel/plugin-transform-exponentiation-operator@^7.23.3
1061 silly fetch manifest @babel/plugin-transform-export-namespace-from@^7.23.4
1062 silly fetch manifest @babel/plugin-transform-for-of@^7.23.6
1063 silly fetch manifest @babel/plugin-transform-function-name@^7.23.3
1064 silly fetch manifest @babel/plugin-transform-json-strings@^7.23.4
1065 silly fetch manifest @babel/plugin-transform-literals@^7.23.3
1066 silly fetch manifest @babel/plugin-transform-logical-assignment-operators@^7.23.4
1067 silly fetch manifest @babel/plugin-transform-member-expression-literals@^7.23.3
1068 silly fetch manifest @babel/plugin-transform-modules-amd@^7.23.3
1069 silly fetch manifest @babel/plugin-transform-modules-commonjs@^7.23.3
1070 silly fetch manifest @babel/plugin-transform-modules-systemjs@^7.23.3
1071 silly fetch manifest @babel/plugin-transform-modules-umd@^7.23.3
1072 silly fetch manifest @babel/plugin-transform-named-capturing-groups-regex@^7.22.5
1073 silly fetch manifest @babel/plugin-transform-new-target@^7.23.3
1074 silly fetch manifest @babel/plugin-transform-nullish-coalescing-operator@^7.23.4
1075 silly fetch manifest @babel/plugin-transform-numeric-separator@^7.23.4
1076 silly fetch manifest @babel/plugin-transform-object-rest-spread@^7.23.4
1077 silly fetch manifest @babel/plugin-transform-object-super@^7.23.3
1078 silly fetch manifest @babel/plugin-transform-optional-catch-binding@^7.23.4
1079 silly fetch manifest @babel/plugin-transform-optional-chaining@^7.23.4
1080 silly fetch manifest @babel/plugin-transform-parameters@^7.23.3
1081 silly fetch manifest @babel/plugin-transform-private-methods@^7.23.3
1082 silly fetch manifest @babel/plugin-transform-private-property-in-object@^7.23.4
1083 silly fetch manifest @babel/plugin-transform-property-literals@^7.23.3
1084 silly fetch manifest @babel/plugin-transform-regenerator@^7.23.3
1085 silly fetch manifest @babel/plugin-transform-reserved-words@^7.23.3
1086 silly fetch manifest @babel/plugin-transform-shorthand-properties@^7.23.3
1087 silly fetch manifest @babel/plugin-transform-spread@^7.23.3
1088 silly fetch manifest @babel/plugin-transform-sticky-regex@^7.23.3
1089 silly fetch manifest @babel/plugin-transform-template-literals@^7.23.3
1090 silly fetch manifest @babel/plugin-transform-typeof-symbol@^7.23.3
1091 silly fetch manifest @babel/plugin-transform-unicode-escapes@^7.23.3
1092 silly fetch manifest @babel/plugin-transform-unicode-property-regex@^7.23.3
1093 silly fetch manifest @babel/plugin-transform-unicode-regex@^7.23.3
1094 silly fetch manifest @babel/plugin-transform-unicode-sets-regex@^7.23.3
1095 silly fetch manifest @babel/preset-modules@0.1.6-no-external-plugins
1096 silly fetch manifest babel-plugin-polyfill-corejs2@^0.4.6
1097 silly fetch manifest babel-plugin-polyfill-corejs3@^0.8.5
1098 silly fetch manifest babel-plugin-polyfill-regenerator@^0.5.3
1099 silly fetch manifest core-js-compat@^3.31.0
1100 silly placeDep ROOT @babel/preset-react@7.23.3 OK for: @svgr/webpack@5.5.0 want: ^7.12.5
1101 silly fetch manifest @babel/plugin-transform-react-display-name@^7.23.3
1102 silly fetch manifest @babel/plugin-transform-react-jsx@^7.22.15
1103 silly fetch manifest @babel/plugin-transform-react-jsx-development@^7.22.5
1104 silly fetch manifest @babel/plugin-transform-react-pure-annotations@^7.23.3
1105 silly placeDep ROOT @svgr/core@5.5.0 OK for: @svgr/webpack@5.5.0 want: ^5.5.0
1106 silly placeDep ROOT @svgr/plugin-jsx@5.5.0 OK for: @svgr/webpack@5.5.0 want: ^5.5.0
1107 silly fetch manifest @svgr/babel-preset@^5.5.0
1108 silly fetch manifest @svgr/hast-util-to-babel-ast@^5.5.0
1109 silly fetch manifest svg-parser@^2.0.2
1110 silly placeDep ROOT @svgr/plugin-svgo@5.5.0 OK for: @svgr/webpack@5.5.0 want: ^5.5.0
1111 silly fetch manifest deepmerge@^4.2.2
1112 silly fetch manifest svgo@^1.2.2
1113 http fetch GET 200 https://registry.npmjs.org/@babel%2fplugin-bugfix-safari-id-destructuring-collision-in-function-expression 720ms (cache miss)
1114 http fetch GET 200 https://registry.npmjs.org/@babel%2fplugin-syntax-class-static-block 725ms (cache miss)
1115 http fetch GET 200 https://registry.npmjs.org/@babel%2fplugin-bugfix-v8-static-class-fields-redefine-readonly 730ms (cache miss)
1116 http fetch GET 200 https://registry.npmjs.org/@babel%2fplugin-syntax-import-attributes 748ms (cache miss)
1117 http fetch GET 200 https://registry.npmjs.org/@babel%2fplugin-syntax-json-strings 747ms (cache miss)
1118 http fetch GET 200 https://registry.npmjs.org/@babel%2fplugin-syntax-export-namespace-from 759ms (cache miss)
1119 http fetch GET 200 https://registry.npmjs.org/@babel%2fplugin-syntax-async-generators 762ms (cache miss)
1120 http fetch GET 200 https://registry.npmjs.org/@babel%2fplugin-syntax-dynamic-import 762ms (cache miss)
1121 http fetch GET 200 https://registry.npmjs.org/@babel%2fplugin-syntax-logical-assignment-operators 794ms (cache miss)
1122 http fetch GET 200 https://registry.npmjs.org/@babel%2fplugin-syntax-class-properties 801ms (cache miss)
1123 http fetch GET 200 https://registry.npmjs.org/@babel%2fplugin-syntax-numeric-separator 799ms (cache miss)
1124 http fetch GET 200 https://registry.npmjs.org/@babel%2fplugin-bugfix-v8-spread-parameters-in-optional-chaining 807ms (cache miss)
1125 http fetch GET 200 https://registry.npmjs.org/@babel%2fplugin-proposal-private-property-in-object 807ms (cache miss)
1126 http fetch GET 200 https://registry.npmjs.org/@babel%2fhelper-plugin-utils 811ms (cache miss)
1127 http fetch GET 200 https://registry.npmjs.org/@babel%2fplugin-syntax-import-meta 803ms (cache miss)
1128 http fetch GET 200 https://registry.npmjs.org/@babel%2fplugin-syntax-nullish-coalescing-operator 804ms (cache miss)
1129 http fetch GET 200 https://registry.npmjs.org/@babel%2fplugin-syntax-unicode-sets-regex 959ms (cache miss)
1130 http fetch GET 200 https://registry.npmjs.org/@babel%2fplugin-syntax-top-level-await 968ms (cache miss)
1131 http fetch GET 200 https://registry.npmjs.org/@babel%2fplugin-syntax-optional-catch-binding 979ms (cache miss)
1132 http fetch GET 200 https://registry.npmjs.org/@babel%2fplugin-syntax-private-property-in-object 974ms (cache miss)
1133 http fetch GET 200 https://registry.npmjs.org/@babel%2fplugin-transform-class-static-block 977ms (cache miss)
1134 http fetch GET 200 https://registry.npmjs.org/@babel%2fplugin-transform-async-generator-functions 980ms (cache miss)
1135 http fetch GET 200 https://registry.npmjs.org/@babel%2fplugin-syntax-optional-chaining 992ms (cache miss)
1136 http fetch GET 200 https://registry.npmjs.org/@babel%2fplugin-transform-class-properties 990ms (cache miss)
1137 http fetch GET 200 https://registry.npmjs.org/@babel%2fplugin-syntax-object-rest-spread 1002ms (cache miss)
1138 http fetch GET 200 https://registry.npmjs.org/@babel%2fplugin-transform-block-scoped-functions 997ms (cache miss)
1139 http fetch GET 200 https://registry.npmjs.org/@babel%2fplugin-transform-arrow-functions 1000ms (cache miss)
1140 http fetch GET 200 https://registry.npmjs.org/@babel%2fplugin-transform-dynamic-import 1082ms (cache miss)
1141 http fetch GET 200 https://registry.npmjs.org/@babel%2fplugin-transform-json-strings 1101ms (cache miss)
1142 http fetch GET 200 https://registry.npmjs.org/@babel%2fplugin-transform-computed-properties 1176ms (cache miss)
1143 http fetch GET 200 https://registry.npmjs.org/@babel%2fplugin-transform-classes 1177ms (cache miss)
1144 http fetch GET 200 https://registry.npmjs.org/@babel%2fplugin-transform-duplicate-keys 1177ms (cache miss)
1145 http fetch GET 200 https://registry.npmjs.org/@babel%2fplugin-transform-async-to-generator 1183ms (cache miss)
1146 http fetch GET 200 https://registry.npmjs.org/@babel%2fplugin-transform-destructuring 1193ms (cache miss)
1147 http fetch GET 200 https://registry.npmjs.org/@babel%2fplugin-transform-dotall-regex 1199ms (cache miss)
1148 http fetch GET 200 https://registry.npmjs.org/@babel%2fplugin-syntax-import-assertions 1221ms (cache miss)
1149 http fetch GET 200 https://registry.npmjs.org/@babel%2fplugin-transform-logical-assignment-operators 1202ms (cache miss)
1150 http fetch GET 200 https://registry.npmjs.org/@babel%2fplugin-transform-block-scoping 1214ms (cache miss)
1151 http fetch GET 200 https://registry.npmjs.org/@babel%2fplugin-transform-function-name 1214ms (cache miss)
1152 http fetch GET 200 https://registry.npmjs.org/@babel%2fplugin-transform-member-expression-literals 1217ms (cache miss)
1153 http fetch GET 200 https://registry.npmjs.org/@babel%2fplugin-transform-literals 1219ms (cache miss)
1154 http fetch GET 200 https://registry.npmjs.org/@babel%2fplugin-transform-exponentiation-operator 1222ms (cache miss)
1155 http fetch GET 200 https://registry.npmjs.org/@babel%2fplugin-transform-for-of 1237ms (cache miss)
1156 http fetch GET 200 https://registry.npmjs.org/@babel%2fplugin-transform-named-capturing-groups-regex 1309ms (cache miss)
1157 http fetch GET 200 https://registry.npmjs.org/@babel%2fplugin-transform-nullish-coalescing-operator 1310ms (cache miss)
1158 http fetch GET 200 https://registry.npmjs.org/@babel%2fplugin-transform-numeric-separator 1311ms (cache miss)
1159 http fetch GET 200 https://registry.npmjs.org/@babel%2fplugin-transform-modules-systemjs 1339ms (cache miss)
1160 http fetch GET 200 https://registry.npmjs.org/@babel%2fplugin-transform-modules-umd 1341ms (cache miss)
1161 http fetch GET 200 https://registry.npmjs.org/@babel%2fplugin-transform-object-rest-spread 1341ms (cache miss)
1162 http fetch GET 200 https://registry.npmjs.org/@babel%2fplugin-transform-optional-chaining 1334ms (cache miss)
1163 http fetch GET 200 https://registry.npmjs.org/@babel%2fplugin-transform-optional-catch-binding 1335ms (cache miss)
1164 http fetch GET 200 https://registry.npmjs.org/@babel%2fplugin-transform-new-target 1345ms (cache miss)
1165 http fetch GET 200 https://registry.npmjs.org/@babel%2fplugin-transform-object-super 1356ms (cache miss)
1166 http fetch GET 200 https://registry.npmjs.org/@babel%2fplugin-transform-modules-amd 1379ms (cache miss)
1167 http fetch GET 200 https://registry.npmjs.org/@babel%2fplugin-transform-private-methods 1368ms (cache miss)
1168 http fetch GET 200 https://registry.npmjs.org/@babel%2fplugin-transform-parameters 1370ms (cache miss)
1169 http fetch GET 200 https://registry.npmjs.org/@babel%2fplugin-transform-modules-commonjs 1384ms (cache miss)
1170 http fetch GET 200 https://registry.npmjs.org/@babel%2fplugin-transform-property-literals 1409ms (cache miss)
1171 http fetch GET 200 https://registry.npmjs.org/@babel%2fplugin-transform-reserved-words 1410ms (cache miss)
1172 http fetch GET 200 https://registry.npmjs.org/@babel%2fplugin-transform-private-property-in-object 1417ms (cache miss)
1173 http fetch GET 200 https://registry.npmjs.org/@babel%2fplugin-transform-regenerator 1421ms (cache miss)
1174 http fetch GET 200 https://registry.npmjs.org/@babel%2fpreset-modules 1466ms (cache miss)
1175 http fetch GET 200 https://registry.npmjs.org/@babel%2fplugin-transform-template-literals 1496ms (cache miss)
1176 http fetch GET 200 https://registry.npmjs.org/@babel%2fplugin-transform-sticky-regex 1497ms (cache miss)
1177 http fetch GET 200 https://registry.npmjs.org/@babel%2fplugin-transform-unicode-sets-regex 1497ms (cache miss)
1178 http fetch GET 200 https://registry.npmjs.org/@babel%2fplugin-transform-unicode-property-regex 1498ms (cache miss)
1179 http fetch GET 200 https://registry.npmjs.org/babel-plugin-polyfill-corejs2 1497ms (cache miss)
1180 http fetch GET 200 https://registry.npmjs.org/babel-plugin-polyfill-corejs3 1527ms (cache miss)
1181 http fetch GET 200 https://registry.npmjs.org/babel-plugin-polyfill-regenerator 1563ms (cache miss)
1182 http fetch GET 200 https://registry.npmjs.org/@babel%2fplugin-transform-typeof-symbol 1568ms (cache miss)
1183 http fetch GET 200 https://registry.npmjs.org/@babel%2fplugin-transform-unicode-regex 1570ms (cache miss)
1184 http fetch GET 200 https://registry.npmjs.org/@babel%2fplugin-transform-react-jsx-development 1582ms (cache miss)
1185 http fetch GET 200 https://registry.npmjs.org/svg-parser 1578ms (cache miss)
1186 http fetch GET 200 https://registry.npmjs.org/@babel%2fplugin-transform-react-pure-annotations 1583ms (cache miss)
1187 http fetch GET 200 https://registry.npmjs.org/@svgr%2fhast-util-to-babel-ast 1599ms (cache miss)
1188 http fetch GET 200 https://registry.npmjs.org/@babel%2fplugin-transform-shorthand-properties 1665ms (cache miss)
1189 http fetch GET 200 https://registry.npmjs.org/core-js-compat 1660ms (cache miss)
1190 http fetch GET 200 https://registry.npmjs.org/deepmerge 1649ms (cache miss)
1191 http fetch GET 200 https://registry.npmjs.org/@svgr%2fbabel-preset 1664ms (cache miss)
1192 http fetch GET 200 https://registry.npmjs.org/svgo 1660ms (cache miss)
1193 http fetch GET 200 https://registry.npmjs.org/@babel%2fplugin-transform-react-jsx 1675ms (cache miss)
1194 http fetch GET 200 https://registry.npmjs.org/@babel%2fplugin-transform-export-namespace-from 2089ms (cache miss)
1195 http fetch GET 200 https://registry.npmjs.org/@babel%2fplugin-transform-unicode-escapes 3200ms (cache miss)
1196 http fetch GET 200 https://registry.npmjs.org/@babel%2fplugin-transform-spread 3400ms (cache miss)
1197 timing idealTree:node_modules/@svgr/webpack Completed in 3452ms
1198 silly placeDep ROOT @babel/helper-plugin-utils@7.22.5 OK for: @babel/plugin-transform-react-constant-elements@7.23.3 want: ^7.22.5
1199 timing idealTree:node_modules/@babel/plugin-transform-react-constant-elements Completed in 2ms
1200 timing idealTree:node_modules/@babel/helper-plugin-utils Completed in 0ms
1201 silly fetch manifest @babel/core@^7.0.0-0
1202 silly placeDep ROOT @babel/plugin-bugfix-safari-id-destructuring-collision-in-function-expression@7.23.3 OK for: @babel/preset-env@7.23.6 want: ^7.23.3
1203 silly placeDep ROOT @babel/plugin-bugfix-v8-spread-parameters-in-optional-chaining@7.23.3 OK for: @babel/preset-env@7.23.6 want: ^7.23.3
1204 silly fetch manifest @babel/helper-skip-transparent-expression-wrappers@^7.22.5
1205 silly fetch manifest @babel/plugin-transform-optional-chaining@^7.23.3
1206 silly placeDep ROOT @babel/plugin-bugfix-v8-static-class-fields-redefine-readonly@7.23.3 OK for: @babel/preset-env@7.23.6 want: ^7.23.3
1207 silly placeDep ROOT @babel/plugin-proposal-private-property-in-object@7.21.0-placeholder-for-preset-env.2 OK for: @babel/preset-env@7.23.6 want: 7.21.0-placeholder-for-preset-env.2
1208 silly placeDep ROOT @babel/plugin-syntax-async-generators@7.8.4 OK for: @babel/preset-env@7.23.6 want: ^7.8.4
1209 silly placeDep ROOT @babel/plugin-syntax-class-properties@7.12.13 OK for: @babel/preset-env@7.23.6 want: ^7.12.13
1210 silly placeDep ROOT @babel/plugin-syntax-class-static-block@7.14.5 OK for: @babel/preset-env@7.23.6 want: ^7.14.5
1211 silly placeDep ROOT @babel/plugin-syntax-dynamic-import@7.8.3 OK for: @babel/preset-env@7.23.6 want: ^7.8.3
1212 silly placeDep ROOT @babel/plugin-syntax-export-namespace-from@7.8.3 OK for: @babel/preset-env@7.23.6 want: ^7.8.3
1213 silly placeDep ROOT @babel/plugin-syntax-import-assertions@7.23.3 OK for: @babel/preset-env@7.23.6 want: ^7.23.3
1214 silly placeDep ROOT @babel/plugin-syntax-import-attributes@7.23.3 OK for: @babel/preset-env@7.23.6 want: ^7.23.3
1215 silly placeDep ROOT @babel/plugin-syntax-import-meta@7.10.4 OK for: @babel/preset-env@7.23.6 want: ^7.10.4
1216 silly placeDep ROOT @babel/plugin-syntax-json-strings@7.8.3 OK for: @babel/preset-env@7.23.6 want: ^7.8.3
1217 silly placeDep ROOT @babel/plugin-syntax-logical-assignment-operators@7.10.4 OK for: @babel/preset-env@7.23.6 want: ^7.10.4
1218 silly placeDep ROOT @babel/plugin-syntax-nullish-coalescing-operator@7.8.3 OK for: @babel/preset-env@7.23.6 want: ^7.8.3
1219 silly placeDep ROOT @babel/plugin-syntax-numeric-separator@7.10.4 OK for: @babel/preset-env@7.23.6 want: ^7.10.4
1220 silly placeDep ROOT @babel/plugin-syntax-object-rest-spread@7.8.3 OK for: @babel/preset-env@7.23.6 want: ^7.8.3
1221 silly placeDep ROOT @babel/plugin-syntax-optional-catch-binding@7.8.3 OK for: @babel/preset-env@7.23.6 want: ^7.8.3
1222 silly placeDep ROOT @babel/plugin-syntax-optional-chaining@7.8.3 OK for: @babel/preset-env@7.23.6 want: ^7.8.3
1223 silly placeDep ROOT @babel/plugin-syntax-private-property-in-object@7.14.5 OK for: @babel/preset-env@7.23.6 want: ^7.14.5
1224 silly placeDep ROOT @babel/plugin-syntax-top-level-await@7.14.5 OK for: @babel/preset-env@7.23.6 want: ^7.14.5
1225 silly placeDep ROOT @babel/plugin-syntax-unicode-sets-regex@7.18.6 OK for: @babel/preset-env@7.23.6 want: ^7.18.6
1226 silly fetch manifest @babel/helper-create-regexp-features-plugin@^7.18.6
1227 silly placeDep ROOT @babel/plugin-transform-arrow-functions@7.23.3 OK for: @babel/preset-env@7.23.6 want: ^7.23.3
1228 silly placeDep ROOT @babel/plugin-transform-async-generator-functions@7.23.4 OK for: @babel/preset-env@7.23.6 want: ^7.23.4
1229 silly fetch manifest @babel/helper-remap-async-to-generator@^7.22.20
1230 silly placeDep ROOT @babel/plugin-transform-async-to-generator@7.23.3 OK for: @babel/preset-env@7.23.6 want: ^7.23.3
1231 silly placeDep ROOT @babel/plugin-transform-block-scoped-functions@7.23.3 OK for: @babel/preset-env@7.23.6 want: ^7.23.3
1232 silly placeDep ROOT @babel/plugin-transform-block-scoping@7.23.4 OK for: @babel/preset-env@7.23.6 want: ^7.23.4
1233 silly placeDep ROOT @babel/plugin-transform-class-properties@7.23.3 OK for: @babel/preset-env@7.23.6 want: ^7.23.3
1234 silly fetch manifest @babel/helper-create-class-features-plugin@^7.22.15
1235 silly placeDep ROOT @babel/plugin-transform-class-static-block@7.23.4 OK for: @babel/preset-env@7.23.6 want: ^7.23.4
1236 silly placeDep ROOT @babel/plugin-transform-classes@7.23.5 OK for: @babel/preset-env@7.23.6 want: ^7.23.5
1237 silly fetch manifest @babel/helper-annotate-as-pure@^7.22.5
1238 silly fetch manifest @babel/helper-optimise-call-expression@^7.22.5
1239 silly fetch manifest @babel/helper-replace-supers@^7.22.20
1240 silly placeDep ROOT @babel/plugin-transform-computed-properties@7.23.3 OK for: @babel/preset-env@7.23.6 want: ^7.23.3
1241 silly placeDep ROOT @babel/plugin-transform-destructuring@7.23.3 OK for: @babel/preset-env@7.23.6 want: ^7.23.3
1242 silly placeDep ROOT @babel/plugin-transform-dotall-regex@7.23.3 OK for: @babel/preset-env@7.23.6 want: ^7.23.3
1243 silly fetch manifest @babel/helper-create-regexp-features-plugin@^7.22.15
1244 silly placeDep ROOT @babel/plugin-transform-duplicate-keys@7.23.3 OK for: @babel/preset-env@7.23.6 want: ^7.23.3
1245 silly placeDep ROOT @babel/plugin-transform-dynamic-import@7.23.4 OK for: @babel/preset-env@7.23.6 want: ^7.23.4
1246 silly placeDep ROOT @babel/plugin-transform-exponentiation-operator@7.23.3 OK for: @babel/preset-env@7.23.6 want: ^7.23.3
1247 silly fetch manifest @babel/helper-builder-binary-assignment-operator-visitor@^7.22.15
1248 silly placeDep ROOT @babel/plugin-transform-export-namespace-from@7.23.4 OK for: @babel/preset-env@7.23.6 want: ^7.23.4
1249 silly placeDep ROOT @babel/plugin-transform-for-of@7.23.6 OK for: @babel/preset-env@7.23.6 want: ^7.23.6
1250 silly placeDep ROOT @babel/plugin-transform-function-name@7.23.3 OK for: @babel/preset-env@7.23.6 want: ^7.23.3
1251 silly placeDep ROOT @babel/plugin-transform-json-strings@7.23.4 OK for: @babel/preset-env@7.23.6 want: ^7.23.4
1252 silly placeDep ROOT @babel/plugin-transform-literals@7.23.3 OK for: @babel/preset-env@7.23.6 want: ^7.23.3
1253 silly placeDep ROOT @babel/plugin-transform-logical-assignment-operators@7.23.4 OK for: @babel/preset-env@7.23.6 want: ^7.23.4
1254 silly placeDep ROOT @babel/plugin-transform-member-expression-literals@7.23.3 OK for: @babel/preset-env@7.23.6 want: ^7.23.3
1255 silly placeDep ROOT @babel/plugin-transform-modules-amd@7.23.3 OK for: @babel/preset-env@7.23.6 want: ^7.23.3
1256 silly placeDep ROOT @babel/plugin-transform-modules-commonjs@7.23.3 OK for: @babel/preset-env@7.23.6 want: ^7.23.3
1257 silly placeDep ROOT @babel/plugin-transform-modules-systemjs@7.23.3 OK for: @babel/preset-env@7.23.6 want: ^7.23.3
1258 silly placeDep ROOT @babel/plugin-transform-modules-umd@7.23.3 OK for: @babel/preset-env@7.23.6 want: ^7.23.3
1259 silly placeDep ROOT @babel/plugin-transform-named-capturing-groups-regex@7.22.5 OK for: @babel/preset-env@7.23.6 want: ^7.22.5
1260 silly fetch manifest @babel/helper-create-regexp-features-plugin@^7.22.5
1261 silly placeDep ROOT @babel/plugin-transform-new-target@7.23.3 OK for: @babel/preset-env@7.23.6 want: ^7.23.3
1262 silly placeDep ROOT @babel/plugin-transform-nullish-coalescing-operator@7.23.4 OK for: @babel/preset-env@7.23.6 want: ^7.23.4
1263 silly placeDep ROOT @babel/plugin-transform-numeric-separator@7.23.4 OK for: @babel/preset-env@7.23.6 want: ^7.23.4
1264 silly placeDep ROOT @babel/plugin-transform-object-rest-spread@7.23.4 OK for: @babel/preset-env@7.23.6 want: ^7.23.4
1265 silly placeDep ROOT @babel/plugin-transform-object-super@7.23.3 OK for: @babel/preset-env@7.23.6 want: ^7.23.3
1266 silly placeDep ROOT @babel/plugin-transform-optional-catch-binding@7.23.4 OK for: @babel/preset-env@7.23.6 want: ^7.23.4
1267 silly placeDep ROOT @babel/plugin-transform-optional-chaining@7.23.4 OK for: @babel/preset-env@7.23.6 want: ^7.23.4
1268 silly placeDep ROOT @babel/plugin-transform-parameters@7.23.3 OK for: @babel/preset-env@7.23.6 want: ^7.23.3
1269 silly placeDep ROOT @babel/plugin-transform-private-methods@7.23.3 OK for: @babel/preset-env@7.23.6 want: ^7.23.3
1270 silly placeDep ROOT @babel/plugin-transform-private-property-in-object@7.23.4 OK for: @babel/preset-env@7.23.6 want: ^7.23.4
1271 silly placeDep ROOT @babel/plugin-transform-property-literals@7.23.3 OK for: @babel/preset-env@7.23.6 want: ^7.23.3
1272 silly placeDep ROOT @babel/plugin-transform-regenerator@7.23.3 OK for: @babel/preset-env@7.23.6 want: ^7.23.3
1273 silly fetch manifest regenerator-transform@^0.15.2
1274 silly placeDep ROOT @babel/plugin-transform-reserved-words@7.23.3 OK for: @babel/preset-env@7.23.6 want: ^7.23.3
1275 silly placeDep ROOT @babel/plugin-transform-shorthand-properties@7.23.3 OK for: @babel/preset-env@7.23.6 want: ^7.23.3
1276 silly placeDep ROOT @babel/plugin-transform-spread@7.23.3 OK for: @babel/preset-env@7.23.6 want: ^7.23.3
1277 silly placeDep ROOT @babel/plugin-transform-sticky-regex@7.23.3 OK for: @babel/preset-env@7.23.6 want: ^7.23.3
1278 silly placeDep ROOT @babel/plugin-transform-template-literals@7.23.3 OK for: @babel/preset-env@7.23.6 want: ^7.23.3
1279 silly placeDep ROOT @babel/plugin-transform-typeof-symbol@7.23.3 OK for: @babel/preset-env@7.23.6 want: ^7.23.3
1280 silly placeDep ROOT @babel/plugin-transform-unicode-escapes@7.23.3 OK for: @babel/preset-env@7.23.6 want: ^7.23.3
1281 silly placeDep ROOT @babel/plugin-transform-unicode-property-regex@7.23.3 OK for: @babel/preset-env@7.23.6 want: ^7.23.3
1282 silly placeDep ROOT @babel/plugin-transform-unicode-regex@7.23.3 OK for: @babel/preset-env@7.23.6 want: ^7.23.3
1283 silly placeDep ROOT @babel/plugin-transform-unicode-sets-regex@7.23.3 OK for: @babel/preset-env@7.23.6 want: ^7.23.3
1284 silly placeDep ROOT @babel/preset-modules@0.1.6-no-external-plugins OK for: @babel/preset-env@7.23.6 want: 0.1.6-no-external-plugins
1285 silly placeDep ROOT babel-plugin-polyfill-corejs2@0.4.7 OK for: @babel/preset-env@7.23.6 want: ^0.4.6
1286 silly fetch manifest @babel/helper-define-polyfill-provider@^0.4.4
1287 silly placeDep ROOT babel-plugin-polyfill-corejs3@0.8.7 OK for: @babel/preset-env@7.23.6 want: ^0.8.5
1288 silly fetch manifest core-js-compat@^3.33.1
1289 silly placeDep ROOT babel-plugin-polyfill-regenerator@0.5.4 OK for: @babel/preset-env@7.23.6 want: ^0.5.3
1290 silly placeDep ROOT core-js-compat@3.34.0 OK for: @babel/preset-env@7.23.6 want: ^3.31.0
1291 silly placeDep node_modules/@babel/preset-env semver@6.3.1 OK for: @babel/preset-env@7.23.6 want: ^6.3.1
1292 http fetch GET 200 https://registry.npmjs.org/@babel%2fhelper-skip-transparent-expression-wrappers 414ms (cache miss)
1293 http fetch GET 200 https://registry.npmjs.org/@babel%2fhelper-define-polyfill-provider 439ms (cache miss)
1294 http fetch GET 200 https://registry.npmjs.org/@babel%2fhelper-create-regexp-features-plugin 502ms (cache miss)
1295 http fetch GET 200 https://registry.npmjs.org/regenerator-transform 460ms (cache miss)
1296 http fetch GET 200 https://registry.npmjs.org/@babel%2fhelper-remap-async-to-generator 523ms (cache miss)
1297 http fetch GET 200 https://registry.npmjs.org/@babel%2fhelper-create-regexp-features-plugin 528ms (cache miss)
1298 http fetch GET 200 https://registry.npmjs.org/@babel%2fhelper-annotate-as-pure 520ms (cache miss)
1299 http fetch GET 200 https://registry.npmjs.org/@babel%2fhelper-optimise-call-expression 522ms (cache miss)
1300 http fetch GET 200 https://registry.npmjs.org/@babel%2fhelper-create-class-features-plugin 543ms (cache miss)
1301 http fetch GET 200 https://registry.npmjs.org/@babel%2fhelper-builder-binary-assignment-operator-visitor 649ms (cache miss)
1302 http fetch GET 200 https://registry.npmjs.org/@babel%2fhelper-replace-supers 659ms (cache miss)
1303 http fetch GET 200 https://registry.npmjs.org/@babel%2fhelper-create-regexp-features-plugin 657ms (cache miss)
1304 timing idealTree:node_modules/@babel/preset-env Completed in 782ms
1305 timing idealTree:node_modules/@babel/plugin-bugfix-safari-id-destructuring-collision-in-function-expression Completed in 0ms
1306 silly placeDep ROOT @babel/helper-skip-transparent-expression-wrappers@7.22.5 OK for: @babel/plugin-bugfix-v8-spread-parameters-in-optional-chaining@7.23.3 want: ^7.22.5
1307 timing idealTree:node_modules/@babel/plugin-bugfix-v8-spread-parameters-in-optional-chaining Completed in 1ms
1308 timing idealTree:node_modules/@babel/helper-skip-transparent-expression-wrappers Completed in 0ms
1309 timing idealTree:node_modules/@babel/plugin-bugfix-v8-static-class-fields-redefine-readonly Completed in 0ms
1310 timing idealTree:node_modules/@babel/plugin-proposal-private-property-in-object Completed in 0ms
1311 timing idealTree:node_modules/@babel/plugin-syntax-async-generators Completed in 0ms
1312 timing idealTree:node_modules/@babel/plugin-syntax-class-properties Completed in 0ms
1313 timing idealTree:node_modules/@babel/plugin-syntax-class-static-block Completed in 0ms
1314 timing idealTree:node_modules/@babel/plugin-syntax-dynamic-import Completed in 0ms
1315 timing idealTree:node_modules/@babel/plugin-syntax-export-namespace-from Completed in 0ms
1316 timing idealTree:node_modules/@babel/plugin-syntax-import-assertions Completed in 0ms
1317 timing idealTree:node_modules/@babel/plugin-syntax-import-attributes Completed in 0ms
1318 timing idealTree:node_modules/@babel/plugin-syntax-import-meta Completed in 0ms
1319 timing idealTree:node_modules/@babel/plugin-syntax-json-strings Completed in 0ms
1320 timing idealTree:node_modules/@babel/plugin-syntax-logical-assignment-operators Completed in 0ms
1321 timing idealTree:node_modules/@babel/plugin-syntax-nullish-coalescing-operator Completed in 0ms
1322 timing idealTree:node_modules/@babel/plugin-syntax-numeric-separator Completed in 0ms
1323 timing idealTree:node_modules/@babel/plugin-syntax-object-rest-spread Completed in 0ms
1324 timing idealTree:node_modules/@babel/plugin-syntax-optional-catch-binding Completed in 0ms
1325 timing idealTree:node_modules/@babel/plugin-syntax-optional-chaining Completed in 0ms
1326 timing idealTree:node_modules/@babel/plugin-syntax-private-property-in-object Completed in 0ms
1327 timing idealTree:node_modules/@babel/plugin-syntax-top-level-await Completed in 0ms
1328 silly placeDep ROOT @babel/helper-create-regexp-features-plugin@7.22.15 OK for: @babel/plugin-syntax-unicode-sets-regex@7.18.6 want: ^7.18.6
1329 silly fetch manifest regexpu-core@^5.3.1
1330 http fetch GET 200 https://registry.npmjs.org/regexpu-core 209ms (cache miss)
1331 timing idealTree:node_modules/@babel/plugin-syntax-unicode-sets-regex Completed in 214ms
1332 silly placeDep ROOT @babel/helper-annotate-as-pure@7.22.5 OK for: @babel/helper-create-regexp-features-plugin@7.22.15 want: ^7.22.5
1333 silly placeDep ROOT regexpu-core@5.3.2 OK for: @babel/helper-create-regexp-features-plugin@7.22.15 want: ^5.3.1
1334 silly fetch manifest regenerate@^1.4.2
1335 silly fetch manifest regenerate-unicode-properties@^10.1.0
1336 silly fetch manifest @babel/regjsgen@^0.8.0
1337 silly fetch manifest regjsparser@^0.9.1
1338 silly fetch manifest unicode-match-property-ecmascript@^2.0.0
1339 silly fetch manifest unicode-match-property-value-ecmascript@^2.1.0
1340 silly placeDep node_modules/@babel/helper-create-regexp-features-plugin semver@6.3.1 OK for: @babel/helper-create-regexp-features-plugin@7.22.15 want: ^6.3.1
1341 http fetch GET 200 https://registry.npmjs.org/regjsparser 55ms (cache miss)
1342 http fetch GET 200 https://registry.npmjs.org/regenerate 64ms (cache miss)
1343 http fetch GET 200 https://registry.npmjs.org/unicode-match-property-value-ecmascript 61ms (cache miss)
1344 http fetch GET 200 https://registry.npmjs.org/@babel%2fregjsgen 97ms (cache miss)
1345 http fetch GET 200 https://registry.npmjs.org/regenerate-unicode-properties 98ms (cache miss)
1346 http fetch GET 200 https://registry.npmjs.org/unicode-match-property-ecmascript 97ms (cache miss)
1347 timing idealTree:node_modules/@babel/helper-create-regexp-features-plugin Completed in 103ms
1348 timing idealTree:node_modules/@babel/helper-annotate-as-pure Completed in 0ms
1349 timing idealTree:node_modules/@babel/plugin-transform-arrow-functions Completed in 0ms
1350 silly placeDep ROOT @babel/helper-remap-async-to-generator@7.22.20 OK for: @babel/plugin-transform-async-generator-functions@7.23.4 want: ^7.22.20
1351 silly fetch manifest @babel/helper-wrap-function@^7.22.20
1352 http fetch GET 200 https://registry.npmjs.org/@babel%2fhelper-wrap-function 118ms (cache miss)
1353 timing idealTree:node_modules/@babel/plugin-transform-async-generator-functions Completed in 122ms
1354 silly placeDep ROOT @babel/helper-wrap-function@7.22.20 OK for: @babel/helper-remap-async-to-generator@7.22.20 want: ^7.22.20
1355 timing idealTree:node_modules/@babel/helper-remap-async-to-generator Completed in 2ms
1356 timing idealTree:node_modules/@babel/helper-wrap-function Completed in 0ms
1357 timing idealTree:node_modules/@babel/plugin-transform-async-to-generator Completed in 0ms
1358 timing idealTree:node_modules/@babel/plugin-transform-block-scoped-functions Completed in 0ms
1359 timing idealTree:node_modules/@babel/plugin-transform-block-scoping Completed in 0ms
1360 silly placeDep ROOT @babel/helper-create-class-features-plugin@7.23.6 OK for: @babel/plugin-transform-class-properties@7.23.3 want: ^7.22.15
1361 silly fetch manifest @babel/helper-member-expression-to-functions@^7.23.0
1362 http fetch GET 200 https://registry.npmjs.org/@babel%2fhelper-member-expression-to-functions 517ms (cache miss)
1363 timing idealTree:node_modules/@babel/plugin-transform-class-properties Completed in 521ms
1364 silly placeDep ROOT @babel/helper-member-expression-to-functions@7.23.0 OK for: @babel/helper-create-class-features-plugin@7.23.6 want: ^7.23.0
1365 silly placeDep ROOT @babel/helper-optimise-call-expression@7.22.5 OK for: @babel/helper-create-class-features-plugin@7.23.6 want: ^7.22.5
1366 silly placeDep ROOT @babel/helper-replace-supers@7.22.20 OK for: @babel/helper-create-class-features-plugin@7.23.6 want: ^7.22.20
1367 silly placeDep node_modules/@babel/helper-create-class-features-plugin semver@6.3.1 OK for: @babel/helper-create-class-features-plugin@7.23.6 want: ^6.3.1
1368 timing idealTree:node_modules/@babel/helper-create-class-features-plugin Completed in 6ms
1369 timing idealTree:node_modules/@babel/helper-member-expression-to-functions Completed in 0ms
1370 timing idealTree:node_modules/@babel/helper-optimise-call-expression Completed in 0ms
1371 timing idealTree:node_modules/@babel/helper-replace-supers Completed in 0ms
1372 timing idealTree:node_modules/@babel/plugin-transform-class-static-block Completed in 0ms
1373 timing idealTree:node_modules/@babel/plugin-transform-classes Completed in 0ms
1374 timing idealTree:node_modules/@babel/plugin-transform-computed-properties Completed in 0ms
1375 timing idealTree:node_modules/@babel/plugin-transform-destructuring Completed in 0ms
1376 timing idealTree:node_modules/@babel/plugin-transform-dotall-regex Completed in 0ms
1377 timing idealTree:node_modules/@babel/plugin-transform-duplicate-keys Completed in 0ms
1378 timing idealTree:node_modules/@babel/plugin-transform-dynamic-import Completed in 0ms
1379 silly placeDep ROOT @babel/helper-builder-binary-assignment-operator-visitor@7.22.15 OK for: @babel/plugin-transform-exponentiation-operator@7.23.3 want: ^7.22.15
1380 timing idealTree:node_modules/@babel/plugin-transform-exponentiation-operator Completed in 2ms
1381 timing idealTree:node_modules/@babel/helper-builder-binary-assignment-operator-visitor Completed in 0ms
1382 timing idealTree:node_modules/@babel/plugin-transform-export-namespace-from Completed in 0ms
1383 timing idealTree:node_modules/@babel/plugin-transform-for-of Completed in 0ms
1384 timing idealTree:node_modules/@babel/plugin-transform-function-name Completed in 0ms
1385 timing idealTree:node_modules/@babel/plugin-transform-json-strings Completed in 0ms
1386 timing idealTree:node_modules/@babel/plugin-transform-literals Completed in 0ms
1387 timing idealTree:node_modules/@babel/plugin-transform-logical-assignment-operators Completed in 0ms
1388 timing idealTree:node_modules/@babel/plugin-transform-member-expression-literals Completed in 0ms
1389 timing idealTree:node_modules/@babel/plugin-transform-modules-amd Completed in 0ms
1390 timing idealTree:node_modules/@babel/plugin-transform-modules-commonjs Completed in 0ms
1391 timing idealTree:node_modules/@babel/plugin-transform-modules-systemjs Completed in 0ms
1392 timing idealTree:node_modules/@babel/plugin-transform-modules-umd Completed in 0ms
1393 timing idealTree:node_modules/@babel/plugin-transform-named-capturing-groups-regex Completed in 0ms
1394 timing idealTree:node_modules/@babel/plugin-transform-new-target Completed in 0ms
1395 timing idealTree:node_modules/@babel/plugin-transform-nullish-coalescing-operator Completed in 0ms
1396 timing idealTree:node_modules/@babel/plugin-transform-numeric-separator Completed in 0ms
1397 timing idealTree:node_modules/@babel/plugin-transform-object-rest-spread Completed in 0ms
1398 timing idealTree:node_modules/@babel/plugin-transform-object-super Completed in 0ms
1399 timing idealTree:node_modules/@babel/plugin-transform-optional-catch-binding Completed in 0ms
1400 timing idealTree:node_modules/@babel/plugin-transform-optional-chaining Completed in 0ms
1401 timing idealTree:node_modules/@babel/plugin-transform-parameters Completed in 0ms
1402 timing idealTree:node_modules/@babel/plugin-transform-private-methods Completed in 0ms
1403 timing idealTree:node_modules/@babel/plugin-transform-private-property-in-object Completed in 1ms
1404 timing idealTree:node_modules/@babel/plugin-transform-property-literals Completed in 0ms
1405 silly placeDep ROOT regenerator-transform@0.15.2 OK for: @babel/plugin-transform-regenerator@7.23.3 want: ^0.15.2
1406 silly fetch manifest @babel/runtime@^7.8.4
1407 timing idealTree:node_modules/@babel/plugin-transform-regenerator Completed in 1ms
1408 timing idealTree:node_modules/@babel/plugin-transform-reserved-words Completed in 0ms
1409 timing idealTree:node_modules/@babel/plugin-transform-shorthand-properties Completed in 0ms
1410 timing idealTree:node_modules/@babel/plugin-transform-spread Completed in 0ms
1411 timing idealTree:node_modules/@babel/plugin-transform-sticky-regex Completed in 0ms
1412 timing idealTree:node_modules/@babel/plugin-transform-template-literals Completed in 0ms
1413 timing idealTree:node_modules/@babel/plugin-transform-typeof-symbol Completed in 0ms
1414 timing idealTree:node_modules/@babel/plugin-transform-unicode-escapes Completed in 0ms
1415 timing idealTree:node_modules/@babel/plugin-transform-unicode-property-regex Completed in 0ms
1416 timing idealTree:node_modules/@babel/plugin-transform-unicode-regex Completed in 0ms
1417 timing idealTree:node_modules/@babel/plugin-transform-unicode-sets-regex Completed in 0ms
1418 silly placeDep ROOT esutils@2.0.3 OK for: @babel/preset-modules@0.1.6-no-external-plugins want: ^2.0.2
1419 timing idealTree:node_modules/@babel/preset-modules Completed in 1ms
1420 silly placeDep ROOT @babel/plugin-transform-react-display-name@7.23.3 OK for: @babel/preset-react@7.23.3 want: ^7.23.3
1421 silly placeDep ROOT @babel/plugin-transform-react-jsx@7.23.4 OK for: @babel/preset-react@7.23.3 want: ^7.22.15
1422 silly fetch manifest @babel/plugin-syntax-jsx@^7.23.3
1423 silly placeDep ROOT @babel/plugin-transform-react-jsx-development@7.22.5 OK for: @babel/preset-react@7.23.3 want: ^7.22.5
1424 silly placeDep ROOT @babel/plugin-transform-react-pure-annotations@7.23.3 OK for: @babel/preset-react@7.23.3 want: ^7.23.3
1425 http fetch GET 200 https://registry.npmjs.org/@babel%2fplugin-syntax-jsx 98ms (cache miss)
1426 timing idealTree:node_modules/@babel/preset-react Completed in 105ms
1427 timing idealTree:node_modules/@babel/plugin-transform-react-display-name Completed in 1ms
1428 silly placeDep ROOT @babel/plugin-syntax-jsx@7.23.3 OK for: @babel/plugin-transform-react-jsx@7.23.4 want: ^7.23.3
1429 timing idealTree:node_modules/@babel/plugin-transform-react-jsx Completed in 2ms
1430 timing idealTree:node_modules/@babel/plugin-syntax-jsx Completed in 0ms
1431 timing idealTree:node_modules/@babel/plugin-transform-react-jsx-development Completed in 0ms
1432 timing idealTree:node_modules/@babel/plugin-transform-react-pure-annotations Completed in 0ms
1433 silly placeDep ROOT cosmiconfig@7.1.0 OK for: @svgr/core@5.5.0 want: ^7.0.0
1434 silly fetch manifest @types/parse-json@^4.0.0
1435 silly fetch manifest import-fresh@^3.2.1
1436 silly fetch manifest parse-json@^5.0.0
1437 silly fetch manifest path-type@^4.0.0
1438 silly fetch manifest yaml@^1.10.0
1439 http fetch GET 200 https://registry.npmjs.org/@types%2fparse-json 114ms (cache miss)
1440 http fetch GET 200 https://registry.npmjs.org/parse-json 116ms (cache miss)
1441 http fetch GET 200 https://registry.npmjs.org/yaml 129ms (cache miss)
1442 http fetch GET 200 https://registry.npmjs.org/path-type 304ms (cache miss)
1443 http fetch GET 200 https://registry.npmjs.org/import-fresh 1515ms (cache miss)
1444 timing idealTree:node_modules/@svgr/core Completed in 1518ms
1445 silly placeDep ROOT @svgr/babel-preset@5.5.0 OK for: @svgr/plugin-jsx@5.5.0 want: ^5.5.0
1446 silly fetch manifest @svgr/babel-plugin-add-jsx-attribute@^5.4.0
1447 silly fetch manifest @svgr/babel-plugin-remove-jsx-attribute@^5.4.0
1448 silly fetch manifest @svgr/babel-plugin-remove-jsx-empty-expression@^5.0.1
1449 silly fetch manifest @svgr/babel-plugin-replace-jsx-attribute-value@^5.0.1
1450 silly fetch manifest @svgr/babel-plugin-svg-dynamic-title@^5.4.0
1451 silly fetch manifest @svgr/babel-plugin-svg-em-dimensions@^5.4.0
1452 silly fetch manifest @svgr/babel-plugin-transform-react-native-svg@^5.4.0
1453 silly fetch manifest @svgr/babel-plugin-transform-svg-component@^5.5.0
1454 silly placeDep ROOT @svgr/hast-util-to-babel-ast@5.5.0 OK for: @svgr/plugin-jsx@5.5.0 want: ^5.5.0
1455 silly placeDep ROOT svg-parser@2.0.4 OK for: @svgr/plugin-jsx@5.5.0 want: ^2.0.2
1456 http fetch GET 200 https://registry.npmjs.org/@svgr%2fbabel-plugin-transform-svg-component 132ms (cache miss)
1457 http fetch GET 200 https://registry.npmjs.org/@svgr%2fbabel-plugin-remove-jsx-attribute 139ms (cache miss)
1458 http fetch GET 200 https://registry.npmjs.org/@svgr%2fbabel-plugin-replace-jsx-attribute-value 141ms (cache miss)
1459 http fetch GET 200 https://registry.npmjs.org/@svgr%2fbabel-plugin-svg-dynamic-title 161ms (cache miss)
1460 http fetch GET 200 https://registry.npmjs.org/@svgr%2fbabel-plugin-add-jsx-attribute 163ms (cache miss)
1461 http fetch GET 200 https://registry.npmjs.org/@svgr%2fbabel-plugin-svg-em-dimensions 402ms (cache miss)
1462 http fetch GET 200 https://registry.npmjs.org/@svgr%2fbabel-plugin-remove-jsx-empty-expression 405ms (cache miss)
1463 http fetch GET 200 https://registry.npmjs.org/@svgr%2fbabel-plugin-transform-react-native-svg 496ms (cache miss)
1464 timing idealTree:node_modules/@svgr/plugin-jsx Completed in 501ms
1465 silly placeDep ROOT @svgr/babel-plugin-add-jsx-attribute@5.4.0 OK for: @svgr/babel-preset@5.5.0 want: ^5.4.0
1466 silly placeDep ROOT @svgr/babel-plugin-remove-jsx-attribute@5.4.0 OK for: @svgr/babel-preset@5.5.0 want: ^5.4.0
1467 silly placeDep ROOT @svgr/babel-plugin-remove-jsx-empty-expression@5.0.1 OK for: @svgr/babel-preset@5.5.0 want: ^5.0.1
1468 silly placeDep ROOT @svgr/babel-plugin-replace-jsx-attribute-value@5.0.1 OK for: @svgr/babel-preset@5.5.0 want: ^5.0.1
1469 silly placeDep ROOT @svgr/babel-plugin-svg-dynamic-title@5.4.0 OK for: @svgr/babel-preset@5.5.0 want: ^5.4.0
1470 silly placeDep ROOT @svgr/babel-plugin-svg-em-dimensions@5.4.0 OK for: @svgr/babel-preset@5.5.0 want: ^5.4.0
1471 silly placeDep ROOT @svgr/babel-plugin-transform-react-native-svg@5.4.0 OK for: @svgr/babel-preset@5.5.0 want: ^5.4.0
1472 silly placeDep ROOT @svgr/babel-plugin-transform-svg-component@5.5.0 OK for: @svgr/babel-preset@5.5.0 want: ^5.5.0
1473 timing idealTree:node_modules/@svgr/babel-preset Completed in 6ms
1474 timing idealTree:node_modules/@svgr/babel-plugin-add-jsx-attribute Completed in 0ms
1475 timing idealTree:node_modules/@svgr/babel-plugin-remove-jsx-attribute Completed in 0ms
1476 timing idealTree:node_modules/@svgr/babel-plugin-remove-jsx-empty-expression Completed in 0ms
1477 timing idealTree:node_modules/@svgr/babel-plugin-replace-jsx-attribute-value Completed in 0ms
1478 timing idealTree:node_modules/@svgr/babel-plugin-svg-dynamic-title Completed in 0ms
1479 timing idealTree:node_modules/@svgr/babel-plugin-svg-em-dimensions Completed in 0ms
1480 timing idealTree:node_modules/@svgr/babel-plugin-transform-react-native-svg Completed in 0ms
1481 timing idealTree:node_modules/@svgr/babel-plugin-transform-svg-component Completed in 0ms
1482 timing idealTree:node_modules/@svgr/hast-util-to-babel-ast Completed in 0ms
1483 silly placeDep ROOT deepmerge@4.3.1 OK for: @svgr/plugin-svgo@5.5.0 want: ^4.2.2
1484 silly placeDep ROOT svgo@1.3.2 OK for: @svgr/plugin-svgo@5.5.0 want: ^1.2.2
1485 silly fetch manifest coa@^2.0.2
1486 silly fetch manifest css-select@^2.0.0
1487 silly fetch manifest css-select-base-adapter@^0.1.1
1488 silly fetch manifest css-tree@1.0.0-alpha.37
1489 silly fetch manifest csso@^4.0.2
1490 silly fetch manifest js-yaml@^3.13.1
1491 silly fetch manifest mkdirp@~0.5.1
1492 silly fetch manifest object.values@^1.1.0
1493 silly fetch manifest sax@~1.2.4
1494 silly fetch manifest stable@^0.1.8
1495 silly fetch manifest unquote@~1.1.1
1496 silly fetch manifest util.promisify@~1.0.0
1497 http fetch GET 200 https://registry.npmjs.org/mkdirp 23ms (cache hit)
1498 http fetch GET 200 https://registry.npmjs.org/util.promisify 337ms (cache miss)
1499 http fetch GET 200 https://registry.npmjs.org/unquote 380ms (cache miss)
1500 http fetch GET 200 https://registry.npmjs.org/object.values 386ms (cache miss)
1501 http fetch GET 200 https://registry.npmjs.org/stable 386ms (cache miss)
1502 http fetch GET 200 https://registry.npmjs.org/css-select-base-adapter 430ms (cache miss)
1503 http fetch GET 200 https://registry.npmjs.org/sax 429ms (cache miss)
1504 http fetch GET 200 https://registry.npmjs.org/css-select 437ms (cache miss)
1505 http fetch GET 200 https://registry.npmjs.org/css-tree 447ms (cache miss)
1506 http fetch GET 200 https://registry.npmjs.org/csso 447ms (cache miss)
1507 http fetch GET 200 https://registry.npmjs.org/coa 701ms (cache miss)
1508 timing idealTree:node_modules/@svgr/plugin-svgo Completed in 704ms
1509 timing idealTree:node_modules/ansi-html-community Completed in 0ms
1510 silly fetch manifest @babel/core@^7.8.0
1511 silly placeDep ROOT @jest/transform@27.5.1 OK for: babel-jest@27.5.1 want: ^27.5.1
1512 silly fetch manifest convert-source-map@^1.4.0
1513 silly fetch manifest fast-json-stable-stringify@^2.0.0
1514 silly fetch manifest jest-regex-util@^27.5.1
1515 silly fetch manifest micromatch@^4.0.4
1516 silly fetch manifest pirates@^4.0.4
1517 silly fetch manifest write-file-atomic@^3.0.0
1518 silly placeDep ROOT @jest/types@27.5.1 OK for: babel-jest@27.5.1 want: ^27.5.1
1519 silly fetch manifest @types/istanbul-lib-coverage@^2.0.0
1520 silly fetch manifest @types/istanbul-reports@^3.0.0
1521 silly fetch manifest @types/node@*
1522 silly fetch manifest @types/yargs@^16.0.0
1523 silly placeDep ROOT @types/babel__core@7.20.5 OK for: babel-jest@27.5.1 want: ^7.1.14
1524 silly fetch manifest @types/babel__generator@*
1525 silly fetch manifest @types/babel__template@*
1526 silly fetch manifest @types/babel__traverse@*
1527 silly placeDep ROOT babel-plugin-istanbul@6.1.1 OK for: babel-jest@27.5.1 want: ^6.1.1
1528 silly fetch manifest @istanbuljs/load-nyc-config@^1.0.0
1529 silly fetch manifest @istanbuljs/schema@^0.1.2
1530 silly fetch manifest istanbul-lib-instrument@^5.0.4
1531 silly fetch manifest test-exclude@^6.0.0
1532 silly placeDep ROOT babel-preset-jest@27.5.1 OK for: babel-jest@27.5.1 want: ^27.5.1
1533 silly fetch manifest babel-plugin-jest-hoist@^27.5.1
1534 silly fetch manifest babel-preset-current-node-syntax@^1.0.0
1535 silly placeDep node_modules/babel-jest chalk@4.1.2 OK for: babel-jest@27.5.1 want: ^4.0.0
1536 silly fetch manifest ansi-styles@^4.1.0
1537 silly fetch manifest supports-color@^7.1.0
1538 silly placeDep ROOT graceful-fs@4.2.11 OK for: babel-jest@27.5.1 want: ^4.2.9
1539 silly placeDep ROOT slash@3.0.0 OK for: babel-jest@27.5.1 want: ^3.0.0
1540 http fetch GET 200 https://registry.npmjs.org/@types%2fbabel__generator 87ms (cache miss)
1541 http fetch GET 200 https://registry.npmjs.org/@types%2fistanbul-reports 118ms (cache miss)
1542 http fetch GET 200 https://registry.npmjs.org/babel-preset-current-node-syntax 104ms (cache miss)
1543 http fetch GET 200 https://registry.npmjs.org/@types%2fistanbul-lib-coverage 120ms (cache miss)
1544 http fetch GET 200 https://registry.npmjs.org/@istanbuljs%2fload-nyc-config 111ms (cache miss)
1545 http fetch GET 200 https://registry.npmjs.org/@types%2fbabel__traverse 121ms (cache miss)
1546 http fetch GET 200 https://registry.npmjs.org/write-file-atomic 128ms (cache miss)
1547 http fetch GET 200 https://registry.npmjs.org/babel-plugin-jest-hoist 112ms (cache miss)
1548 http fetch GET 200 https://registry.npmjs.org/istanbul-lib-instrument 119ms (cache miss)
1549 http fetch GET 200 https://registry.npmjs.org/@istanbuljs%2fschema 129ms (cache miss)
1550 http fetch GET 200 https://registry.npmjs.org/@types%2fbabel__template 137ms (cache miss)
1551 http fetch GET 200 https://registry.npmjs.org/@types%2fyargs 148ms (cache miss)
1552 http fetch GET 200 https://registry.npmjs.org/test-exclude 193ms (cache miss)
1553 http fetch GET 200 https://registry.npmjs.org/pirates 316ms (cache miss)
1554 http fetch GET 200 https://registry.npmjs.org/@types%2fnode 439ms (cache miss)
1555 timing idealTree:node_modules/babel-jest Completed in 458ms
1556 silly placeDep node_modules/@jest/transform chalk@4.1.2 OK for: @jest/transform@27.5.1 want: ^4.0.0
1557 silly placeDep node_modules/@jest/transform convert-source-map@1.9.0 OK for: @jest/transform@27.5.1 want: ^1.4.0
1558 silly placeDep ROOT fast-json-stable-stringify@2.1.0 OK for: @jest/transform@27.5.1 want: ^2.0.0
1559 silly placeDep ROOT jest-haste-map@27.5.1 OK for: @jest/transform@27.5.1 want: ^27.5.1
1560 silly fetch manifest @types/graceful-fs@^4.1.2
1561 silly fetch manifest anymatch@^3.0.3
1562 silly fetch manifest fb-watchman@^2.0.0
1563 silly fetch manifest jest-serializer@^27.5.1
1564 silly fetch manifest jest-worker@^27.5.1
1565 silly fetch manifest walker@^1.0.7
1566 silly placeDep ROOT jest-regex-util@27.5.1 OK for: @jest/transform@27.5.1 want: ^27.5.1
1567 silly placeDep ROOT jest-util@27.5.1 OK for: @jest/transform@27.5.1 want: ^27.5.1
1568 silly fetch manifest ci-info@^3.2.0
1569 silly fetch manifest picomatch@^2.2.3
1570 silly placeDep ROOT micromatch@4.0.5 OK for: @jest/transform@27.5.1 want: ^4.0.4
1571 silly fetch manifest braces@^3.0.2
1572 silly fetch manifest picomatch@^2.3.1
1573 silly placeDep ROOT pirates@4.0.6 OK for: @jest/transform@27.5.1 want: ^4.0.4
1574 silly placeDep node_modules/@jest/transform source-map@0.6.1 OK for: @jest/transform@27.5.1 want: ^0.6.1
1575 silly placeDep ROOT write-file-atomic@3.0.3 OK for: @jest/transform@27.5.1 want: ^3.0.0
1576 silly fetch manifest is-typedarray@^1.0.0
1577 silly fetch manifest signal-exit@^3.0.2
1578 silly fetch manifest typedarray-to-buffer@^3.1.5
1579 http fetch GET 200 https://registry.npmjs.org/braces 71ms (cache miss)
1580 http fetch GET 200 https://registry.npmjs.org/is-typedarray 68ms (cache miss)
1581 http fetch GET 200 https://registry.npmjs.org/fb-watchman 95ms (cache miss)
1582 http fetch GET 200 https://registry.npmjs.org/walker 101ms (cache miss)
1583 http fetch GET 200 https://registry.npmjs.org/picomatch 97ms (cache miss)
1584 http fetch GET 200 https://registry.npmjs.org/typedarray-to-buffer 91ms (cache miss)
1585 http fetch GET 200 https://registry.npmjs.org/signal-exit 93ms (cache miss)
1586 http fetch GET 200 https://registry.npmjs.org/@types%2fgraceful-fs 114ms (cache miss)
1587 http fetch GET 200 https://registry.npmjs.org/jest-serializer 112ms (cache miss)
1588 http fetch GET 200 https://registry.npmjs.org/picomatch 100ms (cache miss)
1589 http fetch GET 200 https://registry.npmjs.org/ci-info 109ms (cache miss)
1590 http fetch GET 200 https://registry.npmjs.org/anymatch 145ms (cache miss)
1591 timing idealTree:node_modules/@jest/transform Completed in 153ms
1592 silly placeDep ROOT @types/istanbul-lib-coverage@2.0.6 OK for: @jest/types@27.5.1 want: ^2.0.0
1593 silly placeDep ROOT @types/istanbul-reports@3.0.4 OK for: @jest/types@27.5.1 want: ^3.0.0
1594 silly fetch manifest @types/istanbul-lib-report@*
1595 silly placeDep ROOT @types/node@20.10.5 OK for: @jest/types@27.5.1 want: *
1596 silly fetch manifest undici-types@~5.26.4
1597 silly placeDep ROOT @types/yargs@16.0.9 OK for: @jest/types@27.5.1 want: ^16.0.0
1598 silly fetch manifest @types/yargs-parser@*
1599 silly placeDep node_modules/@jest/types chalk@4.1.2 OK for: @jest/types@27.5.1 want: ^4.0.0
1600 http fetch GET 200 https://registry.npmjs.org/undici-types 61ms (cache miss)
1601 http fetch GET 200 https://registry.npmjs.org/@types%2fyargs-parser 84ms (cache miss)
1602 http fetch GET 200 https://registry.npmjs.org/@types%2fistanbul-lib-report 118ms (cache miss)
1603 timing idealTree:node_modules/@jest/types Completed in 122ms
1604 silly placeDep ROOT @types/babel__generator@7.6.8 OK for: @types/babel__core@7.20.5 want: *
1605 silly placeDep ROOT @types/babel__template@7.4.4 OK for: @types/babel__core@7.20.5 want: *
1606 silly placeDep ROOT @types/babel__traverse@7.20.4 OK for: @types/babel__core@7.20.5 want: *
1607 timing idealTree:node_modules/@types/babel__core Completed in 4ms
1608 timing idealTree:node_modules/@types/babel__generator Completed in 0ms
1609 timing idealTree:node_modules/@types/babel__template Completed in 0ms
1610 timing idealTree:node_modules/@types/babel__traverse Completed in 0ms
1611 timing idealTree:node_modules/@types/istanbul-lib-coverage Completed in 0ms
1612 silly placeDep ROOT @types/istanbul-lib-report@3.0.3 OK for: @types/istanbul-reports@3.0.4 want: *
1613 timing idealTree:node_modules/@types/istanbul-reports Completed in 1ms
1614 timing idealTree:node_modules/@types/istanbul-lib-report Completed in 0ms
1615 silly placeDep ROOT undici-types@5.26.5 OK for: @types/node@20.10.5 want: ~5.26.4
1616 timing idealTree:node_modules/@types/node Completed in 1ms
1617 silly placeDep ROOT @types/yargs-parser@21.0.3 OK for: @types/yargs@16.0.9 want: *
1618 timing idealTree:node_modules/@types/yargs Completed in 1ms
1619 timing idealTree:node_modules/@types/yargs-parser Completed in 0ms
1620 silly placeDep ROOT find-cache-dir@3.3.2 OK for: babel-loader@8.3.0 want: ^3.3.1
1621 silly fetch manifest commondir@^1.0.1
1622 silly fetch manifest make-dir@^3.0.2
1623 silly fetch manifest pkg-dir@^4.1.0
1624 silly placeDep ROOT make-dir@3.1.0 OK for: babel-loader@8.3.0 want: ^3.1.0
1625 silly fetch manifest semver@^6.0.0
1626 silly placeDep node_modules/babel-loader schema-utils@2.7.1 OK for: babel-loader@8.3.0 want: ^2.6.5
1627 silly fetch manifest @types/json-schema@^7.0.5
1628 http fetch GET 200 https://registry.npmjs.org/commondir 59ms (cache miss)
1629 http fetch GET 200 https://registry.npmjs.org/pkg-dir 85ms (cache miss)
1630 timing idealTree:node_modules/babel-loader Completed in 89ms
1631 silly placeDep ROOT @istanbuljs/load-nyc-config@1.1.0 OK for: babel-plugin-istanbul@6.1.1 want: ^1.0.0
1632 silly fetch manifest camelcase@^5.3.1
1633 silly fetch manifest find-up@^4.1.0
1634 silly fetch manifest get-package-type@^0.1.0
1635 silly fetch manifest resolve-from@^5.0.0
1636 silly placeDep ROOT @istanbuljs/schema@0.1.3 OK for: babel-plugin-istanbul@6.1.1 want: ^0.1.2
1637 silly placeDep ROOT istanbul-lib-instrument@5.2.1 OK for: babel-plugin-istanbul@6.1.1 want: ^5.0.4
1638 silly fetch manifest istanbul-lib-coverage@^3.2.0
1639 silly fetch manifest semver@^6.3.0
1640 silly placeDep ROOT test-exclude@6.0.0 OK for: babel-plugin-istanbul@6.1.1 want: ^6.0.0
1641 silly fetch manifest glob@^7.1.4
1642 silly fetch manifest minimatch@^3.0.4
1643 http fetch GET 200 https://registry.npmjs.org/glob 13ms (cache hit)
1644 http fetch GET 200 https://registry.npmjs.org/resolve-from 70ms (cache miss)
1645 http fetch GET 200 https://registry.npmjs.org/get-package-type 96ms (cache miss)
1646 http fetch GET 200 https://registry.npmjs.org/istanbul-lib-coverage 100ms (cache miss)
1647 timing idealTree:node_modules/babel-plugin-istanbul Completed in 108ms
1648 silly placeDep node_modules/@istanbuljs/load-nyc-config camelcase@5.3.1 OK for: @istanbuljs/load-nyc-config@1.1.0 want: ^5.3.1
1649 silly placeDep node_modules/@istanbuljs/load-nyc-config find-up@4.1.0 OK for: @istanbuljs/load-nyc-config@1.1.0 want: ^4.1.0
1650 silly fetch manifest locate-path@^5.0.0
1651 silly placeDep ROOT get-package-type@0.1.0 OK for: @istanbuljs/load-nyc-config@1.1.0 want: ^0.1.0
1652 silly placeDep ROOT js-yaml@3.14.1 OK for: @istanbuljs/load-nyc-config@1.1.0 want: ^3.13.1
1653 silly fetch manifest argparse@^1.0.7
1654 silly fetch manifest esprima@^4.0.0
1655 silly placeDep ROOT resolve-from@5.0.0 OK for: @istanbuljs/load-nyc-config@1.1.0 want: ^5.0.0
1656 http fetch GET 200 https://registry.npmjs.org/esprima 56ms (cache miss)
1657 http fetch GET 200 https://registry.npmjs.org/argparse 58ms (cache miss)
1658 timing idealTree:node_modules/@istanbuljs/load-nyc-config Completed in 64ms
1659 timing idealTree:node_modules/@istanbuljs/schema Completed in 0ms
1660 timing idealTree:node_modules/babel-plugin-named-asset-import Completed in 0ms
1661 silly fetch manifest @babel/core@^7.4.0 || ^8.0.0-0 <8.0.0
1662 silly placeDep ROOT @babel/helper-define-polyfill-provider@0.4.4 OK for: babel-plugin-polyfill-corejs2@0.4.7 want: ^0.4.4
1663 silly fetch manifest lodash.debounce@^4.0.8
1664 silly placeDep node_modules/babel-plugin-polyfill-corejs2 semver@6.3.1 OK for: babel-plugin-polyfill-corejs2@0.4.7 want: ^6.3.1
1665 http fetch GET 200 https://registry.npmjs.org/lodash.debounce 48ms (cache miss)
1666 timing idealTree:node_modules/babel-plugin-polyfill-corejs2 Completed in 54ms
1667 silly placeDep ROOT lodash.debounce@4.0.8 OK for: @babel/helper-define-polyfill-provider@0.4.4 want: ^4.0.8
1668 timing idealTree:node_modules/@babel/helper-define-polyfill-provider Completed in 3ms
1669 timing idealTree:node_modules/babel-plugin-polyfill-corejs3 Completed in 0ms
1670 timing idealTree:node_modules/babel-plugin-polyfill-regenerator Completed in 0ms
1671 silly placeDep ROOT babel-plugin-jest-hoist@27.5.1 OK for: babel-preset-jest@27.5.1 want: ^27.5.1
1672 silly placeDep ROOT babel-preset-current-node-syntax@1.0.1 OK for: babel-preset-jest@27.5.1 want: ^1.0.0
1673 silly fetch manifest @babel/plugin-syntax-bigint@^7.8.3
1674 http fetch GET 200 https://registry.npmjs.org/@babel%2fplugin-syntax-bigint 72ms (cache miss)
1675 timing idealTree:node_modules/babel-preset-jest Completed in 77ms
1676 timing idealTree:node_modules/babel-plugin-jest-hoist Completed in 0ms
1677 silly placeDep ROOT @babel/plugin-syntax-bigint@7.8.3 OK for: babel-preset-current-node-syntax@1.0.1 want: ^7.8.3
1678 timing idealTree:node_modules/babel-preset-current-node-syntax Completed in 3ms
1679 timing idealTree:node_modules/@babel/plugin-syntax-bigint Completed in 0ms
1680 silly placeDep ROOT @babel/plugin-proposal-class-properties@7.18.6 OK for: babel-preset-react-app@10.0.1 want: ^7.16.0
1681 silly placeDep ROOT @babel/plugin-proposal-decorators@7.23.6 OK for: babel-preset-react-app@10.0.1 want: ^7.16.4
1682 silly fetch manifest @babel/plugin-syntax-decorators@^7.23.3
1683 silly placeDep ROOT @babel/plugin-proposal-nullish-coalescing-operator@7.18.6 OK for: babel-preset-react-app@10.0.1 want: ^7.16.0
1684 silly placeDep ROOT @babel/plugin-proposal-numeric-separator@7.18.6 OK for: babel-preset-react-app@10.0.1 want: ^7.16.0
1685 silly placeDep ROOT @babel/plugin-proposal-optional-chaining@7.21.0 OK for: babel-preset-react-app@10.0.1 want: ^7.16.0
1686 silly placeDep ROOT @babel/plugin-proposal-private-methods@7.18.6 OK for: babel-preset-react-app@10.0.1 want: ^7.16.0
1687 silly placeDep ROOT @babel/plugin-transform-flow-strip-types@7.23.3 OK for: babel-preset-react-app@10.0.1 want: ^7.16.0
1688 silly fetch manifest @babel/plugin-syntax-flow@^7.23.3
1689 silly placeDep ROOT @babel/plugin-transform-runtime@7.23.6 OK for: babel-preset-react-app@10.0.1 want: ^7.16.4
1690 silly placeDep ROOT @babel/preset-typescript@7.23.3 OK for: babel-preset-react-app@10.0.1 want: ^7.16.0
1691 silly fetch manifest @babel/plugin-transform-typescript@^7.23.3
1692 silly placeDep ROOT @babel/runtime@7.23.6 OK for: babel-preset-react-app@10.0.1 want: ^7.16.3
1693 silly fetch manifest regenerator-runtime@^0.14.0
1694 silly placeDep ROOT babel-plugin-macros@3.1.0 OK for: babel-preset-react-app@10.0.1 want: ^3.1.0
1695 silly placeDep ROOT babel-plugin-transform-react-remove-prop-types@0.4.24 OK for: babel-preset-react-app@10.0.1 want: ^0.4.24
1696 http fetch GET 200 https://registry.npmjs.org/@babel%2fplugin-syntax-flow 102ms (cache miss)
1697 http fetch GET 200 https://registry.npmjs.org/@babel%2fplugin-syntax-decorators 113ms (cache miss)
1698 http fetch GET 200 https://registry.npmjs.org/@babel%2fplugin-transform-typescript 109ms (cache miss)
1699 timing idealTree:node_modules/babel-preset-react-app Completed in 135ms
1700 timing idealTree:node_modules/@babel/plugin-proposal-class-properties Completed in 0ms
1701 silly placeDep ROOT @babel/plugin-syntax-decorators@7.23.3 OK for: @babel/plugin-proposal-decorators@7.23.6 want: ^7.23.3
1702 timing idealTree:node_modules/@babel/plugin-proposal-decorators Completed in 2ms
1703 timing idealTree:node_modules/@babel/plugin-proposal-nullish-coalescing-operator Completed in 0ms
1704 timing idealTree:node_modules/@babel/plugin-proposal-numeric-separator Completed in 0ms
1705 timing idealTree:node_modules/@babel/plugin-proposal-optional-chaining Completed in 0ms
1706 timing idealTree:node_modules/@babel/plugin-proposal-private-methods Completed in 0ms
1707 timing idealTree:node_modules/@babel/plugin-syntax-decorators Completed in 0ms
1708 silly placeDep ROOT @babel/plugin-syntax-flow@7.23.3 OK for: @babel/plugin-transform-flow-strip-types@7.23.3 want: ^7.23.3
1709 timing idealTree:node_modules/@babel/plugin-transform-flow-strip-types Completed in 3ms
1710 timing idealTree:node_modules/@babel/plugin-syntax-flow Completed in 0ms
1711 silly placeDep node_modules/@babel/plugin-transform-runtime semver@6.3.1 OK for: @babel/plugin-transform-runtime@7.23.6 want: ^6.3.1
1712 timing idealTree:node_modules/@babel/plugin-transform-runtime Completed in 1ms
1713 silly placeDep ROOT @babel/plugin-transform-typescript@7.23.6 OK for: @babel/preset-typescript@7.23.3 want: ^7.23.3
1714 silly fetch manifest @babel/plugin-syntax-typescript@^7.23.3
1715 http fetch GET 200 https://registry.npmjs.org/@babel%2fplugin-syntax-typescript 109ms (cache miss)
1716 timing idealTree:node_modules/@babel/preset-typescript Completed in 113ms
1717 silly placeDep ROOT @babel/plugin-syntax-typescript@7.23.3 OK for: @babel/plugin-transform-typescript@7.23.6 want: ^7.23.3
1718 timing idealTree:node_modules/@babel/plugin-transform-typescript Completed in 3ms
1719 timing idealTree:node_modules/@babel/plugin-syntax-typescript Completed in 0ms
1720 silly placeDep ROOT regenerator-runtime@0.14.1 OK for: @babel/runtime@7.23.6 want: ^0.14.0
1721 timing idealTree:node_modules/@babel/runtime Completed in 1ms
1722 timing idealTree:node_modules/babel-plugin-macros Completed in 0ms
1723 timing idealTree:node_modules/babel-plugin-transform-react-remove-prop-types Completed in 0ms
1724 silly placeDep ROOT bluebird@3.7.2 OK for: bfj@7.1.0 want: ^3.7.2
1725 silly placeDep ROOT check-types@11.2.3 OK for: bfj@7.1.0 want: ^11.2.3
1726 silly placeDep ROOT hoopy@0.1.4 OK for: bfj@7.1.0 want: ^0.1.4
1727 silly placeDep ROOT jsonpath@1.1.1 OK for: bfj@7.1.0 want: ^1.1.1
1728 silly fetch manifest esprima@1.2.2
1729 silly fetch manifest static-eval@2.0.2
1730 silly fetch manifest underscore@1.12.1
1731 silly placeDep ROOT tryer@1.0.1 OK for: bfj@7.1.0 want: ^1.0.1
1732 http fetch GET 200 https://registry.npmjs.org/static-eval 65ms (cache miss)
1733 http fetch GET 200 https://registry.npmjs.org/underscore 76ms (cache miss)
1734 timing idealTree:node_modules/bfj Completed in 82ms
1735 timing idealTree:node_modules/bluebird Completed in 0ms
1736 silly fetch manifest browserslist@>= 4.21.0
1737 silly placeDep ROOT caniuse-lite@1.0.30001570 OK for: browserslist@4.22.2 want: ^1.0.30001565
1738 silly placeDep ROOT electron-to-chromium@1.4.614 OK for: browserslist@4.22.2 want: ^1.4.601
1739 silly placeDep ROOT node-releases@2.0.14 OK for: browserslist@4.22.2 want: ^2.0.14
1740 silly placeDep ROOT update-browserslist-db@1.0.13 OK for: browserslist@4.22.2 want: ^1.0.13
1741 silly fetch manifest escalade@^3.1.1
1742 http fetch GET 200 https://registry.npmjs.org/escalade 59ms (cache miss)
1743 timing idealTree:node_modules/browserslist Completed in 66ms
1744 timing idealTree:node_modules/camelcase Completed in 1ms
1745 timing idealTree:node_modules/caniuse-lite Completed in 0ms
1746 timing idealTree:node_modules/case-sensitive-paths-webpack-plugin Completed in 0ms
1747 silly placeDep ROOT ansi-styles@3.2.1 OK for: chalk@2.4.2 want: ^3.2.1
1748 silly fetch manifest color-convert@^1.9.0
1749 silly placeDep ROOT escape-string-regexp@1.0.5 OK for: chalk@2.4.2 want: ^1.0.5
1750 silly placeDep ROOT supports-color@5.5.0 OK for: chalk@2.4.2 want: ^5.3.0
1751 silly fetch manifest has-flag@^3.0.0
1752 http fetch GET 200 https://registry.npmjs.org/has-flag 12ms (cache hit)
1753 http fetch GET 200 https://registry.npmjs.org/color-convert 14ms (cache hit)
1754 timing idealTree:node_modules/chalk Completed in 18ms
1755 silly placeDep ROOT color-convert@1.9.3 OK for: ansi-styles@3.2.1 want: ^1.9.0
1756 silly fetch manifest color-name@1.1.3
1757 http fetch GET 200 https://registry.npmjs.org/color-name 6ms (cache hit)
1758 timing idealTree:node_modules/ansi-styles Completed in 9ms
1759 timing idealTree:node_modules/check-types Completed in 0ms
1760 silly placeDep ROOT color-name@1.1.3 OK for: color-convert@1.9.3 want: 1.1.3
1761 timing idealTree:node_modules/color-convert Completed in 2ms
1762 timing idealTree:node_modules/color-name Completed in 0ms
1763 timing idealTree:node_modules/common-path-prefix Completed in 0ms
1764 timing idealTree:node_modules/convert-source-map Completed in 0ms
1765 timing idealTree:node_modules/core-js-compat Completed in 0ms
1766 timing idealTree:node_modules/core-js-pure Completed in 0ms
1767 silly placeDep ROOT @types/parse-json@4.0.2 OK for: cosmiconfig@7.1.0 want: ^4.0.0
1768 silly placeDep ROOT import-fresh@3.3.0 OK for: cosmiconfig@7.1.0 want: ^3.2.1
1769 silly fetch manifest parent-module@^1.0.0
1770 silly fetch manifest resolve-from@^4.0.0
1771 silly placeDep ROOT parse-json@5.2.0 OK for: cosmiconfig@7.1.0 want: ^5.0.0
1772 silly fetch manifest error-ex@^1.3.1
1773 silly fetch manifest json-parse-even-better-errors@^2.3.0
1774 silly fetch manifest lines-and-columns@^1.1.6
1775 silly placeDep ROOT path-type@4.0.0 OK for: cosmiconfig@7.1.0 want: ^4.0.0
1776 silly placeDep ROOT yaml@1.10.2 OK for: cosmiconfig@7.1.0 want: ^1.10.0
1777 http fetch GET 200 https://registry.npmjs.org/error-ex 52ms (cache miss)
1778 http fetch GET 200 https://registry.npmjs.org/lines-and-columns 72ms (cache miss)
1779 http fetch GET 200 https://registry.npmjs.org/parent-module 77ms (cache miss)
1780 timing idealTree:node_modules/cosmiconfig Completed in 81ms
1781 timing idealTree:node_modules/@types/parse-json Completed in 0ms
1782 silly placeDep ROOT icss-utils@5.1.0 OK for: css-loader@6.8.1 want: ^5.1.0
1783 silly placeDep ROOT postcss-modules-extract-imports@3.0.0 OK for: css-loader@6.8.1 want: ^3.0.0
1784 silly placeDep ROOT postcss-modules-local-by-default@4.0.3 OK for: css-loader@6.8.1 want: ^4.0.3
1785 silly fetch manifest postcss-selector-parser@^6.0.2
1786 silly fetch manifest postcss-value-parser@^4.1.0
1787 silly placeDep ROOT postcss-modules-scope@3.0.0 OK for: css-loader@6.8.1 want: ^3.0.0
1788 silly fetch manifest postcss-selector-parser@^6.0.4
1789 silly placeDep ROOT postcss-modules-values@4.0.0 OK for: css-loader@6.8.1 want: ^4.0.0
1790 silly placeDep ROOT postcss-value-parser@4.2.0 OK for: css-loader@6.8.1 want: ^4.2.0
1791 timing idealTree:node_modules/css-loader Completed in 13ms
1792 silly placeDep ROOT cssnano@5.1.15 OK for: css-minimizer-webpack-plugin@3.4.1 want: ^5.0.6
1793 silly fetch manifest lilconfig@^2.0.3
1794 silly fetch manifest cssnano-preset-default@^5.2.14
1795 silly placeDep ROOT jest-worker@27.5.1 OK for: css-minimizer-webpack-plugin@3.4.1 want: ^27.0.2
1796 silly fetch manifest merge-stream@^2.0.0
1797 silly fetch manifest supports-color@^8.0.0
1798 silly placeDep node_modules/css-minimizer-webpack-plugin schema-utils@4.2.0 OK for: css-minimizer-webpack-plugin@3.4.1 want: ^4.0.0
1799 silly fetch manifest @types/json-schema@^7.0.9
1800 silly fetch manifest ajv@^8.9.0
1801 silly fetch manifest ajv-formats@^2.1.1
1802 silly fetch manifest ajv-keywords@^5.1.0
1803 silly placeDep ROOT serialize-javascript@6.0.1 OK for: css-minimizer-webpack-plugin@3.4.1 want: ^6.0.0
1804 silly fetch manifest randombytes@^2.1.0
1805 silly placeDep node_modules/css-minimizer-webpack-plugin source-map@0.6.1 OK for: css-minimizer-webpack-plugin@3.4.1 want: ^0.6.1
1806 http fetch GET 200 https://registry.npmjs.org/randombytes 73ms (cache miss)
1807 http fetch GET 200 https://registry.npmjs.org/ajv-formats 75ms (cache miss)
1808 http fetch GET 200 https://registry.npmjs.org/merge-stream 81ms (cache miss)
1809 http fetch GET 200 https://registry.npmjs.org/cssnano-preset-default 96ms (cache miss)
1810 timing idealTree:node_modules/css-minimizer-webpack-plugin Completed in 102ms
1811 silly fetch manifest postcss@^8.2.15
1812 silly placeDep ROOT cssnano-preset-default@5.2.14 OK for: cssnano@5.1.15 want: ^5.2.14
1813 silly fetch manifest css-declaration-sorter@^6.3.1
1814 silly fetch manifest postcss-calc@^8.2.3
1815 silly fetch manifest cssnano-utils@^3.1.0
1816 silly fetch manifest postcss-discard-comments@^5.1.2
1817 silly fetch manifest postcss-convert-values@^5.1.3
1818 silly fetch manifest postcss-discard-duplicates@^5.1.0
1819 silly fetch manifest postcss-colormin@^5.3.1
1820 silly fetch manifest postcss-discard-empty@^5.1.1
1821 silly fetch manifest postcss-discard-overridden@^5.1.0
1822 silly fetch manifest postcss-merge-longhand@^5.1.7
1823 silly fetch manifest postcss-merge-rules@^5.1.4
1824 silly fetch manifest postcss-minify-gradients@^5.1.1
1825 silly fetch manifest postcss-minify-font-values@^5.1.0
1826 silly fetch manifest postcss-minify-params@^5.1.4
1827 silly fetch manifest postcss-normalize-charset@^5.1.0
1828 silly fetch manifest postcss-minify-selectors@^5.2.1
1829 silly fetch manifest postcss-normalize-display-values@^5.1.0
1830 silly fetch manifest postcss-normalize-positions@^5.1.1
1831 silly fetch manifest postcss-normalize-repeat-style@^5.1.1
1832 silly fetch manifest postcss-normalize-string@^5.1.0
1833 silly fetch manifest postcss-normalize-timing-functions@^5.1.0
1834 silly fetch manifest postcss-normalize-unicode@^5.1.1
1835 silly fetch manifest postcss-normalize-whitespace@^5.1.1
1836 silly fetch manifest postcss-normalize-url@^5.1.0
1837 silly fetch manifest postcss-ordered-values@^5.1.3
1838 silly fetch manifest postcss-reduce-initial@^5.1.2
1839 silly fetch manifest postcss-reduce-transforms@^5.1.0
1840 silly fetch manifest postcss-svgo@^5.1.0
1841 silly fetch manifest postcss-unique-selectors@^5.1.1
1842 silly placeDep ROOT lilconfig@2.1.0 OK for: cssnano@5.1.15 want: ^2.0.3
1843 http fetch GET 200 https://registry.npmjs.org/postcss-calc 77ms (cache miss)
1844 http fetch GET 200 https://registry.npmjs.org/postcss-minify-font-values 96ms (cache miss)
1845 http fetch GET 200 https://registry.npmjs.org/postcss-discard-duplicates 107ms (cache miss)
1846 http fetch GET 200 https://registry.npmjs.org/postcss-discard-overridden 113ms (cache miss)
1847 http fetch GET 200 https://registry.npmjs.org/postcss-normalize-charset 112ms (cache miss)
1848 http fetch GET 200 https://registry.npmjs.org/postcss-discard-comments 123ms (cache miss)
1849 http fetch GET 200 https://registry.npmjs.org/postcss-minify-params 121ms (cache miss)
1850 http fetch GET 200 https://registry.npmjs.org/postcss-merge-longhand 126ms (cache miss)
1851 http fetch GET 200 https://registry.npmjs.org/postcss-minify-gradients 128ms (cache miss)
1852 http fetch GET 200 https://registry.npmjs.org/postcss-convert-values 134ms (cache miss)
1853 http fetch GET 200 https://registry.npmjs.org/cssnano-utils 138ms (cache miss)
1854 http fetch GET 200 https://registry.npmjs.org/css-declaration-sorter 142ms (cache miss)
1855 http fetch GET 200 https://registry.npmjs.org/postcss-merge-rules 138ms (cache miss)
1856 http fetch GET 200 https://registry.npmjs.org/postcss-minify-selectors 138ms (cache miss)
1857 http fetch GET 200 https://registry.npmjs.org/postcss-normalize-display-values 138ms (cache miss)
1858 http fetch GET 200 https://registry.npmjs.org/postcss-normalize-positions 141ms (cache miss)
1859 http fetch GET 200 https://registry.npmjs.org/postcss-normalize-unicode 155ms (cache miss)
1860 http fetch GET 200 https://registry.npmjs.org/postcss-normalize-repeat-style 178ms (cache miss)
1861 http fetch GET 200 https://registry.npmjs.org/postcss-normalize-string 181ms (cache miss)
1862 http fetch GET 200 https://registry.npmjs.org/postcss-unique-selectors 180ms (cache miss)
1863 http fetch GET 200 https://registry.npmjs.org/postcss-normalize-whitespace 183ms (cache miss)
1864 http fetch GET 200 https://registry.npmjs.org/postcss-normalize-timing-functions 185ms (cache miss)
1865 http fetch GET 200 https://registry.npmjs.org/postcss-normalize-url 187ms (cache miss)
1866 http fetch GET 200 https://registry.npmjs.org/postcss-svgo 190ms (cache miss)
1867 http fetch GET 200 https://registry.npmjs.org/postcss-reduce-initial 202ms (cache miss)
1868 http fetch GET 200 https://registry.npmjs.org/postcss-ordered-values 208ms (cache miss)
1869 http fetch GET 200 https://registry.npmjs.org/postcss-discard-empty 351ms (cache miss)
1870 http fetch GET 200 https://registry.npmjs.org/postcss-reduce-transforms 417ms (cache miss)
1871 http fetch GET 200 https://registry.npmjs.org/postcss-colormin 1124ms (cache miss)
1872 timing idealTree:node_modules/cssnano Completed in 1133ms
1873 silly placeDep ROOT css-declaration-sorter@6.4.1 OK for: cssnano-preset-default@5.2.14 want: ^6.3.1
1874 silly placeDep ROOT cssnano-utils@3.1.0 OK for: cssnano-preset-default@5.2.14 want: ^3.1.0
1875 silly placeDep ROOT postcss-calc@8.2.4 OK for: cssnano-preset-default@5.2.14 want: ^8.2.3
1876 silly fetch manifest postcss-selector-parser@^6.0.9
1877 silly placeDep ROOT postcss-colormin@5.3.1 OK for: cssnano-preset-default@5.2.14 want: ^5.3.1
1878 silly fetch manifest caniuse-api@^3.0.0
1879 silly fetch manifest colord@^2.9.1
1880 silly placeDep ROOT postcss-convert-values@5.1.3 OK for: cssnano-preset-default@5.2.14 want: ^5.1.3
1881 silly placeDep ROOT postcss-discard-comments@5.1.2 OK for: cssnano-preset-default@5.2.14 want: ^5.1.2
1882 silly placeDep ROOT postcss-discard-duplicates@5.1.0 OK for: cssnano-preset-default@5.2.14 want: ^5.1.0
1883 silly placeDep ROOT postcss-discard-empty@5.1.1 OK for: cssnano-preset-default@5.2.14 want: ^5.1.1
1884 silly placeDep ROOT postcss-discard-overridden@5.1.0 OK for: cssnano-preset-default@5.2.14 want: ^5.1.0
1885 silly placeDep ROOT postcss-merge-longhand@5.1.7 OK for: cssnano-preset-default@5.2.14 want: ^5.1.7
1886 silly fetch manifest stylehacks@^5.1.1
1887 silly placeDep ROOT postcss-merge-rules@5.1.4 OK for: cssnano-preset-default@5.2.14 want: ^5.1.4
1888 silly fetch manifest postcss-selector-parser@^6.0.5
1889 silly placeDep ROOT postcss-minify-font-values@5.1.0 OK for: cssnano-preset-default@5.2.14 want: ^5.1.0
1890 silly placeDep ROOT postcss-minify-gradients@5.1.1 OK for: cssnano-preset-default@5.2.14 want: ^5.1.1
1891 silly placeDep ROOT postcss-minify-params@5.1.4 OK for: cssnano-preset-default@5.2.14 want: ^5.1.4
1892 silly placeDep ROOT postcss-minify-selectors@5.2.1 OK for: cssnano-preset-default@5.2.14 want: ^5.2.1
1893 silly placeDep ROOT postcss-normalize-charset@5.1.0 OK for: cssnano-preset-default@5.2.14 want: ^5.1.0
1894 silly placeDep ROOT postcss-normalize-display-values@5.1.0 OK for: cssnano-preset-default@5.2.14 want: ^5.1.0
1895 silly placeDep ROOT postcss-normalize-positions@5.1.1 OK for: cssnano-preset-default@5.2.14 want: ^5.1.1
1896 silly placeDep ROOT postcss-normalize-repeat-style@5.1.1 OK for: cssnano-preset-default@5.2.14 want: ^5.1.1
1897 silly placeDep ROOT postcss-normalize-string@5.1.0 OK for: cssnano-preset-default@5.2.14 want: ^5.1.0
1898 silly placeDep ROOT postcss-normalize-timing-functions@5.1.0 OK for: cssnano-preset-default@5.2.14 want: ^5.1.0
1899 silly placeDep ROOT postcss-normalize-unicode@5.1.1 OK for: cssnano-preset-default@5.2.14 want: ^5.1.1
1900 silly placeDep ROOT postcss-normalize-url@5.1.0 OK for: cssnano-preset-default@5.2.14 want: ^5.1.0
1901 silly fetch manifest normalize-url@^6.0.1
1902 silly placeDep ROOT postcss-normalize-whitespace@5.1.1 OK for: cssnano-preset-default@5.2.14 want: ^5.1.1
1903 silly placeDep ROOT postcss-ordered-values@5.1.3 OK for: cssnano-preset-default@5.2.14 want: ^5.1.3
1904 silly placeDep ROOT postcss-reduce-initial@5.1.2 OK for: cssnano-preset-default@5.2.14 want: ^5.1.2
1905 silly placeDep ROOT postcss-reduce-transforms@5.1.0 OK for: cssnano-preset-default@5.2.14 want: ^5.1.0
1906 silly placeDep ROOT postcss-svgo@5.1.0 OK for: cssnano-preset-default@5.2.14 want: ^5.1.0
1907 silly fetch manifest svgo@^2.7.0
1908 silly placeDep ROOT postcss-unique-selectors@5.1.1 OK for: cssnano-preset-default@5.2.14 want: ^5.1.1
1909 http fetch GET 200 https://registry.npmjs.org/caniuse-api 105ms (cache miss)
1910 http fetch GET 200 https://registry.npmjs.org/colord 109ms (cache miss)
1911 http fetch GET 200 https://registry.npmjs.org/normalize-url 95ms (cache miss)
1912 http fetch GET 200 https://registry.npmjs.org/stylehacks 135ms (cache miss)
1913 timing idealTree:node_modules/cssnano-preset-default Completed in 173ms
1914 timing idealTree:node_modules/css-declaration-sorter Completed in 0ms
1915 timing idealTree:node_modules/cssnano-utils Completed in 0ms
1916 silly placeDep ROOT ms@2.1.2 OK for: debug@4.3.4 want: 2.1.2
1917 timing idealTree:node_modules/debug Completed in 1ms
1918 timing idealTree:node_modules/deepmerge Completed in 0ms
1919 timing idealTree:node_modules/dotenv Completed in 0ms
1920 timing idealTree:node_modules/dotenv-expand Completed in 0ms
1921 timing idealTree:node_modules/electron-to-chromium Completed in 0ms
1922 silly placeDep ROOT stackframe@1.3.4 OK for: error-stack-parser@2.1.4 want: ^1.3.4
1923 timing idealTree:node_modules/error-stack-parser Completed in 1ms
1924 timing idealTree:node_modules/escape-string-regexp Completed in 0ms
1925 silly fetch manifest eslint@^6.0.0 || ^7.0.0 || >=8.0.0
1926 silly placeDep ROOT @eslint-community/eslint-utils@4.4.0 OK for: eslint@8.56.0 want: ^4.2.0
1927 silly fetch manifest eslint-visitor-keys@^3.3.0
1928 silly placeDep ROOT @eslint-community/regexpp@4.10.0 OK for: eslint@8.56.0 want: ^4.6.1
1929 silly placeDep ROOT @eslint/eslintrc@2.1.4 OK for: eslint@8.56.0 want: ^2.1.4
1930 silly fetch manifest espree@^9.6.0
1931 silly fetch manifest strip-json-comments@^3.1.1
1932 silly placeDep ROOT @eslint/js@8.56.0 OK for: eslint@8.56.0 want: 8.56.0
1933 silly placeDep ROOT @humanwhocodes/config-array@0.11.13 OK for: eslint@8.56.0 want: ^0.11.13
1934 silly fetch manifest @humanwhocodes/object-schema@^2.0.1
1935 silly fetch manifest minimatch@^3.0.5
1936 silly placeDep ROOT @humanwhocodes/module-importer@1.0.1 OK for: eslint@8.56.0 want: ^1.0.1
1937 silly placeDep ROOT @nodelib/fs.walk@1.2.8 OK for: eslint@8.56.0 want: ^1.2.8
1938 silly fetch manifest @nodelib/fs.scandir@2.1.5
1939 silly fetch manifest fastq@^1.6.0
1940 silly placeDep ROOT @ungap/structured-clone@1.2.0 OK for: eslint@8.56.0 want: ^1.2.0
1941 silly placeDep ROOT ajv@6.12.6 OK for: eslint@8.56.0 want: ^6.12.4
1942 silly fetch manifest fast-deep-equal@^3.1.1
1943 silly fetch manifest json-schema-traverse@^0.4.1
1944 silly fetch manifest uri-js@^4.2.2
1945 silly placeDep node_modules/eslint chalk@4.1.2 OK for: eslint@8.56.0 want: ^4.0.0
1946 silly placeDep ROOT cross-spawn@7.0.3 OK for: eslint@8.56.0 want: ^7.0.2
1947 silly fetch manifest path-key@^3.1.0
1948 silly fetch manifest shebang-command@^2.0.0
1949 silly fetch manifest which@^2.0.1
1950 silly placeDep ROOT doctrine@3.0.0 OK for: eslint@8.56.0 want: ^3.0.0
1951 silly placeDep node_modules/eslint escape-string-regexp@4.0.0 OK for: eslint@8.56.0 want: ^4.0.0
1952 silly placeDep ROOT eslint-scope@7.2.2 OK for: eslint@8.56.0 want: ^7.2.2
1953 silly fetch manifest esrecurse@^4.3.0
1954 silly fetch manifest estraverse@^5.2.0
1955 silly placeDep ROOT eslint-visitor-keys@3.4.3 OK for: eslint@8.56.0 want: ^3.4.3
1956 silly placeDep ROOT espree@9.6.1 OK for: eslint@8.56.0 want: ^9.6.1
1957 silly fetch manifest acorn@^8.9.0
1958 silly fetch manifest acorn-jsx@^5.3.2
1959 silly placeDep ROOT esquery@1.5.0 OK for: eslint@8.56.0 want: ^1.4.2
1960 silly fetch manifest estraverse@^5.1.0
1961 silly placeDep ROOT fast-deep-equal@3.1.3 OK for: eslint@8.56.0 want: ^3.1.3
1962 silly placeDep ROOT file-entry-cache@6.0.1 OK for: eslint@8.56.0 want: ^6.0.1
1963 silly fetch manifest flat-cache@^3.0.4
1964 silly placeDep ROOT glob-parent@6.0.2 OK for: eslint@8.56.0 want: ^6.0.2
1965 silly placeDep node_modules/eslint globals@13.24.0 OK for: eslint@8.56.0 want: ^13.19.0
1966 silly fetch manifest type-fest@^0.20.2
1967 silly placeDep ROOT graphemer@1.4.0 OK for: eslint@8.56.0 want: ^1.4.0
1968 silly placeDep ROOT ignore@5.3.0 OK for: eslint@8.56.0 want: ^5.2.0
1969 silly placeDep ROOT imurmurhash@0.1.4 OK for: eslint@8.56.0 want: ^0.1.4
1970 silly placeDep ROOT is-glob@4.0.3 OK for: eslint@8.56.0 want: ^4.0.0
1971 silly fetch manifest is-extglob@^2.1.1
1972 silly placeDep ROOT is-path-inside@3.0.3 OK for: eslint@8.56.0 want: ^3.0.3
1973 silly placeDep node_modules/eslint js-yaml@4.1.0 OK for: eslint@8.56.0 want: ^4.1.0
1974 silly fetch manifest argparse@^2.0.1
1975 silly placeDep ROOT json-stable-stringify-without-jsonify@1.0.1 OK for: eslint@8.56.0 want: ^1.0.1
1976 silly placeDep ROOT levn@0.4.1 OK for: eslint@8.56.0 want: ^0.4.1
1977 silly fetch manifest prelude-ls@^1.2.1
1978 silly fetch manifest type-check@~0.4.0
1979 silly placeDep ROOT lodash.merge@4.6.2 OK for: eslint@8.56.0 want: ^4.6.2
1980 silly placeDep ROOT minimatch@3.1.2 OK for: eslint@8.56.0 want: ^3.1.2
1981 silly fetch manifest brace-expansion@^1.1.7
1982 silly placeDep ROOT natural-compare@1.4.0 OK for: eslint@8.56.0 want: ^1.4.0
1983 silly placeDep ROOT optionator@0.9.3 OK for: eslint@8.56.0 want: ^0.9.3
1984 silly fetch manifest deep-is@^0.1.3
1985 silly fetch manifest @aashutoshrathi/word-wrap@^1.2.3
1986 silly fetch manifest type-check@^0.4.0
1987 silly fetch manifest fast-levenshtein@^2.0.6
1988 silly placeDep ROOT strip-ansi@6.0.1 OK for: eslint@8.56.0 want: ^6.0.1
1989 silly fetch manifest ansi-regex@^5.0.1
1990 silly placeDep ROOT text-table@0.2.0 OK for: eslint@8.56.0 want: ^0.2.0
1991 http fetch GET 200 https://registry.npmjs.org/brace-expansion 35ms (cache hit)
1992 http fetch GET 200 https://registry.npmjs.org/shebang-command 63ms (cache hit)
1993 http fetch GET 200 https://registry.npmjs.org/which 63ms (cache hit)
1994 http fetch GET 200 https://registry.npmjs.org/path-key 66ms (cache hit)
1995 http fetch GET 200 https://registry.npmjs.org/deep-is 75ms (cache miss)
1996 http fetch GET 200 https://registry.npmjs.org/strip-json-comments 132ms (cache miss)
1997 http fetch GET 200 https://registry.npmjs.org/json-schema-traverse 129ms (cache miss)
1998 http fetch GET 200 https://registry.npmjs.org/esrecurse 124ms (cache miss)
1999 http fetch GET 200 https://registry.npmjs.org/prelude-ls 108ms (cache miss)
2000 http fetch GET 200 https://registry.npmjs.org/fastq 143ms (cache miss)
2001 http fetch GET 200 https://registry.npmjs.org/is-extglob 118ms (cache miss)
2002 http fetch GET 200 https://registry.npmjs.org/type-check 121ms (cache miss)
2003 http fetch GET 200 https://registry.npmjs.org/@humanwhocodes%2fobject-schema 160ms (cache miss)
2004 http fetch GET 200 https://registry.npmjs.org/@nodelib%2ffs.scandir 158ms (cache miss)
2005 http fetch GET 200 https://registry.npmjs.org/acorn-jsx 139ms (cache miss)
2006 http fetch GET 200 https://registry.npmjs.org/estraverse 143ms (cache miss)
2007 http fetch GET 200 https://registry.npmjs.org/flat-cache 138ms (cache miss)
2008 http fetch GET 200 https://registry.npmjs.org/estraverse 142ms (cache miss)
2009 http fetch GET 200 https://registry.npmjs.org/uri-js 158ms (cache miss)
2010 http fetch GET 200 https://registry.npmjs.org/type-check 123ms (cache miss)
2011 http fetch GET 200 https://registry.npmjs.org/fast-levenshtein 128ms (cache miss)
2012 http fetch GET 200 https://registry.npmjs.org/ansi-regex 131ms (cache miss)
2013 http fetch GET 200 https://registry.npmjs.org/@aashutoshrathi%2fword-wrap 170ms (cache miss)
2014 timing idealTree:node_modules/eslint Completed in 235ms
2015 timing idealTree:node_modules/@eslint-community/eslint-utils Completed in 0ms
2016 timing idealTree:node_modules/@eslint-community/regexpp Completed in 0ms
2017 silly placeDep node_modules/@eslint/eslintrc globals@13.24.0 OK for: @eslint/eslintrc@2.1.4 want: ^13.19.0
2018 silly placeDep node_modules/@eslint/eslintrc js-yaml@4.1.0 OK for: @eslint/eslintrc@2.1.4 want: ^4.1.0
2019 silly placeDep ROOT strip-json-comments@3.1.1 OK for: @eslint/eslintrc@2.1.4 want: ^3.1.1
2020 timing idealTree:node_modules/@eslint/eslintrc Completed in 4ms
2021 timing idealTree:node_modules/@eslint/js Completed in 0ms
2022 silly placeDep ROOT @humanwhocodes/object-schema@2.0.1 OK for: @humanwhocodes/config-array@0.11.13 want: ^2.0.1
2023 timing idealTree:node_modules/@humanwhocodes/config-array Completed in 2ms
2024 timing idealTree:node_modules/@humanwhocodes/module-importer Completed in 0ms
2025 timing idealTree:node_modules/@humanwhocodes/object-schema Completed in 0ms
2026 silly placeDep ROOT @nodelib/fs.scandir@2.1.5 OK for: @nodelib/fs.walk@1.2.8 want: 2.1.5
2027 silly fetch manifest @nodelib/fs.stat@2.0.5
2028 silly fetch manifest run-parallel@^1.1.9
2029 silly placeDep ROOT fastq@1.15.0 OK for: @nodelib/fs.walk@1.2.8 want: ^1.6.0
2030 silly fetch manifest reusify@^1.0.4
2031 http fetch GET 200 https://registry.npmjs.org/reusify 57ms (cache miss)
2032 http fetch GET 200 https://registry.npmjs.org/run-parallel 78ms (cache miss)
2033 http fetch GET 200 https://registry.npmjs.org/@nodelib%2ffs.stat 127ms (cache miss)
2034 timing idealTree:node_modules/@nodelib/fs.walk Completed in 129ms
2035 silly placeDep ROOT @nodelib/fs.stat@2.0.5 OK for: @nodelib/fs.scandir@2.1.5 want: 2.0.5
2036 silly placeDep ROOT run-parallel@1.2.0 OK for: @nodelib/fs.scandir@2.1.5 want: ^1.1.9
2037 silly fetch manifest queue-microtask@^1.2.2
2038 http fetch GET 200 https://registry.npmjs.org/queue-microtask 59ms (cache miss)
2039 timing idealTree:node_modules/@nodelib/fs.scandir Completed in 63ms
2040 timing idealTree:node_modules/@nodelib/fs.stat Completed in 0ms
2041 timing idealTree:node_modules/@ungap/structured-clone Completed in 0ms
2042 silly placeDep ROOT json-schema-traverse@0.4.1 OK for: ajv@6.12.6 want: ^0.4.1
2043 silly placeDep ROOT uri-js@4.4.1 OK for: ajv@6.12.6 want: ^4.2.2
2044 silly fetch manifest punycode@^2.1.0
2045 http fetch GET 200 https://registry.npmjs.org/punycode 72ms (cache miss)
2046 timing idealTree:node_modules/ajv Completed in 77ms
2047 silly placeDep ROOT path-key@3.1.1 OK for: cross-spawn@7.0.3 want: ^3.1.0
2048 silly placeDep ROOT shebang-command@2.0.0 OK for: cross-spawn@7.0.3 want: ^2.0.0
2049 silly fetch manifest shebang-regex@^3.0.0
2050 silly placeDep ROOT which@2.0.2 OK for: cross-spawn@7.0.3 want: ^2.0.1
2051 silly fetch manifest isexe@^2.0.0
2052 http fetch GET 200 https://registry.npmjs.org/isexe 8ms (cache hit)
2053 http fetch GET 200 https://registry.npmjs.org/shebang-regex 10ms (cache hit)
2054 timing idealTree:node_modules/cross-spawn Completed in 15ms
2055 timing idealTree:node_modules/doctrine Completed in 0ms
2056 silly fetch manifest eslint@^8.0.0
2057 silly fetch manifest @babel/plugin-syntax-flow@^7.14.5
2058 silly fetch manifest @babel/plugin-transform-react-jsx@^7.14.9
2059 silly placeDep ROOT @babel/eslint-parser@7.23.3 OK for: eslint-config-react-app@7.0.1 want: ^7.16.3
2060 silly fetch manifest @nicolo-ribaudo/eslint-scope-5-internals@5.1.1-v1
2061 silly fetch manifest eslint-visitor-keys@^2.1.0
2062 silly placeDep ROOT @rushstack/eslint-patch@1.6.1 OK for: eslint-config-react-app@7.0.1 want: ^1.1.0
2063 silly placeDep ROOT @typescript-eslint/eslint-plugin@5.62.0 OK for: eslint-config-react-app@7.0.1 want: ^5.5.0
2064 silly placeDep ROOT @typescript-eslint/parser@5.62.0 OK for: @typescript-eslint/eslint-plugin@5.62.0 want: ^5.0.0
2065 silly fetch manifest @typescript-eslint/scope-manager@5.62.0
2066 silly fetch manifest @typescript-eslint/type-utils@5.62.0
2067 silly fetch manifest @typescript-eslint/utils@5.62.0
2068 silly fetch manifest natural-compare-lite@^1.4.0
2069 silly fetch manifest tsutils@^3.21.0
2070 silly fetch manifest @typescript-eslint/types@5.62.0
2071 silly fetch manifest @typescript-eslint/typescript-estree@5.62.0
2072 silly placeDep ROOT confusing-browser-globals@1.0.11 OK for: eslint-config-react-app@7.0.1 want: ^1.0.11
2073 silly placeDep ROOT eslint-plugin-flowtype@8.0.3 OK for: eslint-config-react-app@7.0.1 want: ^8.0.3
2074 silly fetch manifest string-natural-compare@^3.0.1
2075 silly placeDep ROOT eslint-plugin-import@2.29.1 OK for: eslint-config-react-app@7.0.1 want: ^2.25.3
2076 silly fetch manifest array-includes@^3.1.7
2077 silly fetch manifest array.prototype.findlastindex@^1.2.3
2078 silly fetch manifest array.prototype.flat@^1.3.2
2079 silly fetch manifest array.prototype.flatmap@^1.3.2
2080 silly fetch manifest debug@^3.2.7
2081 silly fetch manifest doctrine@^2.1.0
2082 silly fetch manifest eslint-import-resolver-node@^0.3.9
2083 silly fetch manifest eslint-module-utils@^2.8.0
2084 silly fetch manifest hasown@^2.0.0
2085 silly fetch manifest is-core-module@^2.13.1
2086 silly fetch manifest object.fromentries@^2.0.7
2087 silly fetch manifest object.groupby@^1.0.1
2088 silly fetch manifest object.values@^1.1.7
2089 silly fetch manifest tsconfig-paths@^3.15.0
2090 silly placeDep ROOT eslint-plugin-jest@25.7.0 OK for: eslint-config-react-app@7.0.1 want: ^25.3.0
2091 silly fetch manifest @typescript-eslint/experimental-utils@^5.0.0
2092 silly placeDep ROOT eslint-plugin-jsx-a11y@6.8.0 OK for: eslint-config-react-app@7.0.1 want: ^6.5.1
2093 silly fetch manifest aria-query@^5.3.0
2094 silly fetch manifest ast-types-flow@^0.0.8
2095 silly fetch manifest axe-core@=4.7.0
2096 silly fetch manifest axobject-query@^3.2.1
2097 silly fetch manifest damerau-levenshtein@^1.0.8
2098 silly fetch manifest emoji-regex@^9.2.2
2099 silly fetch manifest es-iterator-helpers@^1.0.15
2100 silly fetch manifest jsx-ast-utils@^3.3.5
2101 silly fetch manifest language-tags@^1.0.9
2102 silly fetch manifest object.entries@^1.1.7
2103 silly placeDep ROOT eslint-plugin-react@7.33.2 OK for: eslint-config-react-app@7.0.1 want: ^7.27.1
2104 silly fetch manifest array-includes@^3.1.6
2105 silly fetch manifest array.prototype.flatmap@^1.3.1
2106 silly fetch manifest array.prototype.tosorted@^1.1.1
2107 silly fetch manifest es-iterator-helpers@^1.0.12
2108 silly fetch manifest estraverse@^5.3.0
2109 silly fetch manifest jsx-ast-utils@^2.4.1 || ^3.0.0
2110 silly fetch manifest object.entries@^1.1.6
2111 silly fetch manifest object.fromentries@^2.0.6
2112 silly fetch manifest object.hasown@^1.1.2
2113 silly fetch manifest object.values@^1.1.6
2114 silly fetch manifest prop-types@^15.8.1
2115 silly fetch manifest resolve@^2.0.0-next.4
2116 silly fetch manifest string.prototype.matchall@^4.0.8
2117 silly placeDep ROOT eslint-plugin-react-hooks@4.6.0 OK for: eslint-config-react-app@7.0.1 want: ^4.3.0
2118 silly placeDep ROOT eslint-plugin-testing-library@5.11.1 OK for: eslint-config-react-app@7.0.1 want: ^5.0.1
2119 silly fetch manifest @typescript-eslint/utils@^5.58.0
2120 http fetch GET 200 https://registry.npmjs.org/natural-compare-lite 144ms (cache miss)
2121 http fetch GET 200 https://registry.npmjs.org/array-includes 129ms (cache miss)
2122 http fetch GET 200 https://registry.npmjs.org/string-natural-compare 145ms (cache miss)
2123 http fetch GET 200 https://registry.npmjs.org/array.prototype.flat 136ms (cache miss)
2124 http fetch GET 200 https://registry.npmjs.org/eslint-import-resolver-node 137ms (cache miss)
2125 http fetch GET 200 https://registry.npmjs.org/eslint-module-utils 142ms (cache miss)
2126 http fetch GET 200 https://registry.npmjs.org/tsutils 175ms (cache miss)
2127 http fetch GET 200 https://registry.npmjs.org/array.prototype.findlastindex 163ms (cache miss)
2128 http fetch GET 200 https://registry.npmjs.org/@nicolo-ribaudo%2feslint-scope-5-internals 195ms (cache miss)
2129 http fetch GET 200 https://registry.npmjs.org/array.prototype.flatmap 166ms (cache miss)
2130 http fetch GET 200 https://registry.npmjs.org/object.groupby 181ms (cache miss)
2131 http fetch GET 200 https://registry.npmjs.org/object.fromentries 182ms (cache miss)
2132 http fetch GET 200 https://registry.npmjs.org/hasown 191ms (cache miss)
2133 http fetch GET 200 https://registry.npmjs.org/tsconfig-paths 237ms (cache miss)
2134 http fetch GET 200 https://registry.npmjs.org/axobject-query 229ms (cache miss)
2135 http fetch GET 200 https://registry.npmjs.org/damerau-levenshtein 229ms (cache miss)
2136 http fetch GET 200 https://registry.npmjs.org/aria-query 232ms (cache miss)
2137 http fetch GET 200 https://registry.npmjs.org/es-iterator-helpers 239ms (cache miss)
2138 http fetch GET 200 https://registry.npmjs.org/emoji-regex 246ms (cache miss)
2139 http fetch GET 200 https://registry.npmjs.org/jsx-ast-utils 271ms (cache miss)
2140 http fetch GET 200 https://registry.npmjs.org/array.prototype.tosorted 289ms (cache miss)
2141 http fetch GET 200 https://registry.npmjs.org/array-includes 292ms (cache miss)
2142 http fetch GET 200 https://registry.npmjs.org/array.prototype.flatmap 314ms (cache miss)
2143 http fetch GET 200 https://registry.npmjs.org/es-iterator-helpers 313ms (cache miss)
2144 http fetch GET 200 https://registry.npmjs.org/language-tags 321ms (cache miss)
2145 http fetch GET 200 https://registry.npmjs.org/object.entries 323ms (cache miss)
2146 http fetch GET 200 https://registry.npmjs.org/jsx-ast-utils 341ms (cache miss)
2147 http fetch GET 200 https://registry.npmjs.org/object.fromentries 346ms (cache miss)
2148 http fetch GET 200 https://registry.npmjs.org/object.hasown 383ms (cache miss)
2149 http fetch GET 200 https://registry.npmjs.org/prop-types 412ms (cache miss)
2150 http fetch GET 200 https://registry.npmjs.org/ast-types-flow 489ms (cache miss)
2151 http fetch GET 200 https://registry.npmjs.org/@typescript-eslint%2ftype-utils 619ms (cache miss)
2152 http fetch GET 200 https://registry.npmjs.org/string.prototype.matchall 641ms (cache miss)
2153 http fetch GET 200 https://registry.npmjs.org/axe-core 878ms (cache miss)
2154 http fetch GET 200 https://registry.npmjs.org/@typescript-eslint%2fscope-manager 1049ms (cache miss)
2155 http fetch GET 200 https://registry.npmjs.org/@typescript-eslint%2futils 1179ms (cache miss)
2156 http fetch GET 200 https://registry.npmjs.org/@typescript-eslint%2futils 1258ms (cache miss)
2157 http fetch GET 200 https://registry.npmjs.org/@typescript-eslint%2fexperimental-utils 1248ms (cache miss)
2158 http fetch GET 200 https://registry.npmjs.org/@typescript-eslint%2ftypes 1323ms (cache miss)
2159 http fetch GET 200 https://registry.npmjs.org/object.entries 1345ms (cache miss)
2160 http fetch GET 200 https://registry.npmjs.org/@typescript-eslint%2ftypescript-estree 1500ms (cache miss)
2161 timing idealTree:node_modules/eslint-config-react-app Completed in 1562ms
2162 silly placeDep ROOT @nicolo-ribaudo/eslint-scope-5-internals@5.1.1-v1 OK for: @babel/eslint-parser@7.23.3 want: 5.1.1-v1
2163 silly placeDep node_modules/@babel/eslint-parser eslint-visitor-keys@2.1.0 OK for: @babel/eslint-parser@7.23.3 want: ^2.1.0
2164 silly placeDep node_modules/@babel/eslint-parser semver@6.3.1 OK for: @babel/eslint-parser@7.23.3 want: ^6.3.1
2165 timing idealTree:node_modules/@babel/eslint-parser Completed in 4ms
2166 silly placeDep node_modules/@nicolo-ribaudo/eslint-scope-5-internals eslint-scope@5.1.1 OK for: @nicolo-ribaudo/eslint-scope-5-internals@5.1.1-v1 want: 5.1.1
2167 silly fetch manifest estraverse@^4.1.1
2168 timing idealTree:node_modules/@nicolo-ribaudo/eslint-scope-5-internals Completed in 2ms
2169 timing idealTree:node_modules/@rushstack/eslint-patch Completed in 0ms
2170 silly fetch manifest eslint@^6.0.0 || ^7.0.0 || ^8.0.0
2171 silly fetch manifest typescript@>=2.8.0 || >= 3.2.0-dev || >= 3.3.0-dev || >= 3.4.0-dev || >= 3.5.0-dev || >= 3.6.0-dev || >= 3.6.0-beta || >= 3.7.0-dev || >= 3.7.0-beta
2172 silly placeDep ROOT @typescript-eslint/scope-manager@5.62.0 OK for: @typescript-eslint/eslint-plugin@5.62.0 want: 5.62.0
2173 silly fetch manifest @typescript-eslint/visitor-keys@5.62.0
2174 silly placeDep ROOT @typescript-eslint/type-utils@5.62.0 OK for: @typescript-eslint/eslint-plugin@5.62.0 want: 5.62.0
2175 silly placeDep ROOT @typescript-eslint/utils@5.62.0 OK for: @typescript-eslint/eslint-plugin@5.62.0 want: 5.62.0
2176 silly fetch manifest @types/semver@^7.3.12
2177 silly fetch manifest eslint-scope@^5.1.1
2178 silly placeDep ROOT natural-compare-lite@1.4.0 OK for: @typescript-eslint/eslint-plugin@5.62.0 want: ^1.4.0
2179 silly placeDep ROOT tsutils@3.21.0 OK for: @typescript-eslint/eslint-plugin@5.62.0 want: ^3.21.0
2180 silly placeDep ROOT typescript@5.3.3 OK for: tsutils@3.21.0 want: >=2.8.0 || >= 3.2.0-dev || >= 3.3.0-dev || >= 3.4.0-dev || >= 3.5.0-dev || >= 3.6.0-dev || >= 3.6.0-beta || >= 3.7.0-dev || >= 3.7.0-beta
2181 silly fetch manifest tslib@^1.8.1
2182 http fetch GET 200 https://registry.npmjs.org/@types%2fsemver 104ms (cache miss)
2183 http fetch GET 200 https://registry.npmjs.org/tslib 112ms (cache miss)
2184 http fetch GET 200 https://registry.npmjs.org/@typescript-eslint%2fvisitor-keys 593ms (cache miss)
2185 timing idealTree:node_modules/@typescript-eslint/eslint-plugin Completed in 624ms
2186 silly placeDep ROOT @typescript-eslint/types@5.62.0 OK for: @typescript-eslint/parser@5.62.0 want: 5.62.0
2187 silly placeDep ROOT @typescript-eslint/typescript-estree@5.62.0 OK for: @typescript-eslint/parser@5.62.0 want: 5.62.0
2188 silly fetch manifest globby@^11.1.0
2189 timing idealTree:node_modules/@typescript-eslint/parser Completed in 4ms
2190 silly placeDep ROOT @typescript-eslint/visitor-keys@5.62.0 OK for: @typescript-eslint/scope-manager@5.62.0 want: 5.62.0
2191 timing idealTree:node_modules/@typescript-eslint/scope-manager Completed in 2ms
2192 timing idealTree:node_modules/@typescript-eslint/type-utils Completed in 0ms
2193 timing idealTree:node_modules/@typescript-eslint/types Completed in 0ms
2194 silly placeDep ROOT globby@11.1.0 OK for: @typescript-eslint/typescript-estree@5.62.0 want: ^11.1.0
2195 silly fetch manifest array-union@^2.1.0
2196 silly fetch manifest dir-glob@^3.0.1
2197 silly fetch manifest fast-glob@^3.2.9
2198 silly fetch manifest merge2@^1.4.1
2199 http fetch GET 200 https://registry.npmjs.org/dir-glob 65ms (cache miss)
2200 http fetch GET 200 https://registry.npmjs.org/merge2 68ms (cache miss)
2201 http fetch GET 200 https://registry.npmjs.org/array-union 74ms (cache miss)
2202 timing idealTree:node_modules/@typescript-eslint/typescript-estree Completed in 77ms
2203 silly placeDep ROOT @types/json-schema@7.0.15 OK for: @typescript-eslint/utils@5.62.0 want: ^7.0.9
2204 silly placeDep ROOT @types/semver@7.5.6 OK for: @typescript-eslint/utils@5.62.0 want: ^7.3.12
2205 silly placeDep node_modules/@typescript-eslint/utils eslint-scope@5.1.1 OK for: @typescript-eslint/utils@5.62.0 want: ^5.1.1
2206 timing idealTree:node_modules/@typescript-eslint/utils Completed in 4ms
2207 timing idealTree:node_modules/@types/json-schema Completed in 0ms
2208 timing idealTree:node_modules/@types/semver Completed in 0ms
2209 timing idealTree:node_modules/@typescript-eslint/visitor-keys Completed in 0ms
2210 timing idealTree:node_modules/confusing-browser-globals Completed in 0ms
2211 silly placeDep ROOT lodash@4.17.21 OK for: eslint-plugin-flowtype@8.0.3 want: ^4.17.21
2212 silly placeDep ROOT string-natural-compare@3.0.1 OK for: eslint-plugin-flowtype@8.0.3 want: ^3.0.1
2213 timing idealTree:node_modules/eslint-plugin-flowtype Completed in 3ms
2214 silly placeDep ROOT array-includes@3.1.7 OK for: eslint-plugin-import@2.29.1 want: ^3.1.7
2215 silly fetch manifest call-bind@^1.0.2
2216 silly fetch manifest define-properties@^1.2.0
2217 silly fetch manifest es-abstract@^1.22.1
2218 silly fetch manifest get-intrinsic@^1.2.1
2219 silly fetch manifest is-string@^1.0.7
2220 silly placeDep ROOT array.prototype.findlastindex@1.2.3 OK for: eslint-plugin-import@2.29.1 want: ^1.2.3
2221 silly fetch manifest es-shim-unscopables@^1.0.0
2222 silly placeDep ROOT array.prototype.flat@1.3.2 OK for: eslint-plugin-import@2.29.1 want: ^1.3.2
2223 silly placeDep ROOT array.prototype.flatmap@1.3.2 OK for: eslint-plugin-import@2.29.1 want: ^1.3.2
2224 silly placeDep node_modules/eslint-plugin-import debug@3.2.7 OK for: eslint-plugin-import@2.29.1 want: ^3.2.7
2225 silly placeDep node_modules/eslint-plugin-import doctrine@2.1.0 OK for: eslint-plugin-import@2.29.1 want: ^2.1.0
2226 silly placeDep ROOT eslint-import-resolver-node@0.3.9 OK for: eslint-plugin-import@2.29.1 want: ^0.3.9
2227 silly placeDep ROOT eslint-module-utils@2.8.0 OK for: eslint-plugin-import@2.29.1 want: ^2.8.0
2228 silly placeDep ROOT hasown@2.0.0 OK for: eslint-plugin-import@2.29.1 want: ^2.0.0
2229 silly fetch manifest function-bind@^1.1.2
2230 silly placeDep ROOT is-core-module@2.13.1 OK for: eslint-plugin-import@2.29.1 want: ^2.13.1
2231 silly placeDep ROOT object.fromentries@2.0.7 OK for: eslint-plugin-import@2.29.1 want: ^2.0.7
2232 silly placeDep ROOT object.groupby@1.0.1 OK for: eslint-plugin-import@2.29.1 want: ^1.0.1
2233 silly placeDep ROOT object.values@1.1.7 OK for: eslint-plugin-import@2.29.1 want: ^1.1.7
2234 silly placeDep node_modules/eslint-plugin-import semver@6.3.1 OK for: eslint-plugin-import@2.29.1 want: ^6.3.1
2235 silly placeDep ROOT tsconfig-paths@3.15.0 OK for: eslint-plugin-import@2.29.1 want: ^3.15.0
2236 silly fetch manifest @types/json5@^0.0.29
2237 silly fetch manifest json5@^1.0.2
2238 silly fetch manifest minimist@^1.2.6
2239 silly fetch manifest strip-bom@^3.0.0
2240 http fetch GET 200 https://registry.npmjs.org/minimist 19ms (cache hit)
2241 http fetch GET 200 https://registry.npmjs.org/call-bind 85ms (cache miss)
2242 http fetch GET 200 https://registry.npmjs.org/define-properties 97ms (cache miss)
2243 http fetch GET 200 https://registry.npmjs.org/es-shim-unscopables 89ms (cache miss)
2244 http fetch GET 200 https://registry.npmjs.org/is-string 92ms (cache miss)
2245 http fetch GET 200 https://registry.npmjs.org/function-bind 85ms (cache miss)
2246 http fetch GET 200 https://registry.npmjs.org/@types%2fjson5 77ms (cache miss)
2247 http fetch GET 200 https://registry.npmjs.org/strip-bom 91ms (cache miss)
2248 http fetch GET 200 https://registry.npmjs.org/get-intrinsic 116ms (cache miss)
2249 http fetch GET 200 https://registry.npmjs.org/es-abstract 145ms (cache miss)
2250 timing idealTree:node_modules/eslint-plugin-import Completed in 155ms
2251 silly placeDep ROOT call-bind@1.0.5 OK for: array-includes@3.1.7 want: ^1.0.2
2252 silly fetch manifest set-function-length@^1.1.1
2253 silly placeDep ROOT define-properties@1.2.1 OK for: array-includes@3.1.7 want: ^1.2.0
2254 silly fetch manifest define-data-property@^1.0.1
2255 silly fetch manifest has-property-descriptors@^1.0.0
2256 silly fetch manifest object-keys@^1.1.1
2257 silly placeDep ROOT es-abstract@1.22.3 OK for: array-includes@3.1.7 want: ^1.22.1
2258 silly fetch manifest array-buffer-byte-length@^1.0.0
2259 silly fetch manifest arraybuffer.prototype.slice@^1.0.2
2260 silly fetch manifest available-typed-arrays@^1.0.5
2261 silly fetch manifest es-set-tostringtag@^2.0.1
2262 silly fetch manifest es-to-primitive@^1.2.1
2263 silly fetch manifest function.prototype.name@^1.1.6
2264 silly fetch manifest get-intrinsic@^1.2.2
2265 silly fetch manifest get-symbol-description@^1.0.0
2266 silly fetch manifest globalthis@^1.0.3
2267 silly fetch manifest gopd@^1.0.1
2268 silly fetch manifest has-proto@^1.0.1
2269 silly fetch manifest has-symbols@^1.0.3
2270 silly fetch manifest internal-slot@^1.0.5
2271 silly fetch manifest is-array-buffer@^3.0.2
2272 silly fetch manifest is-callable@^1.2.7
2273 silly fetch manifest is-negative-zero@^2.0.2
2274 silly fetch manifest is-regex@^1.1.4
2275 silly fetch manifest is-shared-array-buffer@^1.0.2
2276 silly fetch manifest is-typed-array@^1.1.12
2277 silly fetch manifest is-weakref@^1.0.2
2278 silly fetch manifest object-inspect@^1.13.1
2279 silly fetch manifest object.assign@^4.1.4
2280 silly fetch manifest regexp.prototype.flags@^1.5.1
2281 silly fetch manifest safe-array-concat@^1.0.1
2282 silly fetch manifest safe-regex-test@^1.0.0
2283 silly fetch manifest string.prototype.trim@^1.2.8
2284 silly fetch manifest string.prototype.trimend@^1.0.7
2285 silly fetch manifest string.prototype.trimstart@^1.0.7
2286 silly fetch manifest typed-array-buffer@^1.0.0
2287 silly fetch manifest typed-array-byte-length@^1.0.0
2288 silly fetch manifest typed-array-byte-offset@^1.0.0
2289 silly fetch manifest typed-array-length@^1.0.4
2290 silly fetch manifest unbox-primitive@^1.0.2
2291 silly fetch manifest which-typed-array@^1.1.13
2292 silly placeDep ROOT get-intrinsic@1.2.2 OK for: array-includes@3.1.7 want: ^1.2.1
2293 silly placeDep ROOT is-string@1.0.7 OK for: array-includes@3.1.7 want: ^1.0.7
2294 silly fetch manifest has-tostringtag@^1.0.0
2295 http fetch GET 200 https://registry.npmjs.org/define-data-property 118ms (cache miss)
2296 http fetch GET 200 https://registry.npmjs.org/set-function-length 126ms (cache miss)
2297 http fetch GET 200 https://registry.npmjs.org/object-keys 126ms (cache miss)
2298 http fetch GET 200 https://registry.npmjs.org/array-buffer-byte-length 124ms (cache miss)
2299 http fetch GET 200 https://registry.npmjs.org/es-to-primitive 123ms (cache miss)
2300 http fetch GET 200 https://registry.npmjs.org/gopd 122ms (cache miss)
2301 http fetch GET 200 https://registry.npmjs.org/function.prototype.name 125ms (cache miss)
2302 http fetch GET 200 https://registry.npmjs.org/get-symbol-description 126ms (cache miss)
2303 http fetch GET 200 https://registry.npmjs.org/es-set-tostringtag 128ms (cache miss)
2304 http fetch GET 200 https://registry.npmjs.org/arraybuffer.prototype.slice 130ms (cache miss)
2305 http fetch GET 200 https://registry.npmjs.org/available-typed-arrays 129ms (cache miss)
2306 http fetch GET 200 https://registry.npmjs.org/has-symbols 126ms (cache miss)
2307 http fetch GET 200 https://registry.npmjs.org/has-property-descriptors 140ms (cache miss)
2308 http fetch GET 200 https://registry.npmjs.org/has-proto 135ms (cache miss)
2309 http fetch GET 200 https://registry.npmjs.org/is-callable 149ms (cache miss)
2310 http fetch GET 200 https://registry.npmjs.org/internal-slot 153ms (cache miss)
2311 http fetch GET 200 https://registry.npmjs.org/is-weakref 150ms (cache miss)
2312 http fetch GET 200 https://registry.npmjs.org/globalthis 157ms (cache miss)
2313 http fetch GET 200 https://registry.npmjs.org/is-shared-array-buffer 157ms (cache miss)
2314 http fetch GET 200 https://registry.npmjs.org/is-regex 256ms (cache miss)
2315 http fetch GET 200 https://registry.npmjs.org/is-array-buffer 258ms (cache miss)
2316 http fetch GET 200 https://registry.npmjs.org/regexp.prototype.flags 250ms (cache miss)
2317 http fetch GET 200 https://registry.npmjs.org/is-typed-array 259ms (cache miss)
2318 http fetch GET 200 https://registry.npmjs.org/is-negative-zero 263ms (cache miss)
2319 http fetch GET 200 https://registry.npmjs.org/safe-regex-test 254ms (cache miss)
2320 http fetch GET 200 https://registry.npmjs.org/string.prototype.trimend 253ms (cache miss)
2321 http fetch GET 200 https://registry.npmjs.org/safe-array-concat 255ms (cache miss)
2322 http fetch GET 200 https://registry.npmjs.org/typed-array-byte-length 251ms (cache miss)
2323 http fetch GET 200 https://registry.npmjs.org/string.prototype.trimstart 253ms (cache miss)
2324 http fetch GET 200 https://registry.npmjs.org/typed-array-buffer 252ms (cache miss)
2325 http fetch GET 200 https://registry.npmjs.org/unbox-primitive 250ms (cache miss)
2326 http fetch GET 200 https://registry.npmjs.org/object.assign 258ms (cache miss)
2327 http fetch GET 200 https://registry.npmjs.org/has-tostringtag 245ms (cache miss)
2328 http fetch GET 200 https://registry.npmjs.org/typed-array-length 251ms (cache miss)
2329 http fetch GET 200 https://registry.npmjs.org/string.prototype.trim 258ms (cache miss)
2330 http fetch GET 200 https://registry.npmjs.org/which-typed-array 252ms (cache miss)
2331 http fetch GET 200 https://registry.npmjs.org/object-inspect 268ms (cache miss)
2332 http fetch GET 200 https://registry.npmjs.org/typed-array-byte-offset 835ms (cache miss)
2333 timing idealTree:node_modules/array-includes Completed in 869ms
2334 silly placeDep ROOT es-shim-unscopables@1.0.2 OK for: array.prototype.findlastindex@1.2.3 want: ^1.0.0
2335 timing idealTree:node_modules/array.prototype.findlastindex Completed in 2ms
2336 timing idealTree:node_modules/array.prototype.flat Completed in 0ms
2337 timing idealTree:node_modules/array.prototype.flatmap Completed in 0ms
2338 silly placeDep ROOT function-bind@1.1.2 OK for: call-bind@1.0.5 want: ^1.1.2
2339 silly placeDep ROOT set-function-length@1.1.1 OK for: call-bind@1.0.5 want: ^1.1.1
2340 silly fetch manifest define-data-property@^1.1.1
2341 timing idealTree:node_modules/call-bind Completed in 3ms
2342 silly placeDep ROOT define-data-property@1.1.1 OK for: define-properties@1.2.1 want: ^1.0.1
2343 silly placeDep ROOT has-property-descriptors@1.0.1 OK for: define-properties@1.2.1 want: ^1.0.0
2344 silly placeDep ROOT object-keys@1.1.1 OK for: define-properties@1.2.1 want: ^1.1.1
2345 timing idealTree:node_modules/define-properties Completed in 5ms
2346 silly placeDep ROOT gopd@1.0.1 OK for: define-data-property@1.1.1 want: ^1.0.1
2347 timing idealTree:node_modules/define-data-property Completed in 1ms
2348 silly placeDep ROOT array-buffer-byte-length@1.0.0 OK for: es-abstract@1.22.3 want: ^1.0.0
2349 silly fetch manifest is-array-buffer@^3.0.1
2350 silly placeDep ROOT arraybuffer.prototype.slice@1.0.2 OK for: es-abstract@1.22.3 want: ^1.0.2
2351 silly placeDep ROOT available-typed-arrays@1.0.5 OK for: es-abstract@1.22.3 want: ^1.0.5
2352 silly placeDep ROOT es-set-tostringtag@2.0.2 OK for: es-abstract@1.22.3 want: ^2.0.1
2353 silly placeDep ROOT es-to-primitive@1.2.1 OK for: es-abstract@1.22.3 want: ^1.2.1
2354 silly fetch manifest is-callable@^1.1.4
2355 silly fetch manifest is-date-object@^1.0.1
2356 silly fetch manifest is-symbol@^1.0.2
2357 silly placeDep ROOT function.prototype.name@1.1.6 OK for: es-abstract@1.22.3 want: ^1.1.6
2358 silly fetch manifest functions-have-names@^1.2.3
2359 silly placeDep ROOT get-symbol-description@1.0.0 OK for: es-abstract@1.22.3 want: ^1.0.0
2360 silly placeDep ROOT globalthis@1.0.3 OK for: es-abstract@1.22.3 want: ^1.0.3
2361 silly placeDep ROOT has-proto@1.0.1 OK for: es-abstract@1.22.3 want: ^1.0.1
2362 silly placeDep ROOT has-symbols@1.0.3 OK for: es-abstract@1.22.3 want: ^1.0.3
2363 silly placeDep ROOT internal-slot@1.0.6 OK for: es-abstract@1.22.3 want: ^1.0.5
2364 silly fetch manifest side-channel@^1.0.4
2365 silly placeDep ROOT is-array-buffer@3.0.2 OK for: es-abstract@1.22.3 want: ^3.0.2
2366 silly fetch manifest is-typed-array@^1.1.10
2367 silly placeDep ROOT is-callable@1.2.7 OK for: es-abstract@1.22.3 want: ^1.2.7
2368 silly placeDep ROOT is-negative-zero@2.0.2 OK for: es-abstract@1.22.3 want: ^2.0.2
2369 silly placeDep ROOT is-regex@1.1.4 OK for: es-abstract@1.22.3 want: ^1.1.4
2370 silly placeDep ROOT is-shared-array-buffer@1.0.2 OK for: es-abstract@1.22.3 want: ^1.0.2
2371 silly placeDep ROOT is-typed-array@1.1.12 OK for: es-abstract@1.22.3 want: ^1.1.12
2372 silly fetch manifest which-typed-array@^1.1.11
2373 silly placeDep ROOT is-weakref@1.0.2 OK for: es-abstract@1.22.3 want: ^1.0.2
2374 silly placeDep ROOT object-inspect@1.13.1 OK for: es-abstract@1.22.3 want: ^1.13.1
2375 silly placeDep ROOT object.assign@4.1.5 OK for: es-abstract@1.22.3 want: ^4.1.4
2376 silly placeDep ROOT regexp.prototype.flags@1.5.1 OK for: es-abstract@1.22.3 want: ^1.5.1
2377 silly fetch manifest set-function-name@^2.0.0
2378 silly placeDep ROOT safe-array-concat@1.0.1 OK for: es-abstract@1.22.3 want: ^1.0.1
2379 silly fetch manifest isarray@^2.0.5
2380 silly placeDep ROOT safe-regex-test@1.0.0 OK for: es-abstract@1.22.3 want: ^1.0.0
2381 silly placeDep ROOT string.prototype.trim@1.2.8 OK for: es-abstract@1.22.3 want: ^1.2.8
2382 silly placeDep ROOT string.prototype.trimend@1.0.7 OK for: es-abstract@1.22.3 want: ^1.0.7
2383 silly placeDep ROOT string.prototype.trimstart@1.0.7 OK for: es-abstract@1.22.3 want: ^1.0.7
2384 silly placeDep ROOT typed-array-buffer@1.0.0 OK for: es-abstract@1.22.3 want: ^1.0.0
2385 silly placeDep ROOT typed-array-byte-length@1.0.0 OK for: es-abstract@1.22.3 want: ^1.0.0
2386 silly fetch manifest for-each@^0.3.3
2387 silly placeDep ROOT typed-array-byte-offset@1.0.0 OK for: es-abstract@1.22.3 want: ^1.0.0
2388 silly placeDep ROOT typed-array-length@1.0.4 OK for: es-abstract@1.22.3 want: ^1.0.4
2389 silly placeDep ROOT unbox-primitive@1.0.2 OK for: es-abstract@1.22.3 want: ^1.0.2
2390 silly fetch manifest has-bigints@^1.0.2
2391 silly fetch manifest which-boxed-primitive@^1.0.2
2392 silly placeDep ROOT which-typed-array@1.1.13 OK for: es-abstract@1.22.3 want: ^1.1.13
2393 http fetch GET 200 https://registry.npmjs.org/isarray 31ms (cache hit)
2394 http fetch GET 200 https://registry.npmjs.org/is-symbol 139ms (cache miss)
2395 http fetch GET 200 https://registry.npmjs.org/which-boxed-primitive 98ms (cache miss)
2396 http fetch GET 200 https://registry.npmjs.org/side-channel 137ms (cache miss)
2397 http fetch GET 200 https://registry.npmjs.org/functions-have-names 152ms (cache miss)
2398 http fetch GET 200 https://registry.npmjs.org/has-bigints 120ms (cache miss)
2399 http fetch GET 200 https://registry.npmjs.org/set-function-name 139ms (cache miss)
2400 http fetch GET 200 https://registry.npmjs.org/is-date-object 165ms (cache miss)
2401 http fetch GET 200 https://registry.npmjs.org/for-each 130ms (cache miss)
2402 timing idealTree:node_modules/es-abstract Completed in 181ms
2403 timing idealTree:node_modules/array-buffer-byte-length Completed in 0ms
2404 timing idealTree:node_modules/arraybuffer.prototype.slice Completed in 0ms
2405 timing idealTree:node_modules/available-typed-arrays Completed in 0ms
2406 silly placeDep ROOT has-tostringtag@1.0.0 OK for: es-set-tostringtag@2.0.2 want: ^1.0.0
2407 timing idealTree:node_modules/es-set-tostringtag Completed in 2ms
2408 timing idealTree:node_modules/es-shim-unscopables Completed in 1ms
2409 silly placeDep ROOT is-date-object@1.0.5 OK for: es-to-primitive@1.2.1 want: ^1.0.1
2410 silly placeDep ROOT is-symbol@1.0.4 OK for: es-to-primitive@1.2.1 want: ^1.0.2
2411 timing idealTree:node_modules/es-to-primitive Completed in 2ms
2412 silly placeDep node_modules/eslint-import-resolver-node debug@3.2.7 OK for: eslint-import-resolver-node@0.3.9 want: ^3.2.7
2413 timing idealTree:node_modules/eslint-import-resolver-node Completed in 2ms
2414 silly placeDep node_modules/eslint-module-utils debug@3.2.7 OK for: eslint-module-utils@2.8.0 want: ^3.2.7
2415 timing idealTree:node_modules/eslint-module-utils Completed in 1ms
2416 silly placeDep ROOT @typescript-eslint/experimental-utils@5.62.0 OK for: eslint-plugin-jest@25.7.0 want: ^5.0.0
2417 timing idealTree:node_modules/eslint-plugin-jest Completed in 3ms
2418 timing idealTree:node_modules/@typescript-eslint/experimental-utils Completed in 1ms
2419 silly placeDep ROOT aria-query@5.3.0 OK for: eslint-plugin-jsx-a11y@6.8.0 want: ^5.3.0
2420 silly fetch manifest dequal@^2.0.3
2421 silly placeDep ROOT ast-types-flow@0.0.8 OK for: eslint-plugin-jsx-a11y@6.8.0 want: ^0.0.8
2422 silly placeDep ROOT axe-core@4.7.0 OK for: eslint-plugin-jsx-a11y@6.8.0 want: =4.7.0
2423 silly placeDep ROOT axobject-query@3.2.1 OK for: eslint-plugin-jsx-a11y@6.8.0 want: ^3.2.1
2424 silly placeDep ROOT damerau-levenshtein@1.0.8 OK for: eslint-plugin-jsx-a11y@6.8.0 want: ^1.0.8
2425 silly placeDep ROOT emoji-regex@9.2.2 OK for: eslint-plugin-jsx-a11y@6.8.0 want: ^9.2.2
2426 silly placeDep ROOT es-iterator-helpers@1.0.15 OK for: eslint-plugin-jsx-a11y@6.8.0 want: ^1.0.15
2427 silly fetch manifest asynciterator.prototype@^1.0.0
2428 silly fetch manifest iterator.prototype@^1.1.2
2429 silly placeDep ROOT jsx-ast-utils@3.3.5 OK for: eslint-plugin-jsx-a11y@6.8.0 want: ^3.3.5
2430 silly placeDep ROOT language-tags@1.0.9 OK for: eslint-plugin-jsx-a11y@6.8.0 want: ^1.0.9
2431 silly fetch manifest language-subtag-registry@^0.3.20
2432 silly placeDep ROOT object.entries@1.1.7 OK for: eslint-plugin-jsx-a11y@6.8.0 want: ^1.1.7
2433 http fetch GET 200 https://registry.npmjs.org/language-subtag-registry 52ms (cache miss)
2434 http fetch GET 200 https://registry.npmjs.org/dequal 77ms (cache miss)
2435 http fetch GET 200 https://registry.npmjs.org/asynciterator.prototype 71ms (cache miss)
2436 http fetch GET 200 https://registry.npmjs.org/iterator.prototype 92ms (cache miss)
2437 timing idealTree:node_modules/eslint-plugin-jsx-a11y Completed in 105ms
2438 silly placeDep ROOT dequal@2.0.3 OK for: aria-query@5.3.0 want: ^2.0.3
2439 timing idealTree:node_modules/aria-query Completed in 2ms
2440 timing idealTree:node_modules/ast-types-flow Completed in 0ms
2441 timing idealTree:node_modules/axe-core Completed in 0ms
2442 timing idealTree:node_modules/axobject-query Completed in 0ms
2443 timing idealTree:node_modules/damerau-levenshtein Completed in 0ms
2444 timing idealTree:node_modules/dequal Completed in 1ms
2445 timing idealTree:node_modules/emoji-regex Completed in 0ms
2446 silly placeDep ROOT asynciterator.prototype@1.0.0 OK for: es-iterator-helpers@1.0.15 want: ^1.0.0
2447 silly placeDep ROOT iterator.prototype@1.1.2 OK for: es-iterator-helpers@1.0.15 want: ^1.1.2
2448 silly fetch manifest reflect.getprototypeof@^1.0.4
2449 silly fetch manifest set-function-name@^2.0.1
2450 http fetch GET 200 https://registry.npmjs.org/reflect.getprototypeof 60ms (cache miss)
2451 timing idealTree:node_modules/es-iterator-helpers Completed in 65ms
2452 timing idealTree:node_modules/asynciterator.prototype Completed in 0ms
2453 silly placeDep ROOT array.prototype.tosorted@1.1.2 OK for: eslint-plugin-react@7.33.2 want: ^1.1.1
2454 silly placeDep node_modules/eslint-plugin-react doctrine@2.1.0 OK for: eslint-plugin-react@7.33.2 want: ^2.1.0
2455 silly placeDep ROOT estraverse@5.3.0 OK for: eslint-plugin-react@7.33.2 want: ^5.3.0
2456 silly placeDep ROOT object.hasown@1.1.3 OK for: eslint-plugin-react@7.33.2 want: ^1.1.2
2457 silly placeDep ROOT prop-types@15.8.1 OK for: eslint-plugin-react@7.33.2 want: ^15.8.1
2458 silly fetch manifest react-is@^16.13.1
2459 silly placeDep node_modules/eslint-plugin-react resolve@2.0.0-next.5 OK for: eslint-plugin-react@7.33.2 want: ^2.0.0-next.4
2460 silly placeDep node_modules/eslint-plugin-react semver@6.3.1 OK for: eslint-plugin-react@7.33.2 want: ^6.3.1
2461 silly placeDep ROOT string.prototype.matchall@4.0.10 OK for: eslint-plugin-react@7.33.2 want: ^4.0.8
2462 http fetch GET 200 https://registry.npmjs.org/react-is 368ms (cache miss)
2463 timing idealTree:node_modules/eslint-plugin-react Completed in 392ms
2464 timing idealTree:node_modules/array.prototype.tosorted Completed in 0ms
2465 timing idealTree:node_modules/eslint-plugin-react-hooks Completed in 0ms
2466 timing idealTree:node_modules/eslint-plugin-testing-library Completed in 0ms
2467 silly placeDep ROOT esrecurse@4.3.0 OK for: eslint-scope@7.2.2 want: ^4.3.0
2468 timing idealTree:node_modules/eslint-scope Completed in 3ms
2469 timing idealTree:node_modules/eslint-visitor-keys Completed in 0ms
2470 silly placeDep ROOT @types/eslint@8.44.9 OK for: eslint-webpack-plugin@3.2.0 want: ^7.29.0 || ^8.4.1
2471 silly fetch manifest @types/estree@*
2472 silly placeDep node_modules/eslint-webpack-plugin jest-worker@28.1.3 OK for: eslint-webpack-plugin@3.2.0 want: ^28.0.2
2473 silly placeDep ROOT normalize-path@3.0.0 OK for: eslint-webpack-plugin@3.2.0 want: ^3.0.0
2474 silly placeDep node_modules/eslint-webpack-plugin schema-utils@4.2.0 OK for: eslint-webpack-plugin@3.2.0 want: ^4.0.0
2475 timing idealTree:node_modules/eslint-webpack-plugin Completed in 7ms
2476 silly placeDep ROOT @types/estree@1.0.5 OK for: @types/eslint@8.44.9 want: *
2477 timing idealTree:node_modules/@types/eslint Completed in 1ms
2478 timing idealTree:node_modules/@types/estree Completed in 0ms
2479 silly placeDep ROOT acorn@8.11.2 OK for: espree@9.6.1 want: ^8.9.0
2480 silly placeDep ROOT acorn-jsx@5.3.2 OK for: espree@9.6.1 want: ^5.3.2
2481 timing idealTree:node_modules/espree Completed in 3ms
2482 timing idealTree:node_modules/acorn Completed in 0ms
2483 timing idealTree:node_modules/acorn-jsx Completed in 0ms
2484 timing idealTree:node_modules/esquery Completed in 0ms
2485 timing idealTree:node_modules/esrecurse Completed in 0ms
2486 timing idealTree:node_modules/estraverse Completed in 0ms
2487 timing idealTree:node_modules/esutils Completed in 0ms
2488 timing idealTree:node_modules/fast-deep-equal Completed in 0ms
2489 timing idealTree:node_modules/fast-json-stable-stringify Completed in 0ms
2490 silly placeDep ROOT reusify@1.0.4 OK for: fastq@1.15.0 want: ^1.0.4
2491 timing idealTree:node_modules/fastq Completed in 1ms
2492 silly placeDep ROOT flat-cache@3.2.0 OK for: file-entry-cache@6.0.1 want: ^3.0.4
2493 silly fetch manifest flatted@^3.2.9
2494 silly fetch manifest keyv@^4.5.3
2495 http fetch GET 200 https://registry.npmjs.org/flatted 66ms (cache miss)
2496 http fetch GET 200 https://registry.npmjs.org/keyv 119ms (cache miss)
2497 timing idealTree:node_modules/file-entry-cache Completed in 124ms
2498 timing idealTree:node_modules/file-loader Completed in 0ms
2499 silly placeDep ROOT commondir@1.0.1 OK for: find-cache-dir@3.3.2 want: ^1.0.1
2500 silly placeDep ROOT pkg-dir@4.2.0 OK for: find-cache-dir@3.3.2 want: ^4.1.0
2501 silly fetch manifest find-up@^4.0.0
2502 timing idealTree:node_modules/find-cache-dir Completed in 3ms
2503 timing idealTree:node_modules/commondir Completed in 0ms
2504 silly placeDep ROOT locate-path@6.0.0 OK for: find-up@5.0.0 want: ^6.0.0
2505 silly fetch manifest p-locate@^5.0.0
2506 silly placeDep ROOT path-exists@4.0.0 OK for: find-up@5.0.0 want: ^4.0.0
2507 http fetch GET 200 https://registry.npmjs.org/p-locate 66ms (cache miss)
2508 timing idealTree:node_modules/find-up Completed in 68ms
2509 silly placeDep ROOT flatted@3.2.9 OK for: flat-cache@3.2.0 want: ^3.2.9
2510 silly placeDep ROOT keyv@4.5.4 OK for: flat-cache@3.2.0 want: ^4.5.3
2511 silly fetch manifest json-buffer@3.0.1
2512 silly placeDep ROOT rimraf@3.0.2 OK for: flat-cache@3.2.0 want: ^3.0.2
2513 silly fetch manifest glob@^7.1.3
2514 http fetch GET 200 https://registry.npmjs.org/json-buffer 67ms (cache miss)
2515 timing idealTree:node_modules/flat-cache Completed in 70ms
2516 timing idealTree:node_modules/flatted Completed in 0ms
2517 silly placeDep ROOT jsonfile@6.1.0 OK for: fs-extra@10.1.0 want: ^6.0.1
2518 silly placeDep ROOT universalify@2.0.1 OK for: fs-extra@10.1.0 want: ^2.0.0
2519 timing idealTree:node_modules/fs-extra Completed in 4ms
2520 timing idealTree:node_modules/fsevents Completed in 0ms
2521 timing idealTree:node_modules/function-bind Completed in 0ms
2522 silly placeDep ROOT functions-have-names@1.2.3 OK for: function.prototype.name@1.1.6 want: ^1.2.3
2523 timing idealTree:node_modules/function.prototype.name Completed in 1ms
2524 timing idealTree:node_modules/functions-have-names Completed in 0ms
2525 timing idealTree:node_modules/gensync Completed in 0ms
2526 timing idealTree:node_modules/get-intrinsic Completed in 0ms
2527 timing idealTree:node_modules/get-package-type Completed in 0ms
2528 timing idealTree:node_modules/get-symbol-description Completed in 0ms
2529 timing idealTree:node_modules/glob-parent Completed in 0ms
2530 timing idealTree:node_modules/globals Completed in 0ms
2531 timing idealTree:node_modules/globalthis Completed in 0ms
2532 silly placeDep ROOT array-union@2.1.0 OK for: globby@11.1.0 want: ^2.1.0
2533 silly placeDep ROOT dir-glob@3.0.1 OK for: globby@11.1.0 want: ^3.0.1
2534 silly placeDep ROOT fast-glob@3.3.2 OK for: globby@11.1.0 want: ^3.2.9
2535 silly fetch manifest glob-parent@^5.1.2
2536 silly fetch manifest merge2@^1.3.0
2537 silly placeDep ROOT merge2@1.4.1 OK for: globby@11.1.0 want: ^1.4.1
2538 timing idealTree:node_modules/globby Completed in 6ms
2539 timing idealTree:node_modules/array-union Completed in 0ms
2540 timing idealTree:node_modules/dir-glob Completed in 0ms
2541 silly placeDep node_modules/fast-glob glob-parent@5.1.2 OK for: fast-glob@3.3.2 want: ^5.1.2
2542 timing idealTree:node_modules/fast-glob Completed in 2ms
2543 timing idealTree:node_modules/gopd Completed in 0ms
2544 timing idealTree:node_modules/graceful-fs Completed in 0ms
2545 timing idealTree:node_modules/graphemer Completed in 0ms
2546 timing idealTree:node_modules/has-property-descriptors Completed in 0ms
2547 timing idealTree:node_modules/has-proto Completed in 0ms
2548 timing idealTree:node_modules/has-symbols Completed in 0ms
2549 timing idealTree:node_modules/has-tostringtag Completed in 0ms
2550 timing idealTree:node_modules/hasown Completed in 0ms
2551 timing idealTree:node_modules/hoopy Completed in 0ms
2552 timing idealTree:node_modules/html-entities Completed in 0ms
2553 silly placeDep ROOT @types/html-minifier-terser@6.1.0 OK for: html-webpack-plugin@5.5.4 want: ^6.0.0
2554 silly placeDep ROOT html-minifier-terser@6.1.0 OK for: html-webpack-plugin@5.5.4 want: ^6.0.2
2555 silly fetch manifest camel-case@^4.1.2
2556 silly fetch manifest clean-css@^5.2.2
2557 silly fetch manifest commander@^8.3.0
2558 silly fetch manifest he@^1.2.0
2559 silly fetch manifest param-case@^3.0.4
2560 silly fetch manifest relateurl@^0.2.7
2561 silly fetch manifest terser@^5.10.0
2562 silly placeDep ROOT pretty-error@4.0.0 OK for: html-webpack-plugin@5.5.4 want: ^4.0.0
2563 silly fetch manifest renderkid@^3.0.0
2564 silly placeDep ROOT tapable@2.2.1 OK for: html-webpack-plugin@5.5.4 want: ^2.0.0
2565 http fetch GET 200 https://registry.npmjs.org/commander 21ms (cache hit)
2566 http fetch GET 200 https://registry.npmjs.org/he 71ms (cache miss)
2567 http fetch GET 200 https://registry.npmjs.org/renderkid 70ms (cache miss)
2568 http fetch GET 200 https://registry.npmjs.org/relateurl 76ms (cache miss)
2569 http fetch GET 200 https://registry.npmjs.org/param-case 88ms (cache miss)
2570 http fetch GET 200 https://registry.npmjs.org/camel-case 97ms (cache miss)
2571 http fetch GET 200 https://registry.npmjs.org/clean-css 198ms (cache miss)
2572 timing idealTree:node_modules/html-webpack-plugin Completed in 205ms
2573 timing idealTree:node_modules/@types/html-minifier-terser Completed in 0ms
2574 silly placeDep ROOT camel-case@4.1.2 OK for: html-minifier-terser@6.1.0 want: ^4.1.2
2575 silly fetch manifest pascal-case@^3.1.2
2576 silly fetch manifest tslib@^2.0.3
2577 silly placeDep ROOT clean-css@5.3.3 OK for: html-minifier-terser@6.1.0 want: ^5.2.2
2578 silly fetch manifest source-map@~0.6.0
2579 silly placeDep ROOT commander@8.3.0 OK for: html-minifier-terser@6.1.0 want: ^8.3.0
2580 silly placeDep ROOT he@1.2.0 OK for: html-minifier-terser@6.1.0 want: ^1.2.0
2581 silly placeDep ROOT param-case@3.0.4 OK for: html-minifier-terser@6.1.0 want: ^3.0.4
2582 silly fetch manifest dot-case@^3.0.4
2583 silly placeDep ROOT relateurl@0.2.7 OK for: html-minifier-terser@6.1.0 want: ^0.2.7
2584 silly placeDep ROOT terser@5.26.0 OK for: html-minifier-terser@6.1.0 want: ^5.10.0
2585 silly fetch manifest @jridgewell/source-map@^0.3.3
2586 silly fetch manifest commander@^2.20.0
2587 silly fetch manifest source-map-support@~0.5.20
2588 http fetch GET 200 https://registry.npmjs.org/pascal-case 92ms (cache miss)
2589 http fetch GET 200 https://registry.npmjs.org/source-map-support 84ms (cache miss)
2590 http fetch GET 200 https://registry.npmjs.org/dot-case 137ms (cache miss)
2591 http fetch GET 200 https://registry.npmjs.org/@jridgewell%2fsource-map 151ms (cache miss)
2592 timing idealTree:node_modules/html-minifier-terser Completed in 165ms
2593 silly placeDep ROOT pascal-case@3.1.2 OK for: camel-case@4.1.2 want: ^3.1.2
2594 silly fetch manifest no-case@^3.0.4
2595 silly placeDep ROOT tslib@2.6.2 OK for: camel-case@4.1.2 want: ^2.0.3
2596 http fetch GET 200 https://registry.npmjs.org/no-case 65ms (cache miss)
2597 timing idealTree:node_modules/camel-case Completed in 67ms
2598 silly placeDep node_modules/clean-css source-map@0.6.1 OK for: clean-css@5.3.3 want: ~0.6.0
2599 timing idealTree:node_modules/clean-css Completed in 1ms
2600 timing idealTree:node_modules/commander Completed in 0ms
2601 timing idealTree:node_modules/he Completed in 0ms
2602 timing idealTree:node_modules/icss-utils Completed in 0ms
2603 silly placeDep ROOT harmony-reflect@1.6.2 OK for: identity-obj-proxy@3.0.0 want: ^1.4.6
2604 timing idealTree:node_modules/identity-obj-proxy Completed in 1ms
2605 timing idealTree:node_modules/harmony-reflect Completed in 0ms
2606 timing idealTree:node_modules/ignore Completed in 0ms
2607 silly placeDep ROOT parent-module@1.0.1 OK for: import-fresh@3.3.0 want: ^1.0.0
2608 silly fetch manifest callsites@^3.0.0
2609 silly placeDep node_modules/import-fresh resolve-from@4.0.0 OK for: import-fresh@3.3.0 want: ^4.0.0
2610 http fetch GET 200 https://registry.npmjs.org/callsites 60ms (cache miss)
2611 timing idealTree:node_modules/import-fresh Completed in 63ms
2612 timing idealTree:node_modules/imurmurhash Completed in 0ms
2613 silly placeDep ROOT side-channel@1.0.4 OK for: internal-slot@1.0.6 want: ^1.0.4
2614 timing idealTree:node_modules/internal-slot Completed in 3ms
2615 timing idealTree:node_modules/is-array-buffer Completed in 0ms
2616 timing idealTree:node_modules/is-callable Completed in 0ms
2617 timing idealTree:node_modules/is-core-module Completed in 0ms
2618 timing idealTree:node_modules/is-date-object Completed in 0ms
2619 silly placeDep ROOT is-extglob@2.1.1 OK for: is-glob@4.0.3 want: ^2.1.1
2620 timing idealTree:node_modules/is-glob Completed in 1ms
2621 timing idealTree:node_modules/is-extglob Completed in 0ms
2622 timing idealTree:node_modules/is-negative-zero Completed in 0ms
2623 timing idealTree:node_modules/is-path-inside Completed in 0ms
2624 timing idealTree:node_modules/is-regex Completed in 0ms
2625 timing idealTree:node_modules/is-shared-array-buffer Completed in 0ms
2626 timing idealTree:node_modules/is-string Completed in 0ms
2627 timing idealTree:node_modules/is-symbol Completed in 0ms
2628 timing idealTree:node_modules/is-typed-array Completed in 0ms
2629 timing idealTree:node_modules/is-weakref Completed in 0ms
2630 silly placeDep ROOT istanbul-lib-coverage@3.2.2 OK for: istanbul-lib-instrument@5.2.1 want: ^3.2.0
2631 silly placeDep node_modules/istanbul-lib-instrument semver@6.3.1 OK for: istanbul-lib-instrument@5.2.1 want: ^6.3.0
2632 timing idealTree:node_modules/istanbul-lib-instrument Completed in 2ms
2633 timing idealTree:node_modules/istanbul-lib-coverage Completed in 0ms
2634 silly placeDep ROOT reflect.getprototypeof@1.0.4 OK for: iterator.prototype@1.1.2 want: ^1.0.4
2635 silly fetch manifest which-builtin-type@^1.1.3
2636 silly placeDep ROOT set-function-name@2.0.1 OK for: iterator.prototype@1.1.2 want: ^2.0.1
2637 http fetch GET 200 https://registry.npmjs.org/which-builtin-type 74ms (cache miss)
2638 timing idealTree:node_modules/iterator.prototype Completed in 78ms
2639 silly placeDep ROOT @jest/core@27.5.1 OK for: jest@27.5.1 want: ^27.5.1
2640 silly fetch manifest @jest/console@^27.5.1
2641 silly fetch manifest @jest/reporters@^27.5.1
2642 silly fetch manifest @jest/test-result@^27.5.1
2643 silly fetch manifest ansi-escapes@^4.2.1
2644 silly fetch manifest emittery@^0.8.1
2645 silly fetch manifest exit@^0.1.2
2646 silly fetch manifest jest-changed-files@^27.5.1
2647 silly fetch manifest jest-config@^27.5.1
2648 silly fetch manifest jest-message-util@^27.5.1
2649 silly fetch manifest jest-resolve-dependencies@^27.5.1
2650 silly fetch manifest jest-runner@^27.5.1
2651 silly fetch manifest jest-runtime@^27.5.1
2652 silly fetch manifest jest-snapshot@^27.5.1
2653 silly fetch manifest jest-watcher@^27.5.1
2654 silly placeDep ROOT import-local@3.1.0 OK for: jest@27.5.1 want: ^3.0.2
2655 silly fetch manifest resolve-cwd@^3.0.0
2656 silly placeDep ROOT jest-cli@27.5.1 OK for: jest@27.5.1 want: ^27.5.1
2657 silly fetch manifest yargs@^16.2.0
2658 http fetch GET 200 https://registry.npmjs.org/resolve-cwd 106ms (cache miss)
2659 http fetch GET 200 https://registry.npmjs.org/emittery 116ms (cache miss)
2660 http fetch GET 200 https://registry.npmjs.org/exit 116ms (cache miss)
2661 http fetch GET 200 https://registry.npmjs.org/yargs 109ms (cache miss)
2662 http fetch GET 200 https://registry.npmjs.org/jest-runtime 136ms (cache miss)
2663 http fetch GET 200 https://registry.npmjs.org/@jest%2ftest-result 150ms (cache miss)
2664 http fetch GET 200 https://registry.npmjs.org/@jest%2fconsole 154ms (cache miss)
2665 http fetch GET 200 https://registry.npmjs.org/jest-config 161ms (cache miss)
2666 http fetch GET 200 https://registry.npmjs.org/jest-resolve-dependencies 174ms (cache miss)
2667 http fetch GET 200 https://registry.npmjs.org/jest-changed-files 187ms (cache miss)
2668 http fetch GET 200 https://registry.npmjs.org/jest-message-util 188ms (cache miss)
2669 http fetch GET 200 https://registry.npmjs.org/@jest%2freporters 200ms (cache miss)
2670 http fetch GET 200 https://registry.npmjs.org/jest-snapshot 203ms (cache miss)
2671 http fetch GET 200 https://registry.npmjs.org/jest-runner 208ms (cache miss)
2672 timing idealTree:node_modules/jest Completed in 223ms
2673 silly fetch manifest ts-node@>=9.0.0
2674 http fetch GET 200 https://registry.npmjs.org/ts-node 353ms (cache miss)
2675 silly fetch manifest @swc/core@>=1.2.50
2676 http fetch GET 200 https://registry.npmjs.org/@swc%2fcore 182ms (cache miss)
2677 silly fetch manifest @swc/helpers@^0.5.0
2678 http fetch GET 200 https://registry.npmjs.org/@swc%2fhelpers 111ms (cache miss)
2679 silly fetch manifest @swc/wasm@>=1.2.50
2680 http fetch GET 200 https://registry.npmjs.org/@swc%2fwasm 225ms (cache miss)
2681 silly fetch manifest typescript@>=2.7
2682 silly placeDep ROOT @jest/console@27.5.1 OK for: @jest/core@27.5.1 want: ^27.5.1
2683 silly placeDep ROOT @jest/reporters@27.5.1 OK for: @jest/core@27.5.1 want: ^27.5.1
2684 silly fetch manifest @bcoe/v8-coverage@^0.2.3
2685 silly fetch manifest collect-v8-coverage@^1.0.0
2686 silly fetch manifest glob@^7.1.2
2687 silly fetch manifest istanbul-lib-report@^3.0.0
2688 silly fetch manifest istanbul-lib-source-maps@^4.0.0
2689 silly fetch manifest istanbul-reports@^3.1.3
2690 silly fetch manifest source-map@^0.6.0
2691 silly fetch manifest string-length@^4.0.1
2692 silly fetch manifest terminal-link@^2.0.0
2693 silly fetch manifest v8-to-istanbul@^8.1.0
2694 silly placeDep ROOT @jest/test-result@27.5.1 OK for: @jest/core@27.5.1 want: ^27.5.1
2695 silly placeDep ROOT ansi-escapes@4.3.2 OK for: @jest/core@27.5.1 want: ^4.2.1
2696 silly fetch manifest type-fest@^0.21.3
2697 silly placeDep node_modules/@jest/core chalk@4.1.2 OK for: @jest/core@27.5.1 want: ^4.0.0
2698 silly placeDep ROOT emittery@0.8.1 OK for: @jest/core@27.5.1 want: ^0.8.1
2699 silly placeDep ROOT exit@0.1.2 OK for: @jest/core@27.5.1 want: ^0.1.2
2700 silly placeDep ROOT jest-changed-files@27.5.1 OK for: @jest/core@27.5.1 want: ^27.5.1
2701 silly fetch manifest execa@^5.0.0
2702 silly fetch manifest throat@^6.0.1
2703 silly placeDep ROOT jest-config@27.5.1 OK for: @jest/core@27.5.1 want: ^27.5.1
2704 silly fetch manifest @jest/test-sequencer@^27.5.1
2705 silly fetch manifest glob@^7.1.1
2706 silly fetch manifest jest-circus@^27.5.1
2707 silly fetch manifest jest-environment-jsdom@^27.5.1
2708 silly fetch manifest jest-environment-node@^27.5.1
2709 silly fetch manifest jest-get-type@^27.5.1
2710 silly fetch manifest jest-jasmine2@^27.5.1
2711 silly fetch manifest pretty-format@^27.5.1
2712 silly placeDep ROOT jest-message-util@27.5.1 OK for: @jest/core@27.5.1 want: ^27.5.1
2713 silly fetch manifest @types/stack-utils@^2.0.0
2714 silly fetch manifest stack-utils@^2.0.3
2715 silly placeDep ROOT jest-resolve-dependencies@27.5.1 OK for: @jest/core@27.5.1 want: ^27.5.1
2716 silly placeDep ROOT jest-runner@27.5.1 OK for: @jest/core@27.5.1 want: ^27.5.1
2717 silly fetch manifest @jest/environment@^27.5.1
2718 silly fetch manifest jest-docblock@^27.5.1
2719 silly fetch manifest jest-leak-detector@^27.5.1
2720 silly fetch manifest source-map-support@^0.5.6
2721 silly placeDep ROOT jest-runtime@27.5.1 OK for: @jest/core@27.5.1 want: ^27.5.1
2722 silly fetch manifest @jest/fake-timers@^27.5.1
2723 silly fetch manifest @jest/globals@^27.5.1
2724 silly fetch manifest @jest/source-map@^27.5.1
2725 silly fetch manifest cjs-module-lexer@^1.0.0
2726 silly fetch manifest jest-mock@^27.5.1
2727 silly fetch manifest strip-bom@^4.0.0
2728 silly placeDep ROOT jest-snapshot@27.5.1 OK for: @jest/core@27.5.1 want: ^27.5.1
2729 silly fetch manifest @types/prettier@^2.1.5
2730 silly fetch manifest expect@^27.5.1
2731 silly fetch manifest jest-diff@^27.5.1
2732 silly fetch manifest jest-matcher-utils@^27.5.1
2733 silly placeDep ROOT jest-validate@27.5.1 OK for: @jest/core@27.5.1 want: ^27.5.1
2734 silly fetch manifest leven@^3.1.0
2735 silly placeDep ROOT jest-watcher@27.5.1 OK for: @jest/core@27.5.1 want: ^27.5.1
2736 http fetch GET 200 https://registry.npmjs.org/terminal-link 133ms (cache miss)
2737 http fetch GET 200 https://registry.npmjs.org/istanbul-lib-report 178ms (cache miss)
2738 http fetch GET 200 https://registry.npmjs.org/collect-v8-coverage 181ms (cache miss)
2739 http fetch GET 200 https://registry.npmjs.org/throat 161ms (cache miss)
2740 http fetch GET 200 https://registry.npmjs.org/istanbul-lib-source-maps 181ms (cache miss)
2741 http fetch GET 200 https://registry.npmjs.org/istanbul-reports 183ms (cache miss)
2742 http fetch GET 200 https://registry.npmjs.org/execa 180ms (cache miss)
2743 http fetch GET 200 https://registry.npmjs.org/@bcoe%2fv8-coverage 203ms (cache miss)
2744 http fetch GET 200 https://registry.npmjs.org/jest-get-type 179ms (cache miss)
2745 http fetch GET 200 https://registry.npmjs.org/v8-to-istanbul 210ms (cache miss)
2746 http fetch GET 200 https://registry.npmjs.org/jest-jasmine2 187ms (cache miss)
2747 http fetch GET 200 https://registry.npmjs.org/jest-environment-node 204ms (cache miss)
2748 http fetch GET 200 https://registry.npmjs.org/stack-utils 201ms (cache miss)
2749 http fetch GET 200 https://registry.npmjs.org/@jest%2ftest-sequencer 245ms (cache miss)
2750 http fetch GET 200 https://registry.npmjs.org/jest-environment-jsdom 253ms (cache miss)
2751 http fetch GET 200 https://registry.npmjs.org/cjs-module-lexer 239ms (cache miss)
2752 http fetch GET 200 https://registry.npmjs.org/jest-docblock 252ms (cache miss)
2753 http fetch GET 200 https://registry.npmjs.org/jest-circus 268ms (cache miss)
2754 http fetch GET 200 https://registry.npmjs.org/pretty-format 272ms (cache miss)
2755 http fetch GET 200 https://registry.npmjs.org/@jest%2fsource-map 271ms (cache miss)
2756 http fetch GET 200 https://registry.npmjs.org/@types%2fprettier 267ms (cache miss)
2757 http fetch GET 200 https://registry.npmjs.org/jest-leak-detector 281ms (cache miss)
2758 http fetch GET 200 https://registry.npmjs.org/@jest%2fglobals 280ms (cache miss)
2759 http fetch GET 200 https://registry.npmjs.org/leven 279ms (cache miss)
2760 http fetch GET 200 https://registry.npmjs.org/expect 283ms (cache miss)
2761 http fetch GET 200 https://registry.npmjs.org/@jest%2ffake-timers 302ms (cache miss)
2762 http fetch GET 200 https://registry.npmjs.org/@jest%2fenvironment 312ms (cache miss)
2763 http fetch GET 200 https://registry.npmjs.org/jest-mock 311ms (cache miss)
2764 http fetch GET 200 https://registry.npmjs.org/jest-diff 319ms (cache miss)
2765 http fetch GET 200 https://registry.npmjs.org/jest-matcher-utils 333ms (cache miss)
2766 http fetch GET 200 https://registry.npmjs.org/@types%2fstack-utils 471ms (cache miss)
2767 timing idealTree:node_modules/@jest/core Completed in 1404ms
2768 silly placeDep node_modules/@jest/console chalk@4.1.2 OK for: @jest/console@27.5.1 want: ^4.0.0
2769 timing idealTree:node_modules/@jest/console Completed in 3ms
2770 silly placeDep ROOT @bcoe/v8-coverage@0.2.3 OK for: @jest/reporters@27.5.1 want: ^0.2.3
2771 silly placeDep node_modules/@jest/reporters chalk@4.1.2 OK for: @jest/reporters@27.5.1 want: ^4.0.0
2772 silly placeDep ROOT collect-v8-coverage@1.0.2 OK for: @jest/reporters@27.5.1 want: ^1.0.0
2773 silly placeDep ROOT glob@7.2.3 OK for: @jest/reporters@27.5.1 want: ^7.1.2
2774 silly fetch manifest fs.realpath@^1.0.0
2775 silly fetch manifest inflight@^1.0.4
2776 silly fetch manifest inherits@2
2777 silly fetch manifest once@^1.3.0
2778 silly fetch manifest path-is-absolute@^1.0.0
2779 silly placeDep ROOT istanbul-lib-report@3.0.1 OK for: @jest/reporters@27.5.1 want: ^3.0.0
2780 silly fetch manifest make-dir@^4.0.0
2781 silly placeDep ROOT istanbul-lib-source-maps@4.0.1 OK for: @jest/reporters@27.5.1 want: ^4.0.0
2782 silly placeDep ROOT istanbul-reports@3.1.6 OK for: @jest/reporters@27.5.1 want: ^3.1.3
2783 silly fetch manifest html-escaper@^2.0.0
2784 silly placeDep node_modules/@jest/reporters source-map@0.6.1 OK for: @jest/reporters@27.5.1 want: ^0.6.0
2785 silly placeDep ROOT string-length@4.0.2 OK for: @jest/reporters@27.5.1 want: ^4.0.1
2786 silly fetch manifest char-regex@^1.0.2
2787 silly placeDep ROOT terminal-link@2.1.1 OK for: @jest/reporters@27.5.1 want: ^2.0.0
2788 silly fetch manifest supports-hyperlinks@^2.0.0
2789 silly placeDep ROOT v8-to-istanbul@8.1.1 OK for: @jest/reporters@27.5.1 want: ^8.1.0
2790 silly fetch manifest convert-source-map@^1.6.0
2791 http fetch GET 200 https://registry.npmjs.org/inherits 34ms (cache hit)
2792 http fetch GET 200 https://registry.npmjs.org/inflight 36ms (cache hit)
2793 http fetch GET 200 https://registry.npmjs.org/fs.realpath 37ms (cache hit)
2794 http fetch GET 200 https://registry.npmjs.org/path-is-absolute 36ms (cache hit)
2795 http fetch GET 200 https://registry.npmjs.org/once 36ms (cache hit)
2796 http fetch GET 200 https://registry.npmjs.org/html-escaper 87ms (cache miss)
2797 http fetch GET 200 https://registry.npmjs.org/supports-hyperlinks 83ms (cache miss)
2798 http fetch GET 200 https://registry.npmjs.org/char-regex 89ms (cache miss)
2799 timing idealTree:node_modules/@jest/reporters Completed in 111ms
2800 timing idealTree:node_modules/@bcoe/v8-coverage Completed in 0ms
2801 timing idealTree:node_modules/@jest/test-result Completed in 1ms
2802 silly placeDep ROOT type-fest@0.21.3 OK for: ansi-escapes@4.3.2 want: ^0.21.3
2803 timing idealTree:node_modules/ansi-escapes Completed in 2ms
2804 timing idealTree:node_modules/collect-v8-coverage Completed in 0ms
2805 timing idealTree:node_modules/emittery Completed in 0ms
2806 timing idealTree:node_modules/exit Completed in 0ms
2807 silly placeDep ROOT fs.realpath@1.0.0 OK for: glob@7.2.3 want: ^1.0.0
2808 silly placeDep ROOT inflight@1.0.6 OK for: glob@7.2.3 want: ^1.0.4
2809 silly fetch manifest wrappy@1
2810 silly placeDep ROOT inherits@2.0.4 OK for: glob@7.2.3 want: 2
2811 silly placeDep ROOT once@1.4.0 OK for: glob@7.2.3 want: ^1.3.0
2812 silly placeDep ROOT path-is-absolute@1.0.1 OK for: glob@7.2.3 want: ^1.0.0
2813 http fetch GET 200 https://registry.npmjs.org/wrappy 11ms (cache hit)
2814 timing idealTree:node_modules/glob Completed in 16ms
2815 timing idealTree:node_modules/fs.realpath Completed in 0ms
2816 silly placeDep ROOT resolve-cwd@3.0.0 OK for: import-local@3.1.0 want: ^3.0.0
2817 timing idealTree:node_modules/import-local Completed in 2ms
2818 silly placeDep ROOT wrappy@1.0.2 OK for: inflight@1.0.6 want: 1
2819 timing idealTree:node_modules/inflight Completed in 1ms
2820 timing idealTree:node_modules/inherits Completed in 0ms
2821 silly placeDep node_modules/istanbul-lib-report make-dir@4.0.0 OK for: istanbul-lib-report@3.0.1 want: ^4.0.0
2822 silly placeDep node_modules/istanbul-lib-report supports-color@7.2.0 OK for: istanbul-lib-report@3.0.1 want: ^7.1.0
2823 silly fetch manifest has-flag@^4.0.0
2824 timing idealTree:node_modules/istanbul-lib-report Completed in 3ms
2825 silly placeDep node_modules/istanbul-lib-source-maps source-map@0.6.1 OK for: istanbul-lib-source-maps@4.0.1 want: ^0.6.1
2826 timing idealTree:node_modules/istanbul-lib-source-maps Completed in 1ms
2827 silly placeDep ROOT html-escaper@2.0.2 OK for: istanbul-reports@3.1.6 want: ^2.0.0
2828 timing idealTree:node_modules/istanbul-reports Completed in 1ms
2829 timing idealTree:node_modules/html-escaper Completed in 0ms
2830 silly placeDep ROOT execa@5.1.1 OK for: jest-changed-files@27.5.1 want: ^5.0.0
2831 silly fetch manifest get-stream@^6.0.0
2832 silly fetch manifest human-signals@^2.1.0
2833 silly fetch manifest is-stream@^2.0.0
2834 silly fetch manifest npm-run-path@^4.0.1
2835 silly fetch manifest onetime@^5.1.2
2836 silly fetch manifest signal-exit@^3.0.3
2837 silly fetch manifest strip-final-newline@^2.0.0
2838 silly placeDep ROOT throat@6.0.2 OK for: jest-changed-files@27.5.1 want: ^6.0.1
2839 http fetch GET 200 https://registry.npmjs.org/human-signals 57ms (cache miss)
2840 http fetch GET 200 https://registry.npmjs.org/is-stream 82ms (cache miss)
2841 http fetch GET 200 https://registry.npmjs.org/strip-final-newline 83ms (cache miss)
2842 http fetch GET 200 https://registry.npmjs.org/npm-run-path 85ms (cache miss)
2843 http fetch GET 200 https://registry.npmjs.org/onetime 85ms (cache miss)
2844 http fetch GET 200 https://registry.npmjs.org/get-stream 87ms (cache miss)
2845 timing idealTree:node_modules/jest-changed-files Completed in 91ms
2846 silly placeDep ROOT get-stream@6.0.1 OK for: execa@5.1.1 want: ^6.0.0
2847 silly placeDep ROOT human-signals@2.1.0 OK for: execa@5.1.1 want: ^2.1.0
2848 silly placeDep ROOT is-stream@2.0.1 OK for: execa@5.1.1 want: ^2.0.0
2849 silly placeDep ROOT merge-stream@2.0.0 OK for: execa@5.1.1 want: ^2.0.0
2850 silly placeDep ROOT npm-run-path@4.0.1 OK for: execa@5.1.1 want: ^4.0.1
2851 silly placeDep ROOT onetime@5.1.2 OK for: execa@5.1.1 want: ^5.1.2
2852 silly fetch manifest mimic-fn@^2.1.0
2853 silly placeDep ROOT signal-exit@3.0.7 OK for: execa@5.1.1 want: ^3.0.3
2854 silly placeDep ROOT strip-final-newline@2.0.0 OK for: execa@5.1.1 want: ^2.0.0
2855 http fetch GET 200 https://registry.npmjs.org/mimic-fn 81ms (cache miss)
2856 timing idealTree:node_modules/execa Completed in 91ms
2857 timing idealTree:node_modules/get-stream Completed in 0ms
2858 timing idealTree:node_modules/human-signals Completed in 0ms
2859 timing idealTree:node_modules/is-stream Completed in 0ms
2860 silly placeDep node_modules/jest-cli chalk@4.1.2 OK for: jest-cli@27.5.1 want: ^4.0.0
2861 silly placeDep ROOT yargs@16.2.0 OK for: jest-cli@27.5.1 want: ^16.2.0
2862 silly fetch manifest cliui@^7.0.2
2863 silly fetch manifest get-caller-file@^2.0.5
2864 silly fetch manifest require-directory@^2.1.1
2865 silly fetch manifest string-width@^4.2.0
2866 silly fetch manifest y18n@^5.0.5
2867 silly fetch manifest yargs-parser@^20.2.2
2868 http fetch GET 200 https://registry.npmjs.org/require-directory 70ms (cache miss)
2869 http fetch GET 200 https://registry.npmjs.org/y18n 73ms (cache miss)
2870 http fetch GET 200 https://registry.npmjs.org/get-caller-file 75ms (cache miss)
2871 http fetch GET 200 https://registry.npmjs.org/yargs-parser 76ms (cache miss)
2872 http fetch GET 200 https://registry.npmjs.org/string-width 79ms (cache miss)
2873 http fetch GET 200 https://registry.npmjs.org/cliui 114ms (cache miss)
2874 timing idealTree:node_modules/jest-cli Completed in 119ms
2875 silly placeDep ROOT @jest/test-sequencer@27.5.1 OK for: jest-config@27.5.1 want: ^27.5.1
2876 silly placeDep node_modules/jest-config chalk@4.1.2 OK for: jest-config@27.5.1 want: ^4.0.0
2877 silly placeDep ROOT ci-info@3.9.0 OK for: jest-config@27.5.1 want: ^3.2.0
2878 silly placeDep ROOT jest-circus@27.5.1 OK for: jest-config@27.5.1 want: ^27.5.1
2879 silly fetch manifest co@^4.6.0
2880 silly fetch manifest dedent@^0.7.0
2881 silly fetch manifest is-generator-fn@^2.0.0
2882 silly fetch manifest jest-each@^27.5.1
2883 silly placeDep ROOT jest-environment-jsdom@27.5.1 OK for: jest-config@27.5.1 want: ^27.5.1
2884 silly fetch manifest jsdom@^16.6.0
2885 silly placeDep ROOT jest-environment-node@27.5.1 OK for: jest-config@27.5.1 want: ^27.5.1
2886 silly placeDep ROOT jest-get-type@27.5.1 OK for: jest-config@27.5.1 want: ^27.5.1
2887 silly placeDep ROOT jest-jasmine2@27.5.1 OK for: jest-config@27.5.1 want: ^27.5.1
2888 silly placeDep ROOT pretty-format@27.5.1 OK for: jest-config@27.5.1 want: ^27.5.1
2889 silly fetch manifest ansi-styles@^5.0.0
2890 silly fetch manifest react-is@^17.0.1
2891 http fetch GET 200 https://registry.npmjs.org/is-generator-fn 69ms (cache miss)
2892 http fetch GET 200 https://registry.npmjs.org/co 90ms (cache miss)
2893 http fetch GET 200 https://registry.npmjs.org/dedent 92ms (cache miss)
2894 http fetch GET 200 https://registry.npmjs.org/jest-each 102ms (cache miss)
2895 http fetch GET 200 https://registry.npmjs.org/jsdom 111ms (cache miss)
2896 timing idealTree:node_modules/jest-config Completed in 131ms
2897 timing idealTree:node_modules/@jest/test-sequencer Completed in 0ms
2898 timing idealTree:node_modules/ci-info Completed in 0ms
2899 silly placeDep ROOT @jest/environment@27.5.1 OK for: jest-circus@27.5.1 want: ^27.5.1
2900 silly placeDep node_modules/jest-circus chalk@4.1.2 OK for: jest-circus@27.5.1 want: ^4.0.0
2901 silly placeDep ROOT co@4.6.0 OK for: jest-circus@27.5.1 want: ^4.6.0
2902 silly placeDep ROOT dedent@0.7.0 OK for: jest-circus@27.5.1 want: ^0.7.0
2903 silly placeDep ROOT expect@27.5.1 OK for: jest-circus@27.5.1 want: ^27.5.1
2904 silly placeDep ROOT is-generator-fn@2.1.0 OK for: jest-circus@27.5.1 want: ^2.0.0
2905 silly placeDep ROOT jest-each@27.5.1 OK for: jest-circus@27.5.1 want: ^27.5.1
2906 silly placeDep ROOT jest-matcher-utils@27.5.1 OK for: jest-circus@27.5.1 want: ^27.5.1
2907 silly placeDep ROOT stack-utils@2.0.6 OK for: jest-circus@27.5.1 want: ^2.0.3
2908 silly fetch manifest escape-string-regexp@^2.0.0
2909 timing idealTree:node_modules/jest-circus Completed in 18ms
2910 silly placeDep ROOT @jest/fake-timers@27.5.1 OK for: @jest/environment@27.5.1 want: ^27.5.1
2911 silly fetch manifest @sinonjs/fake-timers@^8.0.1
2912 silly placeDep ROOT jest-mock@27.5.1 OK for: @jest/environment@27.5.1 want: ^27.5.1
2913 http fetch GET 200 https://registry.npmjs.org/@sinonjs%2ffake-timers 135ms (cache miss)
2914 timing idealTree:node_modules/@jest/environment Completed in 140ms
2915 silly placeDep ROOT @sinonjs/fake-timers@8.1.0 OK for: @jest/fake-timers@27.5.1 want: ^8.0.1
2916 silly fetch manifest @sinonjs/commons@^1.7.0
2917 http fetch GET 200 https://registry.npmjs.org/@sinonjs%2fcommons 112ms (cache miss)
2918 timing idealTree:node_modules/@jest/fake-timers Completed in 116ms
2919 silly placeDep ROOT @sinonjs/commons@1.8.6 OK for: @sinonjs/fake-timers@8.1.0 want: ^1.7.0
2920 silly fetch manifest type-detect@4.0.8
2921 http fetch GET 200 https://registry.npmjs.org/type-detect 54ms (cache miss)
2922 timing idealTree:node_modules/@sinonjs/fake-timers Completed in 57ms
2923 silly placeDep ROOT type-detect@4.0.8 OK for: @sinonjs/commons@1.8.6 want: 4.0.8
2924 timing idealTree:node_modules/@sinonjs/commons Completed in 2ms
2925 timing idealTree:node_modules/co Completed in 0ms
2926 timing idealTree:node_modules/dedent Completed in 0ms
2927 timing idealTree:node_modules/expect Completed in 0ms
2928 timing idealTree:node_modules/is-generator-fn Completed in 0ms
2929 silly placeDep node_modules/jest-each chalk@4.1.2 OK for: jest-each@27.5.1 want: ^4.0.0
2930 timing idealTree:node_modules/jest-each Completed in 2ms
2931 silly fetch manifest canvas@^2.5.0
2932 http fetch GET 200 https://registry.npmjs.org/canvas 98ms (cache miss)
2933 silly placeDep ROOT jsdom@16.7.0 OK for: jest-environment-jsdom@27.5.1 want: ^16.6.0
2934 silly fetch manifest acorn-globals@^6.0.0
2935 silly fetch manifest cssom@^0.4.4
2936 silly fetch manifest cssstyle@^2.3.0
2937 silly fetch manifest data-urls@^2.0.0
2938 silly fetch manifest decimal.js@^10.2.1
2939 silly fetch manifest domexception@^2.0.1
2940 silly fetch manifest escodegen@^2.0.0
2941 silly fetch manifest form-data@^3.0.0
2942 silly fetch manifest html-encoding-sniffer@^2.0.1
2943 silly fetch manifest http-proxy-agent@^4.0.1
2944 silly fetch manifest https-proxy-agent@^5.0.0
2945 silly fetch manifest is-potential-custom-element-name@^1.0.1
2946 silly fetch manifest nwsapi@^2.2.0
2947 silly fetch manifest parse5@6.0.1
2948 silly fetch manifest saxes@^5.0.1
2949 silly fetch manifest symbol-tree@^3.2.4
2950 silly fetch manifest tough-cookie@^4.0.0
2951 silly fetch manifest w3c-hr-time@^1.0.2
2952 silly fetch manifest w3c-xmlserializer@^2.0.0
2953 silly fetch manifest webidl-conversions@^6.1.0
2954 silly fetch manifest whatwg-encoding@^1.0.5
2955 silly fetch manifest whatwg-mimetype@^2.3.0
2956 silly fetch manifest whatwg-url@^8.5.0
2957 silly fetch manifest ws@^7.4.6
2958 silly fetch manifest xml-name-validator@^3.0.0
2959 http fetch GET 200 https://registry.npmjs.org/escodegen 89ms (cache miss)
2960 http fetch GET 200 https://registry.npmjs.org/parse5 96ms (cache miss)
2961 http fetch GET 200 https://registry.npmjs.org/https-proxy-agent 98ms (cache miss)
2962 http fetch GET 200 https://registry.npmjs.org/cssom 109ms (cache miss)
2963 http fetch GET 200 https://registry.npmjs.org/form-data 113ms (cache miss)
2964 http fetch GET 200 https://registry.npmjs.org/nwsapi 114ms (cache miss)
2965 http fetch GET 200 https://registry.npmjs.org/html-encoding-sniffer 120ms (cache miss)
2966 http fetch GET 200 https://registry.npmjs.org/http-proxy-agent 121ms (cache miss)
2967 http fetch GET 200 https://registry.npmjs.org/data-urls 125ms (cache miss)
2968 http fetch GET 200 https://registry.npmjs.org/acorn-globals 128ms (cache miss)
2969 http fetch GET 200 https://registry.npmjs.org/is-potential-custom-element-name 123ms (cache miss)
2970 http fetch GET 200 https://registry.npmjs.org/cssstyle 128ms (cache miss)
2971 http fetch GET 200 https://registry.npmjs.org/domexception 127ms (cache miss)
2972 http fetch GET 200 https://registry.npmjs.org/decimal.js 132ms (cache miss)
2973 http fetch GET 200 https://registry.npmjs.org/saxes 127ms (cache miss)
2974 http fetch GET 200 https://registry.npmjs.org/tough-cookie 138ms (cache miss)
2975 http fetch GET 200 https://registry.npmjs.org/w3c-xmlserializer 138ms (cache miss)
2976 http fetch GET 200 https://registry.npmjs.org/whatwg-encoding 138ms (cache miss)
2977 http fetch GET 200 https://registry.npmjs.org/whatwg-mimetype 140ms (cache miss)
2978 http fetch GET 200 https://registry.npmjs.org/w3c-hr-time 143ms (cache miss)
2979 http fetch GET 200 https://registry.npmjs.org/xml-name-validator 166ms (cache miss)
2980 http fetch GET 200 https://registry.npmjs.org/whatwg-url 168ms (cache miss)
2981 http fetch GET 200 https://registry.npmjs.org/webidl-conversions 182ms (cache miss)
2982 http fetch GET 200 https://registry.npmjs.org/symbol-tree 1184ms (cache miss)
2983 timing idealTree:node_modules/jest-environment-jsdom Completed in 1296ms
2984 timing idealTree:node_modules/jest-environment-node Completed in 0ms
2985 timing idealTree:node_modules/jest-get-type Completed in 0ms
2986 silly placeDep ROOT @types/graceful-fs@4.1.9 OK for: jest-haste-map@27.5.1 want: ^4.1.2
2987 silly placeDep ROOT anymatch@3.1.3 OK for: jest-haste-map@27.5.1 want: ^3.0.3
2988 silly fetch manifest picomatch@^2.0.4
2989 silly placeDep ROOT fb-watchman@2.0.2 OK for: jest-haste-map@27.5.1 want: ^2.0.0
2990 silly fetch manifest bser@2.1.1
2991 silly placeDep ROOT jest-serializer@27.5.1 OK for: jest-haste-map@27.5.1 want: ^27.5.1
2992 silly placeDep ROOT walker@1.0.8 OK for: jest-haste-map@27.5.1 want: ^1.0.7
2993 silly fetch manifest makeerror@1.0.12
2994 http fetch GET 200 https://registry.npmjs.org/makeerror 58ms (cache miss)
2995 http fetch GET 200 https://registry.npmjs.org/bser 96ms (cache miss)
2996 timing idealTree:node_modules/jest-haste-map Completed in 102ms
2997 timing idealTree:node_modules/@types/graceful-fs Completed in 0ms
2998 silly placeDep ROOT picomatch@2.3.1 OK for: anymatch@3.1.3 want: ^2.0.4
2999 timing idealTree:node_modules/anymatch Completed in 2ms
3000 silly placeDep ROOT bser@2.1.1 OK for: fb-watchman@2.0.2 want: 2.1.1
3001 silly fetch manifest node-int64@^0.4.0
3002 http fetch GET 200 https://registry.npmjs.org/node-int64 357ms (cache miss)
3003 timing idealTree:node_modules/fb-watchman Completed in 360ms
3004 silly placeDep ROOT node-int64@0.4.0 OK for: bser@2.1.1 want: ^0.4.0
3005 timing idealTree:node_modules/bser Completed in 2ms
3006 silly placeDep ROOT @jest/source-map@27.5.1 OK for: jest-jasmine2@27.5.1 want: ^27.5.1
3007 silly placeDep node_modules/jest-jasmine2 chalk@4.1.2 OK for: jest-jasmine2@27.5.1 want: ^4.0.0
3008 timing idealTree:node_modules/jest-jasmine2 Completed in 5ms
3009 silly placeDep ROOT callsites@3.1.0 OK for: @jest/source-map@27.5.1 want: ^3.0.0
3010 silly placeDep node_modules/@jest/source-map source-map@0.6.1 OK for: @jest/source-map@27.5.1 want: ^0.6.0
3011 timing idealTree:node_modules/@jest/source-map Completed in 3ms
3012 timing idealTree:node_modules/callsites Completed in 0ms
3013 silly placeDep node_modules/jest-matcher-utils chalk@4.1.2 OK for: jest-matcher-utils@27.5.1 want: ^4.0.0
3014 silly placeDep ROOT jest-diff@27.5.1 OK for: jest-matcher-utils@27.5.1 want: ^27.5.1
3015 silly fetch manifest diff-sequences@^27.5.1
3016 http fetch GET 200 https://registry.npmjs.org/diff-sequences 203ms (cache miss)
3017 timing idealTree:node_modules/jest-matcher-utils Completed in 209ms
3018 silly placeDep node_modules/jest-diff chalk@4.1.2 OK for: jest-diff@27.5.1 want: ^4.0.0
3019 silly placeDep ROOT diff-sequences@27.5.1 OK for: jest-diff@27.5.1 want: ^27.5.1
3020 timing idealTree:node_modules/jest-diff Completed in 4ms
3021 timing idealTree:node_modules/diff-sequences Completed in 0ms
3022 silly placeDep ROOT @types/stack-utils@2.0.3 OK for: jest-message-util@27.5.1 want: ^2.0.0
3023 silly placeDep node_modules/jest-message-util chalk@4.1.2 OK for: jest-message-util@27.5.1 want: ^4.0.0
3024 timing idealTree:node_modules/jest-message-util Completed in 4ms
3025 timing idealTree:node_modules/@types/stack-utils Completed in 0ms
3026 timing idealTree:node_modules/jest-mock Completed in 0ms
3027 timing idealTree:node_modules/jest-regex-util Completed in 0ms
3028 silly fetch manifest jest-resolve@*
3029 silly placeDep node_modules/jest-resolve chalk@4.1.2 OK for: jest-resolve@27.5.1 want: ^4.0.0
3030 silly placeDep ROOT jest-pnp-resolver@1.2.3 OK for: jest-resolve@27.5.1 want: ^1.2.2
3031 silly placeDep ROOT resolve.exports@1.1.1 OK for: jest-resolve@27.5.1 want: ^1.1.0
3032 timing idealTree:node_modules/jest-resolve Completed in 6ms
3033 timing idealTree:node_modules/jest-pnp-resolver Completed in 0ms
3034 timing idealTree:node_modules/jest-resolve-dependencies Completed in 0ms
3035 silly placeDep node_modules/jest-runner chalk@4.1.2 OK for: jest-runner@27.5.1 want: ^4.0.0
3036 silly placeDep ROOT jest-docblock@27.5.1 OK for: jest-runner@27.5.1 want: ^27.5.1
3037 silly fetch manifest detect-newline@^3.0.0
3038 silly placeDep ROOT jest-leak-detector@27.5.1 OK for: jest-runner@27.5.1 want: ^27.5.1
3039 silly placeDep ROOT source-map-support@0.5.21 OK for: jest-runner@27.5.1 want: ^0.5.6
3040 silly fetch manifest buffer-from@^1.0.0
3041 http fetch GET 200 https://registry.npmjs.org/buffer-from 7ms (cache hit)
3042 http fetch GET 200 https://registry.npmjs.org/detect-newline 92ms (cache miss)
3043 timing idealTree:node_modules/jest-runner Completed in 97ms
3044 silly placeDep ROOT detect-newline@3.1.0 OK for: jest-docblock@27.5.1 want: ^3.0.0
3045 timing idealTree:node_modules/jest-docblock Completed in 1ms
3046 timing idealTree:node_modules/detect-newline Completed in 0ms
3047 timing idealTree:node_modules/jest-leak-detector Completed in 0ms
3048 silly placeDep ROOT @jest/globals@27.5.1 OK for: jest-runtime@27.5.1 want: ^27.5.1
3049 silly placeDep node_modules/jest-runtime chalk@4.1.2 OK for: jest-runtime@27.5.1 want: ^4.0.0
3050 silly placeDep ROOT cjs-module-lexer@1.2.3 OK for: jest-runtime@27.5.1 want: ^1.0.0
3051 silly placeDep ROOT strip-bom@4.0.0 OK for: jest-runtime@27.5.1 want: ^4.0.0
3052 timing idealTree:node_modules/jest-runtime Completed in 7ms
3053 timing idealTree:node_modules/@jest/globals Completed in 0ms
3054 timing idealTree:node_modules/cjs-module-lexer Completed in 0ms
3055 timing idealTree:node_modules/jest-serializer Completed in 0ms
3056 silly placeDep ROOT @types/prettier@2.7.3 OK for: jest-snapshot@27.5.1 want: ^2.1.5
3057 silly placeDep node_modules/jest-snapshot chalk@4.1.2 OK for: jest-snapshot@27.5.1 want: ^4.0.0
3058 timing idealTree:node_modules/jest-snapshot Completed in 3ms
3059 timing idealTree:node_modules/@types/prettier Completed in 0ms
3060 silly placeDep node_modules/jest-util chalk@4.1.2 OK for: jest-util@27.5.1 want: ^4.0.0
3061 timing idealTree:node_modules/jest-util Completed in 2ms
3062 silly placeDep node_modules/jest-validate chalk@4.1.2 OK for: jest-validate@27.5.1 want: ^4.0.0
3063 silly placeDep ROOT leven@3.1.0 OK for: jest-validate@27.5.1 want: ^3.1.0
3064 timing idealTree:node_modules/jest-validate Completed in 4ms
3065 silly placeDep node_modules/jest-watch-typeahead chalk@4.1.2 OK for: jest-watch-typeahead@1.1.0 want: ^4.0.0
3066 silly placeDep node_modules/jest-watch-typeahead jest-regex-util@28.0.2 OK for: jest-watch-typeahead@1.1.0 want: ^28.0.0
3067 silly placeDep node_modules/jest-watch-typeahead jest-watcher@28.1.3 OK for: jest-watch-typeahead@1.1.0 want: ^28.0.0
3068 silly fetch manifest @jest/test-result@^28.1.3
3069 silly fetch manifest @jest/types@^28.1.3
3070 silly fetch manifest emittery@^0.10.2
3071 silly fetch manifest jest-util@^28.1.3
3072 silly placeDep node_modules/jest-watch-typeahead slash@4.0.0 OK for: jest-watch-typeahead@1.1.0 want: ^4.0.0
3073 silly placeDep node_modules/jest-watch-typeahead string-length@5.0.1 OK for: jest-watch-typeahead@1.1.0 want: ^5.0.1
3074 silly fetch manifest char-regex@^2.0.0
3075 silly placeDep node_modules/jest-watch-typeahead strip-ansi@7.1.0 OK for: jest-watch-typeahead@1.1.0 want: ^7.0.1
3076 silly fetch manifest ansi-regex@^6.0.1
3077 timing idealTree:node_modules/jest-watch-typeahead Completed in 14ms
3078 silly placeDep node_modules/jest-watcher chalk@4.1.2 OK for: jest-watcher@27.5.1 want: ^4.0.0
3079 timing idealTree:node_modules/jest-watcher Completed in 2ms
3080 silly placeDep node_modules/jest-worker supports-color@8.1.1 OK for: jest-worker@27.5.1 want: ^8.0.0
3081 timing idealTree:node_modules/jest-worker Completed in 1ms
3082 silly placeDep ROOT argparse@1.0.10 OK for: js-yaml@3.14.1 want: ^1.0.7
3083 silly fetch manifest sprintf-js@~1.0.2
3084 silly placeDep ROOT esprima@4.0.1 OK for: js-yaml@3.14.1 want: ^4.0.0
3085 http fetch GET 200 https://registry.npmjs.org/sprintf-js 146ms (cache miss)
3086 timing idealTree:node_modules/js-yaml Completed in 150ms
3087 silly placeDep ROOT sprintf-js@1.0.3 OK for: argparse@1.0.10 want: ~1.0.2
3088 timing idealTree:node_modules/argparse Completed in 2ms
3089 timing idealTree:node_modules/esprima Completed in 0ms
3090 silly fetch manifest bufferutil@^4.0.1
3091 http fetch GET 200 https://registry.npmjs.org/bufferutil 51ms (cache miss)
3092 silly fetch manifest utf-8-validate@^5.0.2
3093 http fetch GET 200 https://registry.npmjs.org/utf-8-validate 72ms (cache miss)
3094 silly placeDep ROOT abab@2.0.6 OK for: jsdom@16.7.0 want: ^2.0.5
3095 silly placeDep ROOT acorn-globals@6.0.0 OK for: jsdom@16.7.0 want: ^6.0.0
3096 silly fetch manifest acorn@^7.1.1
3097 silly fetch manifest acorn-walk@^7.1.1
3098 silly placeDep ROOT cssom@0.4.4 OK for: jsdom@16.7.0 want: ^0.4.4
3099 silly placeDep ROOT cssstyle@2.3.0 OK for: jsdom@16.7.0 want: ^2.3.0
3100 silly fetch manifest cssom@~0.3.6
3101 silly placeDep ROOT data-urls@2.0.0 OK for: jsdom@16.7.0 want: ^2.0.0
3102 silly fetch manifest whatwg-url@^8.0.0
3103 silly placeDep ROOT decimal.js@10.4.3 OK for: jsdom@16.7.0 want: ^10.2.1
3104 silly placeDep ROOT domexception@2.0.1 OK for: jsdom@16.7.0 want: ^2.0.1
3105 silly fetch manifest webidl-conversions@^5.0.0
3106 silly placeDep ROOT escodegen@2.1.0 OK for: jsdom@16.7.0 want: ^2.0.0
3107 silly fetch manifest source-map@~0.6.1
3108 silly placeDep ROOT form-data@3.0.1 OK for: jsdom@16.7.0 want: ^3.0.0
3109 silly fetch manifest asynckit@^0.4.0
3110 silly fetch manifest combined-stream@^1.0.8
3111 silly fetch manifest mime-types@^2.1.12
3112 silly placeDep ROOT html-encoding-sniffer@2.0.1 OK for: jsdom@16.7.0 want: ^2.0.1
3113 silly placeDep ROOT http-proxy-agent@4.0.1 OK for: jsdom@16.7.0 want: ^4.0.1
3114 silly fetch manifest @tootallnate/once@1
3115 silly fetch manifest agent-base@6
3116 silly placeDep ROOT https-proxy-agent@5.0.1 OK for: jsdom@16.7.0 want: ^5.0.0
3117 silly placeDep ROOT is-potential-custom-element-name@1.0.1 OK for: jsdom@16.7.0 want: ^1.0.1
3118 silly placeDep ROOT nwsapi@2.2.7 OK for: jsdom@16.7.0 want: ^2.2.0
3119 silly placeDep ROOT parse5@6.0.1 OK for: jsdom@16.7.0 want: 6.0.1
3120 silly placeDep ROOT saxes@5.0.1 OK for: jsdom@16.7.0 want: ^5.0.1
3121 silly fetch manifest xmlchars@^2.2.0
3122 silly placeDep ROOT symbol-tree@3.2.4 OK for: jsdom@16.7.0 want: ^3.2.4
3123 silly placeDep ROOT tough-cookie@4.1.3 OK for: jsdom@16.7.0 want: ^4.0.0
3124 silly fetch manifest psl@^1.1.33
3125 silly fetch manifest punycode@^2.1.1
3126 silly fetch manifest universalify@^0.2.0
3127 silly fetch manifest url-parse@^1.5.3
3128 silly placeDep ROOT w3c-hr-time@1.0.2 OK for: jsdom@16.7.0 want: ^1.0.2
3129 silly fetch manifest browser-process-hrtime@^1.0.0
3130 silly placeDep ROOT w3c-xmlserializer@2.0.0 OK for: jsdom@16.7.0 want: ^2.0.0
3131 silly placeDep ROOT webidl-conversions@6.1.0 OK for: jsdom@16.7.0 want: ^6.1.0
3132 silly placeDep ROOT whatwg-encoding@1.0.5 OK for: jsdom@16.7.0 want: ^1.0.5
3133 silly fetch manifest iconv-lite@0.4.24
3134 silly placeDep ROOT whatwg-mimetype@2.3.0 OK for: jsdom@16.7.0 want: ^2.3.0
3135 silly placeDep ROOT whatwg-url@8.7.0 OK for: jsdom@16.7.0 want: ^8.5.0
3136 silly fetch manifest tr46@^2.1.0
3137 silly placeDep ROOT ws@7.5.9 OK for: jsdom@16.7.0 want: ^7.4.6
3138 silly placeDep ROOT xml-name-validator@3.0.0 OK for: jsdom@16.7.0 want: ^3.0.0
3139 http fetch GET 200 https://registry.npmjs.org/combined-stream 101ms (cache miss)
3140 http fetch GET 200 https://registry.npmjs.org/acorn-walk 115ms (cache miss)
3141 http fetch GET 200 https://registry.npmjs.org/psl 90ms (cache miss)
3142 http fetch GET 200 https://registry.npmjs.org/asynckit 106ms (cache miss)
3143 http fetch GET 200 https://registry.npmjs.org/xmlchars 98ms (cache miss)
3144 http fetch GET 200 https://registry.npmjs.org/agent-base 107ms (cache miss)
3145 http fetch GET 200 https://registry.npmjs.org/url-parse 97ms (cache miss)
3146 http fetch GET 200 https://registry.npmjs.org/tr46 107ms (cache miss)
3147 http fetch GET 200 https://registry.npmjs.org/@tootallnate%2fonce 132ms (cache miss)
3148 http fetch GET 200 https://registry.npmjs.org/browser-process-hrtime 148ms (cache miss)
3149 timing idealTree:node_modules/jsdom Completed in 315ms
3150 timing idealTree:node_modules/abab Completed in 0ms
3151 silly placeDep node_modules/acorn-globals acorn@7.4.1 OK for: acorn-globals@6.0.0 want: ^7.1.1
3152 silly placeDep ROOT acorn-walk@7.2.0 OK for: acorn-globals@6.0.0 want: ^7.1.1
3153 timing idealTree:node_modules/acorn-globals Completed in 3ms
3154 timing idealTree:node_modules/acorn-walk Completed in 0ms
3155 timing idealTree:node_modules/cssom Completed in 0ms
3156 silly placeDep node_modules/cssstyle cssom@0.3.8 OK for: cssstyle@2.3.0 want: ~0.3.6
3157 timing idealTree:node_modules/cssstyle Completed in 1ms
3158 timing idealTree:node_modules/data-urls Completed in 0ms
3159 timing idealTree:node_modules/decimal.js Completed in 0ms
3160 silly placeDep node_modules/domexception webidl-conversions@5.0.0 OK for: domexception@2.0.1 want: ^5.0.0
3161 timing idealTree:node_modules/domexception Completed in 1ms
3162 silly placeDep node_modules/escodegen source-map@0.6.1 OK for: escodegen@2.1.0 want: ~0.6.1
3163 timing idealTree:node_modules/escodegen Completed in 1ms
3164 silly placeDep ROOT asynckit@0.4.0 OK for: form-data@3.0.1 want: ^0.4.0
3165 silly placeDep ROOT combined-stream@1.0.8 OK for: form-data@3.0.1 want: ^1.0.8
3166 silly fetch manifest delayed-stream@~1.0.0
3167 silly placeDep ROOT mime-types@2.1.35 OK for: form-data@3.0.1 want: ^2.1.12
3168 silly fetch manifest mime-db@1.52.0
3169 http fetch GET 200 https://registry.npmjs.org/mime-db 73ms (cache miss)
3170 http fetch GET 200 https://registry.npmjs.org/delayed-stream 1123ms (cache miss)
3171 timing idealTree:node_modules/form-data Completed in 1128ms
3172 timing idealTree:node_modules/asynckit Completed in 0ms
3173 silly placeDep ROOT delayed-stream@1.0.0 OK for: combined-stream@1.0.8 want: ~1.0.0
3174 timing idealTree:node_modules/combined-stream Completed in 2ms
3175 timing idealTree:node_modules/delayed-stream Completed in 0ms
3176 timing idealTree:node_modules/html-encoding-sniffer Completed in 0ms
3177 silly placeDep ROOT @tootallnate/once@1.1.2 OK for: http-proxy-agent@4.0.1 want: 1
3178 silly placeDep ROOT agent-base@6.0.2 OK for: http-proxy-agent@4.0.1 want: 6
3179 timing idealTree:node_modules/http-proxy-agent Completed in 3ms
3180 timing idealTree:node_modules/@tootallnate/once Completed in 0ms
3181 timing idealTree:node_modules/agent-base Completed in 0ms
3182 timing idealTree:node_modules/https-proxy-agent Completed in 0ms
3183 timing idealTree:node_modules/is-potential-custom-element-name Completed in 0ms
3184 timing idealTree:node_modules/jsesc Completed in 0ms
3185 timing idealTree:node_modules/json-schema-traverse Completed in 0ms
3186 timing idealTree:node_modules/json-stable-stringify-without-jsonify Completed in 0ms
3187 timing idealTree:node_modules/json5 Completed in 0ms
3188 timing idealTree:node_modules/jsonfile Completed in 0ms
3189 silly placeDep node_modules/jsonpath esprima@1.2.2 OK for: jsonpath@1.1.1 want: 1.2.2
3190 silly placeDep ROOT static-eval@2.0.2 OK for: jsonpath@1.1.1 want: 2.0.2
3191 silly fetch manifest escodegen@^1.8.1
3192 silly placeDep ROOT underscore@1.12.1 OK for: jsonpath@1.1.1 want: 1.12.1
3193 timing idealTree:node_modules/jsonpath Completed in 5ms
3194 timing idealTree:node_modules/jsx-ast-utils Completed in 0ms
3195 silly placeDep ROOT json-buffer@3.0.1 OK for: keyv@4.5.4 want: 3.0.1
3196 timing idealTree:node_modules/keyv Completed in 2ms
3197 timing idealTree:node_modules/json-buffer Completed in 0ms
3198 silly placeDep ROOT language-subtag-registry@0.3.22 OK for: language-tags@1.0.9 want: ^0.3.20
3199 timing idealTree:node_modules/language-tags Completed in 2ms
3200 timing idealTree:node_modules/language-subtag-registry Completed in 0ms
3201 timing idealTree:node_modules/leven Completed in 0ms
3202 silly placeDep ROOT prelude-ls@1.2.1 OK for: levn@0.4.1 want: ^1.2.1
3203 silly placeDep ROOT type-check@0.4.0 OK for: levn@0.4.1 want: ~0.4.0
3204 timing idealTree:node_modules/levn Completed in 4ms
3205 timing idealTree:node_modules/lilconfig Completed in 0ms
3206 silly placeDep ROOT big.js@5.2.2 OK for: loader-utils@2.0.4 want: ^5.2.2
3207 silly placeDep ROOT emojis-list@3.0.0 OK for: loader-utils@2.0.4 want: ^3.0.0
3208 timing idealTree:node_modules/loader-utils Completed in 2ms
3209 timing idealTree:node_modules/big.js Completed in 0ms
3210 timing idealTree:node_modules/emojis-list Completed in 0ms
3211 silly placeDep ROOT p-locate@5.0.0 OK for: locate-path@6.0.0 want: ^5.0.0
3212 silly fetch manifest p-limit@^3.0.2
3213 http fetch GET 200 https://registry.npmjs.org/p-limit 95ms (cache miss)
3214 timing idealTree:node_modules/locate-path Completed in 97ms
3215 timing idealTree:node_modules/lodash Completed in 0ms
3216 timing idealTree:node_modules/lodash.debounce Completed in 0ms
3217 timing idealTree:node_modules/lodash.merge Completed in 0ms
3218 silly placeDep ROOT yallist@3.1.1 OK for: lru-cache@5.1.1 want: ^3.0.2
3219 timing idealTree:node_modules/lru-cache Completed in 2ms
3220 silly placeDep node_modules/make-dir semver@6.3.1 OK for: make-dir@3.1.0 want: ^6.0.0
3221 timing idealTree:node_modules/make-dir Completed in 1ms
3222 timing idealTree:node_modules/merge-stream Completed in 0ms
3223 timing idealTree:node_modules/merge2 Completed in 0ms
3224 silly placeDep ROOT braces@3.0.2 OK for: micromatch@4.0.5 want: ^3.0.2
3225 silly fetch manifest fill-range@^7.0.1
3226 http fetch GET 200 https://registry.npmjs.org/fill-range 66ms (cache miss)
3227 timing idealTree:node_modules/micromatch Completed in 69ms
3228 silly placeDep ROOT fill-range@7.0.1 OK for: braces@3.0.2 want: ^7.0.1
3229 silly fetch manifest to-regex-range@^5.0.1
3230 http fetch GET 200 https://registry.npmjs.org/to-regex-range 76ms (cache miss)
3231 timing idealTree:node_modules/braces Completed in 80ms
3232 silly placeDep ROOT to-regex-range@5.0.1 OK for: fill-range@7.0.1 want: ^5.0.1
3233 silly fetch manifest is-number@^7.0.0
3234 http fetch GET 200 https://registry.npmjs.org/is-number 52ms (cache miss)
3235 timing idealTree:node_modules/fill-range Completed in 56ms
3236 silly placeDep ROOT mime-db@1.52.0 OK for: mime-types@2.1.35 want: 1.52.0
3237 timing idealTree:node_modules/mime-types Completed in 2ms
3238 timing idealTree:node_modules/mime-db Completed in 0ms
3239 silly placeDep node_modules/mini-css-extract-plugin schema-utils@4.2.0 OK for: mini-css-extract-plugin@2.7.6 want: ^4.0.0
3240 timing idealTree:node_modules/mini-css-extract-plugin Completed in 2ms
3241 silly placeDep ROOT brace-expansion@1.1.11 OK for: minimatch@3.1.2 want: ^1.1.7
3242 silly fetch manifest balanced-match@^1.0.0
3243 silly fetch manifest concat-map@0.0.1
3244 http fetch GET 200 https://registry.npmjs.org/concat-map 9ms (cache hit)
3245 http fetch GET 200 https://registry.npmjs.org/balanced-match 10ms (cache hit)
3246 timing idealTree:node_modules/minimatch Completed in 12ms
3247 silly placeDep ROOT balanced-match@1.0.2 OK for: brace-expansion@1.1.11 want: ^1.0.0
3248 silly placeDep ROOT concat-map@0.0.1 OK for: brace-expansion@1.1.11 want: 0.0.1
3249 timing idealTree:node_modules/brace-expansion Completed in 2ms
3250 timing idealTree:node_modules/balanced-match Completed in 0ms
3251 timing idealTree:node_modules/concat-map Completed in 0ms
3252 timing idealTree:node_modules/ms Completed in 0ms
3253 timing idealTree:node_modules/natural-compare Completed in 0ms
3254 timing idealTree:node_modules/natural-compare-lite Completed in 0ms
3255 timing idealTree:node_modules/node-int64 Completed in 0ms
3256 timing idealTree:node_modules/node-releases Completed in 0ms
3257 timing idealTree:node_modules/normalize-path Completed in 0ms
3258 timing idealTree:node_modules/npm-run-path Completed in 0ms
3259 timing idealTree:node_modules/nwsapi Completed in 0ms
3260 timing idealTree:node_modules/object-inspect Completed in 0ms
3261 timing idealTree:node_modules/object-keys Completed in 0ms
3262 timing idealTree:node_modules/object.assign Completed in 0ms
3263 timing idealTree:node_modules/object.entries Completed in 0ms
3264 timing idealTree:node_modules/object.fromentries Completed in 0ms
3265 timing idealTree:node_modules/object.groupby Completed in 0ms
3266 timing idealTree:node_modules/object.hasown Completed in 0ms
3267 timing idealTree:node_modules/object.values Completed in 0ms
3268 timing idealTree:node_modules/once Completed in 0ms
3269 silly placeDep ROOT mimic-fn@2.1.0 OK for: onetime@5.1.2 want: ^2.1.0
3270 timing idealTree:node_modules/onetime Completed in 2ms
3271 timing idealTree:node_modules/mimic-fn Completed in 0ms
3272 silly placeDep ROOT @aashutoshrathi/word-wrap@1.2.6 OK for: optionator@0.9.3 want: ^1.2.3
3273 silly placeDep ROOT deep-is@0.1.4 OK for: optionator@0.9.3 want: ^0.1.3
3274 silly placeDep ROOT fast-levenshtein@2.0.6 OK for: optionator@0.9.3 want: ^2.0.6
3275 timing idealTree:node_modules/optionator Completed in 4ms
3276 timing idealTree:node_modules/@aashutoshrathi/word-wrap Completed in 0ms
3277 timing idealTree:node_modules/deep-is Completed in 0ms
3278 timing idealTree:node_modules/fast-levenshtein Completed in 0ms
3279 silly placeDep ROOT p-limit@3.1.0 OK for: p-locate@5.0.0 want: ^3.0.2
3280 silly fetch manifest yocto-queue@^0.1.0
3281 http fetch GET 200 https://registry.npmjs.org/yocto-queue 71ms (cache miss)
3282 timing idealTree:node_modules/p-locate Completed in 73ms
3283 silly placeDep ROOT yocto-queue@0.1.0 OK for: p-limit@3.1.0 want: ^0.1.0
3284 timing idealTree:node_modules/p-limit Completed in 2ms
3285 silly placeDep ROOT dot-case@3.0.4 OK for: param-case@3.0.4 want: ^3.0.4
3286 timing idealTree:node_modules/param-case Completed in 2ms
3287 silly placeDep ROOT no-case@3.0.4 OK for: dot-case@3.0.4 want: ^3.0.4
3288 silly fetch manifest lower-case@^2.0.2
3289 http fetch GET 200 https://registry.npmjs.org/lower-case 65ms (cache miss)
3290 timing idealTree:node_modules/dot-case Completed in 69ms
3291 silly placeDep ROOT lower-case@2.0.2 OK for: no-case@3.0.4 want: ^2.0.2
3292 timing idealTree:node_modules/no-case Completed in 2ms
3293 timing idealTree:node_modules/lower-case Completed in 0ms
3294 timing idealTree:node_modules/parent-module Completed in 0ms
3295 silly placeDep ROOT error-ex@1.3.2 OK for: parse-json@5.2.0 want: ^1.3.1
3296 silly fetch manifest is-arrayish@^0.2.1
3297 silly placeDep ROOT json-parse-even-better-errors@2.3.1 OK for: parse-json@5.2.0 want: ^2.3.0
3298 silly placeDep ROOT lines-and-columns@1.2.4 OK for: parse-json@5.2.0 want: ^1.1.6
3299 http fetch GET 200 https://registry.npmjs.org/is-arrayish 67ms (cache miss)
3300 timing idealTree:node_modules/parse-json Completed in 70ms
3301 silly placeDep ROOT is-arrayish@0.2.1 OK for: error-ex@1.3.2 want: ^0.2.1
3302 timing idealTree:node_modules/error-ex Completed in 2ms
3303 timing idealTree:node_modules/is-arrayish Completed in 0ms
3304 timing idealTree:node_modules/json-parse-even-better-errors Completed in 0ms
3305 timing idealTree:node_modules/lines-and-columns Completed in 0ms
3306 timing idealTree:node_modules/parse5 Completed in 0ms
3307 timing idealTree:node_modules/pascal-case Completed in 0ms
3308 timing idealTree:node_modules/path-exists Completed in 0ms
3309 timing idealTree:node_modules/path-is-absolute Completed in 0ms
3310 timing idealTree:node_modules/path-key Completed in 0ms
3311 timing idealTree:node_modules/path-type Completed in 0ms
3312 timing idealTree:node_modules/picomatch Completed in 1ms
3313 timing idealTree:node_modules/pirates Completed in 0ms
3314 silly placeDep node_modules/pkg-dir find-up@4.1.0 OK for: pkg-dir@4.2.0 want: ^4.0.0
3315 timing idealTree:node_modules/pkg-dir Completed in 2ms
3316 silly placeDep ROOT nanoid@3.3.7 OK for: postcss@8.4.32 want: ^3.3.7
3317 silly placeDep ROOT picocolors@1.0.0 OK for: postcss@8.4.32 want: ^1.0.0
3318 silly placeDep ROOT source-map-js@1.0.2 OK for: postcss@8.4.32 want: ^1.0.2
3319 timing idealTree:node_modules/postcss Completed in 4ms
3320 timing idealTree:node_modules/nanoid Completed in 0ms
3321 timing idealTree:node_modules/picocolors Completed in 0ms
3322 silly placeDep ROOT postcss-selector-parser@6.0.13 OK for: postcss-calc@8.2.4 want: ^6.0.9
3323 silly fetch manifest cssesc@^3.0.0
3324 silly fetch manifest util-deprecate@^1.0.2
3325 http fetch GET 200 https://registry.npmjs.org/util-deprecate 9ms (cache hit)
3326 http fetch GET 200 https://registry.npmjs.org/cssesc 78ms (cache miss)
3327 timing idealTree:node_modules/postcss-calc Completed in 81ms
3328 silly placeDep ROOT caniuse-api@3.0.0 OK for: postcss-colormin@5.3.1 want: ^3.0.0
3329 silly fetch manifest lodash.memoize@^4.1.2
3330 silly fetch manifest lodash.uniq@^4.5.0
3331 silly placeDep ROOT colord@2.9.3 OK for: postcss-colormin@5.3.1 want: ^2.9.1
3332 http fetch GET 200 https://registry.npmjs.org/lodash.uniq 44ms (cache miss)
3333 http fetch GET 200 https://registry.npmjs.org/lodash.memoize 81ms (cache miss)
3334 timing idealTree:node_modules/postcss-colormin Completed in 86ms
3335 silly placeDep ROOT lodash.memoize@4.1.2 OK for: caniuse-api@3.0.0 want: ^4.1.2
3336 silly placeDep ROOT lodash.uniq@4.5.0 OK for: caniuse-api@3.0.0 want: ^4.5.0
3337 timing idealTree:node_modules/caniuse-api Completed in 4ms
3338 timing idealTree:node_modules/colord Completed in 0ms
3339 timing idealTree:node_modules/lodash.memoize Completed in 0ms
3340 timing idealTree:node_modules/lodash.uniq Completed in 0ms
3341 timing idealTree:node_modules/postcss-convert-values Completed in 0ms
3342 timing idealTree:node_modules/postcss-discard-comments Completed in 0ms
3343 timing idealTree:node_modules/postcss-discard-duplicates Completed in 0ms
3344 timing idealTree:node_modules/postcss-discard-empty Completed in 0ms
3345 timing idealTree:node_modules/postcss-discard-overridden Completed in 0ms
3346 timing idealTree:node_modules/postcss-flexbugs-fixes Completed in 0ms
3347 silly placeDep ROOT klona@2.0.6 OK for: postcss-loader@6.2.1 want: ^2.0.5
3348 timing idealTree:node_modules/postcss-loader Completed in 1ms
3349 timing idealTree:node_modules/klona Completed in 0ms
3350 silly placeDep ROOT stylehacks@5.1.1 OK for: postcss-merge-longhand@5.1.7 want: ^5.1.1
3351 timing idealTree:node_modules/postcss-merge-longhand Completed in 3ms
3352 timing idealTree:node_modules/postcss-merge-rules Completed in 0ms
3353 timing idealTree:node_modules/postcss-minify-font-values Completed in 0ms
3354 timing idealTree:node_modules/postcss-minify-gradients Completed in 0ms
3355 timing idealTree:node_modules/postcss-minify-params Completed in 0ms
3356 timing idealTree:node_modules/postcss-minify-selectors Completed in 0ms
3357 timing idealTree:node_modules/postcss-modules-extract-imports Completed in 0ms
3358 timing idealTree:node_modules/postcss-modules-local-by-default Completed in 0ms
3359 timing idealTree:node_modules/postcss-modules-scope Completed in 0ms
3360 timing idealTree:node_modules/postcss-modules-values Completed in 0ms
3361 silly fetch manifest browserslist@>= 4
3362 silly fetch manifest postcss@>= 8
3363 silly placeDep ROOT @csstools/normalize.css@12.0.0 OK for: postcss-normalize@10.0.1 want: *
3364 silly placeDep ROOT postcss-browser-comments@4.0.0 OK for: postcss-normalize@10.0.1 want: ^4
3365 silly placeDep ROOT sanitize.css@13.0.0 OK for: postcss-normalize@10.0.1 want: *
3366 timing idealTree:node_modules/postcss-normalize Completed in 7ms
3367 timing idealTree:node_modules/@csstools/normalize.css Completed in 0ms
3368 timing idealTree:node_modules/postcss-browser-comments Completed in 0ms
3369 timing idealTree:node_modules/postcss-normalize-charset Completed in 0ms
3370 timing idealTree:node_modules/postcss-normalize-display-values Completed in 0ms
3371 timing idealTree:node_modules/postcss-normalize-positions Completed in 0ms
3372 timing idealTree:node_modules/postcss-normalize-repeat-style Completed in 0ms
3373 timing idealTree:node_modules/postcss-normalize-string Completed in 0ms
3374 timing idealTree:node_modules/postcss-normalize-timing-functions Completed in 0ms
3375 timing idealTree:node_modules/postcss-normalize-unicode Completed in 0ms
3376 silly placeDep ROOT normalize-url@6.1.0 OK for: postcss-normalize-url@5.1.0 want: ^6.0.1
3377 timing idealTree:node_modules/postcss-normalize-url Completed in 1ms
3378 timing idealTree:node_modules/normalize-url Completed in 0ms
3379 timing idealTree:node_modules/postcss-normalize-whitespace Completed in 0ms
3380 timing idealTree:node_modules/postcss-ordered-values Completed in 0ms
3381 silly fetch manifest postcss@^8.2
3382 silly placeDep ROOT @csstools/postcss-cascade-layers@1.1.1 OK for: postcss-preset-env@7.8.3 want: ^1.1.1
3383 silly fetch manifest @csstools/selector-specificity@^2.0.2
3384 silly placeDep ROOT @csstools/postcss-color-function@1.1.1 OK for: postcss-preset-env@7.8.3 want: ^1.1.1
3385 silly fetch manifest @csstools/postcss-progressive-custom-properties@^1.1.0
3386 silly placeDep ROOT @csstools/postcss-font-format-keywords@1.0.1 OK for: postcss-preset-env@7.8.3 want: ^1.0.1
3387 silly placeDep ROOT @csstools/postcss-hwb-function@1.0.2 OK for: postcss-preset-env@7.8.3 want: ^1.0.2
3388 silly placeDep ROOT @csstools/postcss-ic-unit@1.0.1 OK for: postcss-preset-env@7.8.3 want: ^1.0.1
3389 silly placeDep ROOT @csstools/postcss-is-pseudo-class@2.0.7 OK for: postcss-preset-env@7.8.3 want: ^2.0.7
3390 silly fetch manifest @csstools/selector-specificity@^2.0.0
3391 silly placeDep ROOT @csstools/postcss-nested-calc@1.0.0 OK for: postcss-preset-env@7.8.3 want: ^1.0.0
3392 silly placeDep ROOT @csstools/postcss-normalize-display-values@1.0.1 OK for: postcss-preset-env@7.8.3 want: ^1.0.1
3393 silly placeDep ROOT @csstools/postcss-oklab-function@1.1.1 OK for: postcss-preset-env@7.8.3 want: ^1.1.1
3394 silly placeDep ROOT @csstools/postcss-progressive-custom-properties@1.3.0 OK for: postcss-preset-env@7.8.3 want: ^1.3.0
3395 silly placeDep ROOT @csstools/postcss-stepped-value-functions@1.0.1 OK for: postcss-preset-env@7.8.3 want: ^1.0.1
3396 silly placeDep ROOT @csstools/postcss-text-decoration-shorthand@1.0.0 OK for: postcss-preset-env@7.8.3 want: ^1.0.0
3397 silly placeDep ROOT @csstools/postcss-trigonometric-functions@1.0.2 OK for: postcss-preset-env@7.8.3 want: ^1.0.2
3398 silly placeDep ROOT @csstools/postcss-unset-value@1.0.2 OK for: postcss-preset-env@7.8.3 want: ^1.0.2
3399 silly placeDep ROOT autoprefixer@10.4.16 OK for: postcss-preset-env@7.8.3 want: ^10.4.13
3400 silly fetch manifest fraction.js@^4.3.6
3401 silly fetch manifest normalize-range@^0.1.2
3402 silly placeDep ROOT css-blank-pseudo@3.0.3 OK for: postcss-preset-env@7.8.3 want: ^3.0.3
3403 silly placeDep ROOT css-has-pseudo@3.0.4 OK for: postcss-preset-env@7.8.3 want: ^3.0.4
3404 silly placeDep ROOT css-prefers-color-scheme@6.0.3 OK for: postcss-preset-env@7.8.3 want: ^6.0.3
3405 silly placeDep ROOT cssdb@7.9.1 OK for: postcss-preset-env@7.8.3 want: ^7.1.0
3406 silly placeDep ROOT postcss-attribute-case-insensitive@5.0.2 OK for: postcss-preset-env@7.8.3 want: ^5.0.2
3407 silly placeDep ROOT postcss-clamp@4.1.0 OK for: postcss-preset-env@7.8.3 want: ^4.1.0
3408 silly placeDep ROOT postcss-color-functional-notation@4.2.4 OK for: postcss-preset-env@7.8.3 want: ^4.2.4
3409 silly placeDep ROOT postcss-color-hex-alpha@8.0.4 OK for: postcss-preset-env@7.8.3 want: ^8.0.4
3410 silly placeDep ROOT postcss-color-rebeccapurple@7.1.1 OK for: postcss-preset-env@7.8.3 want: ^7.1.1
3411 silly placeDep ROOT postcss-custom-media@8.0.2 OK for: postcss-preset-env@7.8.3 want: ^8.0.2
3412 silly placeDep ROOT postcss-custom-properties@12.1.11 OK for: postcss-preset-env@7.8.3 want: ^12.1.10
3413 silly placeDep ROOT postcss-custom-selectors@6.0.3 OK for: postcss-preset-env@7.8.3 want: ^6.0.3
3414 silly placeDep ROOT postcss-dir-pseudo-class@6.0.5 OK for: postcss-preset-env@7.8.3 want: ^6.0.5
3415 silly placeDep ROOT postcss-double-position-gradients@3.1.2 OK for: postcss-preset-env@7.8.3 want: ^3.1.2
3416 silly placeDep ROOT postcss-env-function@4.0.6 OK for: postcss-preset-env@7.8.3 want: ^4.0.6
3417 silly placeDep ROOT postcss-focus-visible@6.0.4 OK for: postcss-preset-env@7.8.3 want: ^6.0.4
3418 silly placeDep ROOT postcss-focus-within@5.0.4 OK for: postcss-preset-env@7.8.3 want: ^5.0.4
3419 silly placeDep ROOT postcss-font-variant@5.0.0 OK for: postcss-preset-env@7.8.3 want: ^5.0.0
3420 silly placeDep ROOT postcss-gap-properties@3.0.5 OK for: postcss-preset-env@7.8.3 want: ^3.0.5
3421 silly placeDep ROOT postcss-image-set-function@4.0.7 OK for: postcss-preset-env@7.8.3 want: ^4.0.7
3422 silly placeDep ROOT postcss-initial@4.0.1 OK for: postcss-preset-env@7.8.3 want: ^4.0.1
3423 silly placeDep ROOT postcss-lab-function@4.2.1 OK for: postcss-preset-env@7.8.3 want: ^4.2.1
3424 silly placeDep ROOT postcss-logical@5.0.4 OK for: postcss-preset-env@7.8.3 want: ^5.0.4
3425 silly placeDep ROOT postcss-media-minmax@5.0.0 OK for: postcss-preset-env@7.8.3 want: ^5.0.0
3426 silly placeDep ROOT postcss-nesting@10.2.0 OK for: postcss-preset-env@7.8.3 want: ^10.2.0
3427 silly placeDep ROOT postcss-opacity-percentage@1.1.3 OK for: postcss-preset-env@7.8.3 want: ^1.1.2
3428 silly placeDep ROOT postcss-overflow-shorthand@3.0.4 OK for: postcss-preset-env@7.8.3 want: ^3.0.4
3429 silly placeDep ROOT postcss-page-break@3.0.4 OK for: postcss-preset-env@7.8.3 want: ^3.0.4
3430 silly placeDep ROOT postcss-place@7.0.5 OK for: postcss-preset-env@7.8.3 want: ^7.0.5
3431 silly placeDep ROOT postcss-pseudo-class-any-link@7.1.6 OK for: postcss-preset-env@7.8.3 want: ^7.1.6
3432 silly placeDep ROOT postcss-replace-overflow-wrap@4.0.0 OK for: postcss-preset-env@7.8.3 want: ^4.0.0
3433 silly placeDep ROOT postcss-selector-not@6.0.1 OK for: postcss-preset-env@7.8.3 want: ^6.0.1
3434 http fetch GET 200 https://registry.npmjs.org/fraction.js 135ms (cache miss)
3435 http fetch GET 200 https://registry.npmjs.org/normalize-range 135ms (cache miss)
3436 http fetch GET 200 https://registry.npmjs.org/@csstools%2fselector-specificity 185ms (cache miss)
3437 http fetch GET 200 https://registry.npmjs.org/@csstools%2fselector-specificity 240ms (cache miss)
3438 timing idealTree:node_modules/postcss-preset-env Completed in 281ms
3439 silly fetch manifest postcss-selector-parser@^6.0.10
3440 silly placeDep ROOT @csstools/selector-specificity@2.2.0 OK for: @csstools/postcss-cascade-layers@1.1.1 want: ^2.0.2
3441 timing idealTree:node_modules/@csstools/postcss-cascade-layers Completed in 4ms
3442 timing idealTree:node_modules/@csstools/postcss-color-function Completed in 0ms
3443 timing idealTree:node_modules/@csstools/postcss-font-format-keywords Completed in 0ms
3444 timing idealTree:node_modules/@csstools/postcss-hwb-function Completed in 0ms
3445 timing idealTree:node_modules/@csstools/postcss-ic-unit Completed in 0ms
3446 timing idealTree:node_modules/@csstools/postcss-is-pseudo-class Completed in 0ms
3447 timing idealTree:node_modules/@csstools/postcss-nested-calc Completed in 0ms
3448 timing idealTree:node_modules/@csstools/postcss-normalize-display-values Completed in 0ms
3449 timing idealTree:node_modules/@csstools/postcss-oklab-function Completed in 0ms
3450 timing idealTree:node_modules/@csstools/postcss-progressive-custom-properties Completed in 0ms
3451 timing idealTree:node_modules/@csstools/postcss-stepped-value-functions Completed in 0ms
3452 timing idealTree:node_modules/@csstools/postcss-text-decoration-shorthand Completed in 0ms
3453 timing idealTree:node_modules/@csstools/postcss-trigonometric-functions Completed in 0ms
3454 timing idealTree:node_modules/@csstools/postcss-unset-value Completed in 0ms
3455 timing idealTree:node_modules/@csstools/selector-specificity Completed in 0ms
3456 silly placeDep ROOT fraction.js@4.3.7 OK for: autoprefixer@10.4.16 want: ^4.3.6
3457 silly placeDep ROOT normalize-range@0.1.2 OK for: autoprefixer@10.4.16 want: ^0.1.2
3458 timing idealTree:node_modules/autoprefixer Completed in 3ms
3459 timing idealTree:node_modules/css-blank-pseudo Completed in 0ms
3460 timing idealTree:node_modules/css-has-pseudo Completed in 0ms
3461 timing idealTree:node_modules/css-prefers-color-scheme Completed in 0ms
3462 timing idealTree:node_modules/cssdb Completed in 0ms
3463 timing idealTree:node_modules/fraction.js Completed in 0ms
3464 timing idealTree:node_modules/normalize-range Completed in 0ms
3465 timing idealTree:node_modules/postcss-attribute-case-insensitive Completed in 0ms
3466 timing idealTree:node_modules/postcss-clamp Completed in 0ms
3467 timing idealTree:node_modules/postcss-color-functional-notation Completed in 0ms
3468 timing idealTree:node_modules/postcss-color-hex-alpha Completed in 0ms
3469 timing idealTree:node_modules/postcss-color-rebeccapurple Completed in 0ms
3470 timing idealTree:node_modules/postcss-custom-media Completed in 0ms
3471 timing idealTree:node_modules/postcss-custom-properties Completed in 0ms
3472 timing idealTree:node_modules/postcss-custom-selectors Completed in 0ms
3473 timing idealTree:node_modules/postcss-dir-pseudo-class Completed in 0ms
3474 timing idealTree:node_modules/postcss-double-position-gradients Completed in 0ms
3475 timing idealTree:node_modules/postcss-env-function Completed in 0ms
3476 timing idealTree:node_modules/postcss-focus-visible Completed in 0ms
3477 timing idealTree:node_modules/postcss-focus-within Completed in 0ms
3478 timing idealTree:node_modules/postcss-font-variant Completed in 0ms
3479 timing idealTree:node_modules/postcss-gap-properties Completed in 0ms
3480 timing idealTree:node_modules/postcss-image-set-function Completed in 0ms
3481 timing idealTree:node_modules/postcss-initial Completed in 0ms
3482 timing idealTree:node_modules/postcss-lab-function Completed in 0ms
3483 timing idealTree:node_modules/postcss-logical Completed in 0ms
3484 timing idealTree:node_modules/postcss-media-minmax Completed in 0ms
3485 timing idealTree:node_modules/postcss-nesting Completed in 0ms
3486 timing idealTree:node_modules/postcss-opacity-percentage Completed in 0ms
3487 timing idealTree:node_modules/postcss-overflow-shorthand Completed in 0ms
3488 timing idealTree:node_modules/postcss-page-break Completed in 0ms
3489 timing idealTree:node_modules/postcss-place Completed in 0ms
3490 timing idealTree:node_modules/postcss-pseudo-class-any-link Completed in 0ms
3491 timing idealTree:node_modules/postcss-reduce-initial Completed in 0ms
3492 timing idealTree:node_modules/postcss-reduce-transforms Completed in 0ms
3493 timing idealTree:node_modules/postcss-replace-overflow-wrap Completed in 0ms
3494 timing idealTree:node_modules/postcss-selector-not Completed in 0ms
3495 silly placeDep ROOT cssesc@3.0.0 OK for: postcss-selector-parser@6.0.13 want: ^3.0.0
3496 silly placeDep ROOT util-deprecate@1.0.2 OK for: postcss-selector-parser@6.0.13 want: ^1.0.2
3497 timing idealTree:node_modules/postcss-selector-parser Completed in 2ms
3498 timing idealTree:node_modules/cssesc Completed in 0ms
3499 silly placeDep node_modules/postcss-svgo svgo@2.8.0 OK for: postcss-svgo@5.1.0 want: ^2.7.0
3500 silly fetch manifest @trysound/sax@0.2.0
3501 silly fetch manifest commander@^7.2.0
3502 silly fetch manifest css-select@^4.1.3
3503 silly fetch manifest css-tree@^1.1.3
3504 silly fetch manifest csso@^4.2.0
3505 http fetch GET 200 https://registry.npmjs.org/@trysound%2fsax 167ms (cache miss)
3506 timing idealTree:node_modules/postcss-svgo Completed in 171ms
3507 timing idealTree:node_modules/postcss-unique-selectors Completed in 0ms
3508 timing idealTree:node_modules/postcss-value-parser Completed in 0ms
3509 timing idealTree:node_modules/prelude-ls Completed in 0ms
3510 silly placeDep ROOT renderkid@3.0.0 OK for: pretty-error@4.0.0 want: ^3.0.0
3511 silly fetch manifest dom-converter@^0.2.0
3512 silly fetch manifest htmlparser2@^6.1.0
3513 http fetch GET 200 https://registry.npmjs.org/dom-converter 61ms (cache miss)
3514 http fetch GET 200 https://registry.npmjs.org/htmlparser2 72ms (cache miss)
3515 timing idealTree:node_modules/pretty-error Completed in 78ms
3516 silly placeDep ROOT ansi-regex@5.0.1 OK for: pretty-format@27.5.1 want: ^5.0.1
3517 silly placeDep node_modules/pretty-format ansi-styles@5.2.0 OK for: pretty-format@27.5.1 want: ^5.0.0
3518 silly placeDep ROOT react-is@17.0.2 OK for: pretty-format@27.5.1 want: ^17.0.1
3519 timing idealTree:node_modules/pretty-format Completed in 6ms
3520 timing idealTree:node_modules/ansi-regex Completed in 0ms
3521 silly placeDep ROOT kleur@3.0.3 OK for: prompts@2.4.2 want: ^3.0.3
3522 silly placeDep ROOT sisteransi@1.0.5 OK for: prompts@2.4.2 want: ^1.0.5
3523 timing idealTree:node_modules/prompts Completed in 3ms
3524 timing idealTree:node_modules/kleur Completed in 0ms
3525 silly placeDep ROOT object-assign@4.1.1 OK for: prop-types@15.8.1 want: ^4.1.1
3526 silly placeDep node_modules/prop-types react-is@16.13.1 OK for: prop-types@15.8.1 want: ^16.13.1
3527 timing idealTree:node_modules/prop-types Completed in 4ms
3528 timing idealTree:node_modules/object-assign Completed in 0ms
3529 silly placeDep ROOT core-js@3.34.0 OK for: react-app-polyfill@3.0.0 want: ^3.19.2
3530 silly placeDep ROOT promise@8.3.0 OK for: react-app-polyfill@3.0.0 want: ^8.1.0
3531 silly fetch manifest asap@~2.0.6
3532 silly placeDep ROOT raf@3.4.1 OK for: react-app-polyfill@3.0.0 want: ^3.4.1
3533 silly fetch manifest performance-now@^2.1.0
3534 silly placeDep node_modules/react-app-polyfill regenerator-runtime@0.13.11 OK for: react-app-polyfill@3.0.0 want: ^0.13.9
3535 silly placeDep ROOT whatwg-fetch@3.6.20 OK for: react-app-polyfill@3.0.0 want: ^3.6.2
3536 http fetch GET 200 https://registry.npmjs.org/performance-now 61ms (cache miss)
3537 http fetch GET 200 https://registry.npmjs.org/asap 96ms (cache miss)
3538 timing idealTree:node_modules/react-app-polyfill Completed in 101ms
3539 timing idealTree:node_modules/core-js Completed in 0ms
3540 silly placeDep ROOT asap@2.0.6 OK for: promise@8.3.0 want: ~2.0.6
3541 timing idealTree:node_modules/promise Completed in 1ms
3542 timing idealTree:node_modules/asap Completed in 0ms
3543 silly placeDep ROOT performance-now@2.1.0 OK for: raf@3.4.1 want: ^2.1.0
3544 timing idealTree:node_modules/raf Completed in 1ms
3545 timing idealTree:node_modules/performance-now Completed in 0ms
3546 silly fetch manifest eslint@>= 6
3547 silly fetch manifest typescript@>= 2.7
3548 silly fetch manifest vue-template-compiler@*
3549 http fetch GET 200 https://registry.npmjs.org/vue-template-compiler 94ms (cache miss)
3550 silly fetch manifest webpack@>= 4
3551 silly placeDep ROOT address@1.2.2 OK for: react-dev-utils@12.0.1 want: ^1.1.2
3552 silly placeDep node_modules/react-dev-utils chalk@4.1.2 OK for: react-dev-utils@12.0.1 want: ^4.1.2
3553 silly placeDep ROOT detect-port-alt@1.1.6 OK for: react-dev-utils@12.0.1 want: ^1.1.6
3554 silly fetch manifest debug@^2.6.0
3555 silly placeDep node_modules/react-dev-utils escape-string-regexp@4.0.0 OK for: react-dev-utils@12.0.1 want: ^4.0.0
3556 silly placeDep ROOT filesize@8.0.7 OK for: react-dev-utils@12.0.1 want: ^8.0.6
3557 silly placeDep ROOT fork-ts-checker-webpack-plugin@6.5.3 OK for: react-dev-utils@12.0.1 want: ^6.5.0
3558 silly fetch manifest chalk@^4.1.0
3559 silly fetch manifest chokidar@^3.4.2
3560 silly fetch manifest cosmiconfig@^6.0.0
3561 silly fetch manifest fs-extra@^9.0.0
3562 silly fetch manifest memfs@^3.1.2
3563 silly fetch manifest schema-utils@2.7.0
3564 silly fetch manifest tapable@^1.0.0
3565 silly placeDep ROOT global-modules@2.0.0 OK for: react-dev-utils@12.0.1 want: ^2.0.0
3566 silly fetch manifest global-prefix@^3.0.0
3567 silly placeDep ROOT gzip-size@6.0.0 OK for: react-dev-utils@12.0.1 want: ^6.0.0
3568 silly fetch manifest duplexer@^0.1.2
3569 silly placeDep ROOT immer@9.0.21 OK for: react-dev-utils@12.0.1 want: ^9.0.7
3570 silly placeDep ROOT is-root@2.1.0 OK for: react-dev-utils@12.0.1 want: ^2.1.0
3571 silly placeDep node_modules/react-dev-utils loader-utils@3.2.1 OK for: react-dev-utils@12.0.1 want: ^3.2.0
3572 silly placeDep ROOT open@8.4.2 OK for: react-dev-utils@12.0.1 want: ^8.4.0
3573 silly fetch manifest define-lazy-prop@^2.0.0
3574 silly fetch manifest is-docker@^2.1.1
3575 silly fetch manifest is-wsl@^2.2.0
3576 silly placeDep ROOT pkg-up@3.1.0 OK for: react-dev-utils@12.0.1 want: ^3.1.0
3577 silly fetch manifest find-up@^3.0.0
3578 silly placeDep ROOT react-error-overlay@6.0.11 OK for: react-dev-utils@12.0.1 want: ^6.0.11
3579 silly placeDep ROOT recursive-readdir@2.2.3 OK for: react-dev-utils@12.0.1 want: ^2.2.2
3580 silly placeDep ROOT shell-quote@1.8.1 OK for: react-dev-utils@12.0.1 want: ^1.7.3
3581 http fetch GET 200 https://registry.npmjs.org/define-lazy-prop 70ms (cache miss)
3582 http fetch GET 200 https://registry.npmjs.org/duplexer 76ms (cache miss)
3583 http fetch GET 200 https://registry.npmjs.org/is-wsl 73ms (cache miss)
3584 http fetch GET 200 https://registry.npmjs.org/memfs 89ms (cache miss)
3585 http fetch GET 200 https://registry.npmjs.org/global-prefix 98ms (cache miss)
3586 http fetch GET 200 https://registry.npmjs.org/is-docker 97ms (cache miss)
3587 timing idealTree:node_modules/react-dev-utils Completed in 224ms
3588 timing idealTree:node_modules/address Completed in 0ms
3589 silly placeDep node_modules/detect-port-alt debug@2.6.9 OK for: detect-port-alt@1.1.6 want: ^2.6.0
3590 silly fetch manifest ms@2.0.0
3591 timing idealTree:node_modules/detect-port-alt Completed in 2ms
3592 timing idealTree:node_modules/filesize Completed in 0ms
3593 silly placeDep node_modules/fork-ts-checker-webpack-plugin chalk@4.1.2 OK for: fork-ts-checker-webpack-plugin@6.5.3 want: ^4.1.0
3594 silly placeDep ROOT chokidar@3.5.3 OK for: fork-ts-checker-webpack-plugin@6.5.3 want: ^3.4.2
3595 silly fetch manifest glob-parent@~5.1.2
3596 silly fetch manifest is-binary-path@~2.1.0
3597 silly fetch manifest readdirp@~3.6.0
3598 silly placeDep node_modules/fork-ts-checker-webpack-plugin cosmiconfig@6.0.0 OK for: fork-ts-checker-webpack-plugin@6.5.3 want: ^6.0.0
3599 silly placeDep node_modules/fork-ts-checker-webpack-plugin fs-extra@9.1.0 OK for: fork-ts-checker-webpack-plugin@6.5.3 want: ^9.0.0
3600 silly fetch manifest at-least-node@^1.0.0
3601 silly placeDep ROOT memfs@3.5.3 OK for: fork-ts-checker-webpack-plugin@6.5.3 want: ^3.1.2
3602 silly fetch manifest fs-monkey@^1.0.4
3603 silly placeDep node_modules/fork-ts-checker-webpack-plugin schema-utils@2.7.0 OK for: fork-ts-checker-webpack-plugin@6.5.3 want: 2.7.0
3604 silly fetch manifest ajv-keywords@^3.4.1
3605 silly placeDep node_modules/fork-ts-checker-webpack-plugin tapable@1.1.3 OK for: fork-ts-checker-webpack-plugin@6.5.3 want: ^1.0.0
3606 http fetch GET 200 https://registry.npmjs.org/fs-monkey 87ms (cache miss)
3607 http fetch GET 200 https://registry.npmjs.org/is-binary-path 94ms (cache miss)
3608 http fetch GET 200 https://registry.npmjs.org/readdirp 103ms (cache miss)
3609 http fetch GET 200 https://registry.npmjs.org/at-least-node 129ms (cache miss)
3610 timing idealTree:node_modules/fork-ts-checker-webpack-plugin Completed in 141ms
3611 silly placeDep node_modules/chokidar glob-parent@5.1.2 OK for: chokidar@3.5.3 want: ~5.1.2
3612 silly placeDep ROOT is-binary-path@2.1.0 OK for: chokidar@3.5.3 want: ~2.1.0
3613 silly fetch manifest binary-extensions@^2.0.0
3614 silly placeDep ROOT readdirp@3.6.0 OK for: chokidar@3.5.3 want: ~3.6.0
3615 http fetch GET 200 https://registry.npmjs.org/binary-extensions 65ms (cache miss)
3616 timing idealTree:node_modules/chokidar Completed in 71ms
3617 silly placeDep ROOT global-prefix@3.0.0 OK for: global-modules@2.0.0 want: ^3.0.0
3618 silly fetch manifest ini@^1.3.5
3619 silly fetch manifest kind-of@^6.0.2
3620 silly fetch manifest which@^1.3.1
3621 http fetch GET 200 https://registry.npmjs.org/kind-of 52ms (cache miss)
3622 http fetch GET 200 https://registry.npmjs.org/ini 61ms (cache miss)
3623 timing idealTree:node_modules/global-modules Completed in 65ms
3624 silly placeDep ROOT ini@1.3.8 OK for: global-prefix@3.0.0 want: ^1.3.5
3625 silly placeDep ROOT kind-of@6.0.3 OK for: global-prefix@3.0.0 want: ^6.0.2
3626 silly placeDep node_modules/global-prefix which@1.3.1 OK for: global-prefix@3.0.0 want: ^1.3.1
3627 timing idealTree:node_modules/global-prefix Completed in 5ms
3628 silly placeDep ROOT duplexer@0.1.2 OK for: gzip-size@6.0.0 want: ^0.1.2
3629 timing idealTree:node_modules/gzip-size Completed in 2ms
3630 timing idealTree:node_modules/duplexer Completed in 0ms
3631 timing idealTree:node_modules/immer Completed in 0ms
3632 timing idealTree:node_modules/ini Completed in 0ms
3633 silly placeDep ROOT binary-extensions@2.2.0 OK for: is-binary-path@2.1.0 want: ^2.0.0
3634 timing idealTree:node_modules/is-binary-path Completed in 2ms
3635 timing idealTree:node_modules/binary-extensions Completed in 0ms
3636 timing idealTree:node_modules/is-root Completed in 0ms
3637 timing idealTree:node_modules/kind-of Completed in 0ms
3638 silly placeDep ROOT fs-monkey@1.0.5 OK for: memfs@3.5.3 want: ^1.0.4
3639 timing idealTree:node_modules/memfs Completed in 2ms
3640 timing idealTree:node_modules/fs-monkey Completed in 0ms
3641 silly placeDep ROOT define-lazy-prop@2.0.0 OK for: open@8.4.2 want: ^2.0.0
3642 silly placeDep ROOT is-docker@2.2.1 OK for: open@8.4.2 want: ^2.1.1
3643 silly placeDep ROOT is-wsl@2.2.0 OK for: open@8.4.2 want: ^2.2.0
3644 timing idealTree:node_modules/open Completed in 5ms
3645 timing idealTree:node_modules/define-lazy-prop Completed in 0ms
3646 timing idealTree:node_modules/is-docker Completed in 0ms
3647 timing idealTree:node_modules/is-wsl Completed in 0ms
3648 silly placeDep node_modules/pkg-up find-up@3.0.0 OK for: pkg-up@3.1.0 want: ^3.0.0
3649 silly fetch manifest locate-path@^3.0.0
3650 timing idealTree:node_modules/pkg-up Completed in 2ms
3651 timing idealTree:node_modules/react-error-overlay Completed in 0ms
3652 timing idealTree:node_modules/react-is Completed in 0ms
3653 timing idealTree:node_modules/react-refresh Completed in 0ms
3654 timing idealTree:node_modules/readdirp Completed in 0ms
3655 timing idealTree:node_modules/recursive-readdir Completed in 0ms
3656 silly placeDep ROOT which-builtin-type@1.1.3 OK for: reflect.getprototypeof@1.0.4 want: ^1.1.3
3657 silly fetch manifest is-async-function@^2.0.0
3658 silly fetch manifest is-finalizationregistry@^1.0.2
3659 silly fetch manifest is-generator-function@^1.0.10
3660 silly fetch manifest which-collection@^1.0.1
3661 http fetch GET 200 https://registry.npmjs.org/is-async-function 53ms (cache miss)
3662 http fetch GET 200 https://registry.npmjs.org/is-generator-function 70ms (cache miss)
3663 http fetch GET 200 https://registry.npmjs.org/which-collection 70ms (cache miss)
3664 http fetch GET 200 https://registry.npmjs.org/is-finalizationregistry 86ms (cache miss)
3665 timing idealTree:node_modules/reflect.getprototypeof Completed in 90ms
3666 timing idealTree:node_modules/regenerator-runtime Completed in 0ms
3667 timing idealTree:node_modules/regenerator-transform Completed in 0ms
3668 timing idealTree:node_modules/regexp.prototype.flags Completed in 0ms
3669 silly placeDep ROOT @babel/regjsgen@0.8.0 OK for: regexpu-core@5.3.2 want: ^0.8.0
3670 silly placeDep ROOT regenerate@1.4.2 OK for: regexpu-core@5.3.2 want: ^1.4.2
3671 silly placeDep ROOT regenerate-unicode-properties@10.1.1 OK for: regexpu-core@5.3.2 want: ^10.1.0
3672 silly placeDep ROOT regjsparser@0.9.1 OK for: regexpu-core@5.3.2 want: ^0.9.1
3673 silly fetch manifest jsesc@~0.5.0
3674 silly placeDep ROOT unicode-match-property-ecmascript@2.0.0 OK for: regexpu-core@5.3.2 want: ^2.0.0
3675 silly fetch manifest unicode-canonical-property-names-ecmascript@^2.0.0
3676 silly fetch manifest unicode-property-aliases-ecmascript@^2.0.0
3677 silly placeDep ROOT unicode-match-property-value-ecmascript@2.1.0 OK for: regexpu-core@5.3.2 want: ^2.1.0
3678 http fetch GET 200 https://registry.npmjs.org/unicode-property-aliases-ecmascript 53ms (cache miss)
3679 http fetch GET 200 https://registry.npmjs.org/unicode-canonical-property-names-ecmascript 77ms (cache miss)
3680 timing idealTree:node_modules/regexpu-core Completed in 86ms
3681 timing idealTree:node_modules/@babel/regjsgen Completed in 0ms
3682 timing idealTree:node_modules/regenerate Completed in 0ms
3683 timing idealTree:node_modules/regenerate-unicode-properties Completed in 1ms
3684 silly placeDep node_modules/regjsparser jsesc@0.5.0 OK for: regjsparser@0.9.1 want: ~0.5.0
3685 timing idealTree:node_modules/regjsparser Completed in 1ms
3686 timing idealTree:node_modules/relateurl Completed in 0ms
3687 silly placeDep ROOT css-select@4.3.0 OK for: renderkid@3.0.0 want: ^4.1.3
3688 silly fetch manifest boolbase@^1.0.0
3689 silly fetch manifest css-what@^6.0.1
3690 silly fetch manifest domhandler@^4.3.1
3691 silly fetch manifest domutils@^2.8.0
3692 silly fetch manifest nth-check@^2.0.1
3693 silly placeDep ROOT dom-converter@0.2.0 OK for: renderkid@3.0.0 want: ^0.2.0
3694 silly fetch manifest utila@~0.4
3695 silly placeDep ROOT htmlparser2@6.1.0 OK for: renderkid@3.0.0 want: ^6.1.0
3696 silly fetch manifest domelementtype@^2.0.1
3697 silly fetch manifest domhandler@^4.0.0
3698 silly fetch manifest domutils@^2.5.2
3699 silly fetch manifest entities@^2.0.0
3700 http fetch GET 200 https://registry.npmjs.org/boolbase 79ms (cache miss)
3701 http fetch GET 200 https://registry.npmjs.org/domelementtype 73ms (cache miss)
3702 http fetch GET 200 https://registry.npmjs.org/utila 79ms (cache miss)
3703 http fetch GET 200 https://registry.npmjs.org/domhandler 76ms (cache miss)
3704 http fetch GET 200 https://registry.npmjs.org/domutils 88ms (cache miss)
3705 http fetch GET 200 https://registry.npmjs.org/domhandler 98ms (cache miss)
3706 http fetch GET 200 https://registry.npmjs.org/nth-check 110ms (cache miss)
3707 http fetch GET 200 https://registry.npmjs.org/css-what 114ms (cache miss)
3708 http fetch GET 200 https://registry.npmjs.org/domutils 143ms (cache miss)
3709 http fetch GET 200 https://registry.npmjs.org/entities 1056ms (cache miss)
3710 timing idealTree:node_modules/renderkid Completed in 1069ms
3711 silly placeDep ROOT boolbase@1.0.0 OK for: css-select@4.3.0 want: ^1.0.0
3712 silly placeDep ROOT css-what@6.1.0 OK for: css-select@4.3.0 want: ^6.0.1
3713 silly placeDep ROOT domhandler@4.3.1 OK for: css-select@4.3.0 want: ^4.3.1
3714 silly fetch manifest domelementtype@^2.2.0
3715 silly placeDep ROOT domutils@2.8.0 OK for: css-select@4.3.0 want: ^2.8.0
3716 silly fetch manifest dom-serializer@^1.0.1
3717 silly placeDep ROOT nth-check@2.1.1 OK for: css-select@4.3.0 want: ^2.0.1
3718 http fetch GET 200 https://registry.npmjs.org/dom-serializer 64ms (cache miss)
3719 timing idealTree:node_modules/css-select Completed in 71ms
3720 timing idealTree:node_modules/boolbase Completed in 0ms
3721 timing idealTree:node_modules/css-what Completed in 0ms
3722 silly placeDep ROOT utila@0.4.0 OK for: dom-converter@0.2.0 want: ~0.4
3723 timing idealTree:node_modules/dom-converter Completed in 2ms
3724 silly placeDep ROOT domelementtype@2.3.0 OK for: domhandler@4.3.1 want: ^2.2.0
3725 timing idealTree:node_modules/domhandler Completed in 2ms
3726 timing idealTree:node_modules/domelementtype Completed in 0ms
3727 silly placeDep ROOT dom-serializer@1.4.1 OK for: domutils@2.8.0 want: ^1.0.1
3728 timing idealTree:node_modules/domutils Completed in 2ms
3729 silly placeDep ROOT entities@2.2.0 OK for: dom-serializer@1.4.1 want: ^2.0.0
3730 timing idealTree:node_modules/dom-serializer Completed in 2ms
3731 timing idealTree:node_modules/entities Completed in 0ms
3732 timing idealTree:node_modules/htmlparser2 Completed in 0ms
3733 timing idealTree:node_modules/nth-check Completed in 0ms
3734 silly placeDep ROOT path-parse@1.0.7 OK for: resolve@1.22.8 want: ^1.0.7
3735 silly placeDep ROOT supports-preserve-symlinks-flag@1.0.0 OK for: resolve@1.22.8 want: ^1.0.0
3736 timing idealTree:node_modules/resolve Completed in 3ms
3737 timing idealTree:node_modules/path-parse Completed in 0ms
3738 timing idealTree:node_modules/resolve-cwd Completed in 0ms
3739 timing idealTree:node_modules/resolve-from Completed in 0ms
3740 silly placeDep ROOT adjust-sourcemap-loader@4.0.0 OK for: resolve-url-loader@4.0.0 want: ^4.0.0
3741 silly fetch manifest regex-parser@^2.2.11
3742 silly placeDep node_modules/resolve-url-loader convert-source-map@1.9.0 OK for: resolve-url-loader@4.0.0 want: ^1.7.0
3743 silly placeDep node_modules/resolve-url-loader postcss@7.0.39 OK for: resolve-url-loader@4.0.0 want: ^7.0.35
3744 silly fetch manifest picocolors@^0.2.1
3745 silly placeDep node_modules/resolve-url-loader source-map@0.6.1 OK for: resolve-url-loader@4.0.0 want: 0.6.1
3746 http fetch GET 200 https://registry.npmjs.org/regex-parser 74ms (cache miss)
3747 timing idealTree:node_modules/resolve-url-loader Completed in 77ms
3748 silly placeDep ROOT regex-parser@2.2.11 OK for: adjust-sourcemap-loader@4.0.0 want: ^2.2.11
3749 timing idealTree:node_modules/adjust-sourcemap-loader Completed in 2ms
3750 timing idealTree:node_modules/regex-parser Completed in 0ms
3751 timing idealTree:node_modules/resolve.exports Completed in 0ms
3752 timing idealTree:node_modules/reusify Completed in 0ms
3753 timing idealTree:node_modules/rimraf Completed in 0ms
3754 silly placeDep ROOT queue-microtask@1.2.3 OK for: run-parallel@1.2.0 want: ^1.2.2
3755 timing idealTree:node_modules/run-parallel Completed in 2ms
3756 timing idealTree:node_modules/queue-microtask Completed in 0ms
3757 silly placeDep ROOT isarray@2.0.5 OK for: safe-array-concat@1.0.1 want: ^2.0.5
3758 timing idealTree:node_modules/safe-array-concat Completed in 2ms
3759 timing idealTree:node_modules/isarray Completed in 0ms
3760 timing idealTree:node_modules/safe-regex-test Completed in 0ms
3761 timing idealTree:node_modules/sanitize.css Completed in 0ms
3762 silly placeDep ROOT neo-async@2.6.2 OK for: sass-loader@12.6.0 want: ^2.6.2
3763 timing idealTree:node_modules/sass-loader Completed in 2ms
3764 timing idealTree:node_modules/neo-async Completed in 0ms
3765 silly placeDep ROOT xmlchars@2.2.0 OK for: saxes@5.0.1 want: ^2.2.0
3766 timing idealTree:node_modules/saxes Completed in 2ms
3767 timing idealTree:node_modules/scheduler Completed in 0ms
3768 silly placeDep ROOT ajv-keywords@3.5.2 OK for: schema-utils@3.3.0 want: ^3.5.2
3769 timing idealTree:node_modules/schema-utils Completed in 3ms
3770 timing idealTree:node_modules/ajv-keywords Completed in 0ms
3771 silly placeDep node_modules/semver lru-cache@6.0.0 OK for: semver@7.5.4 want: ^6.0.0
3772 silly fetch manifest yallist@^4.0.0
3773 timing idealTree:node_modules/semver Completed in 2ms
3774 silly placeDep ROOT randombytes@2.1.0 OK for: serialize-javascript@6.0.1 want: ^2.1.0
3775 silly fetch manifest safe-buffer@^5.1.0
3776 http fetch GET 200 https://registry.npmjs.org/safe-buffer 10ms (cache hit)
3777 timing idealTree:node_modules/serialize-javascript Completed in 14ms
3778 silly placeDep ROOT safe-buffer@5.2.1 OK for: randombytes@2.1.0 want: ^5.1.0
3779 timing idealTree:node_modules/randombytes Completed in 2ms
3780 timing idealTree:node_modules/safe-buffer Completed in 0ms
3781 timing idealTree:node_modules/set-function-length Completed in 0ms
3782 timing idealTree:node_modules/set-function-name Completed in 0ms
3783 silly placeDep ROOT shebang-regex@3.0.0 OK for: shebang-command@2.0.0 want: ^3.0.0
3784 timing idealTree:node_modules/shebang-command Completed in 2ms
3785 timing idealTree:node_modules/shebang-regex Completed in 0ms
3786 timing idealTree:node_modules/shell-quote Completed in 0ms
3787 timing idealTree:node_modules/side-channel Completed in 0ms
3788 timing idealTree:node_modules/signal-exit Completed in 0ms
3789 timing idealTree:node_modules/sisteransi Completed in 0ms
3790 timing idealTree:node_modules/slash Completed in 0ms
3791 timing idealTree:node_modules/source-map Completed in 0ms
3792 timing idealTree:node_modules/source-map-js Completed in 0ms
3793 silly placeDep ROOT iconv-lite@0.6.3 OK for: source-map-loader@3.0.2 want: ^0.6.3
3794 silly fetch manifest safer-buffer@>= 2.1.2 < 3.0.0
3795 http fetch GET 200 https://registry.npmjs.org/safer-buffer 68ms (cache miss)
3796 timing idealTree:node_modules/source-map-loader Completed in 72ms
3797 silly placeDep ROOT safer-buffer@2.1.2 OK for: iconv-lite@0.6.3 want: >= 2.1.2 < 3.0.0
3798 timing idealTree:node_modules/iconv-lite Completed in 2ms
3799 timing idealTree:node_modules/safer-buffer Completed in 0ms
3800 silly placeDep ROOT buffer-from@1.1.2 OK for: source-map-support@0.5.21 want: ^1.0.0
3801 silly placeDep node_modules/source-map-support source-map@0.6.1 OK for: source-map-support@0.5.21 want: ^0.6.0
3802 timing idealTree:node_modules/source-map-support Completed in 2ms
3803 timing idealTree:node_modules/buffer-from Completed in 0ms
3804 timing idealTree:node_modules/sprintf-js Completed in 0ms
3805 silly placeDep node_modules/stack-utils escape-string-regexp@2.0.0 OK for: stack-utils@2.0.6 want: ^2.0.0
3806 timing idealTree:node_modules/stack-utils Completed in 1ms
3807 timing idealTree:node_modules/stackframe Completed in 0ms
3808 silly placeDep node_modules/static-eval escodegen@1.14.3 OK for: static-eval@2.0.2 want: ^1.8.1
3809 silly fetch manifest estraverse@^4.2.0
3810 silly fetch manifest optionator@^0.8.1
3811 timing idealTree:node_modules/static-eval Completed in 4ms
3812 silly placeDep ROOT char-regex@1.0.2 OK for: string-length@4.0.2 want: ^1.0.2
3813 timing idealTree:node_modules/string-length Completed in 2ms
3814 timing idealTree:node_modules/char-regex Completed in 0ms
3815 timing idealTree:node_modules/string-natural-compare Completed in 0ms
3816 timing idealTree:node_modules/string.prototype.matchall Completed in 0ms
3817 timing idealTree:node_modules/string.prototype.trim Completed in 0ms
3818 timing idealTree:node_modules/string.prototype.trimend Completed in 0ms
3819 timing idealTree:node_modules/string.prototype.trimstart Completed in 0ms
3820 timing idealTree:node_modules/strip-ansi Completed in 0ms
3821 timing idealTree:node_modules/strip-bom Completed in 0ms
3822 timing idealTree:node_modules/strip-final-newline Completed in 0ms
3823 timing idealTree:node_modules/strip-json-comments Completed in 0ms
3824 timing idealTree:node_modules/style-loader Completed in 0ms
3825 timing idealTree:node_modules/stylehacks Completed in 0ms
3826 silly placeDep ROOT has-flag@3.0.0 OK for: supports-color@5.5.0 want: ^3.0.0
3827 timing idealTree:node_modules/supports-color Completed in 2ms
3828 timing idealTree:node_modules/has-flag Completed in 0ms
3829 timing idealTree:node_modules/supports-preserve-symlinks-flag Completed in 0ms
3830 timing idealTree:node_modules/svg-parser Completed in 0ms
3831 silly placeDep ROOT coa@2.0.2 OK for: svgo@1.3.2 want: ^2.0.2
3832 silly fetch manifest @types/q@^1.5.1
3833 silly fetch manifest q@^1.1.2
3834 silly placeDep node_modules/svgo css-select@2.1.0 OK for: svgo@1.3.2 want: ^2.0.0
3835 silly fetch manifest css-what@^3.2.1
3836 silly fetch manifest domutils@^1.7.0
3837 silly fetch manifest nth-check@^1.0.2
3838 silly placeDep ROOT css-select-base-adapter@0.1.1 OK for: svgo@1.3.2 want: ^0.1.1
3839 silly placeDep ROOT css-tree@1.0.0-alpha.37 OK for: svgo@1.3.2 want: 1.0.0-alpha.37
3840 silly fetch manifest mdn-data@2.0.4
3841 silly placeDep ROOT csso@4.2.0 OK for: svgo@1.3.2 want: ^4.0.2
3842 silly fetch manifest css-tree@^1.1.2
3843 silly placeDep ROOT mkdirp@0.5.6 OK for: svgo@1.3.2 want: ~0.5.1
3844 silly placeDep ROOT sax@1.2.4 OK for: svgo@1.3.2 want: ~1.2.4
3845 silly placeDep ROOT stable@0.1.8 OK for: svgo@1.3.2 want: ^0.1.8
3846 silly placeDep ROOT unquote@1.1.1 OK for: svgo@1.3.2 want: ~1.1.1
3847 silly placeDep ROOT util.promisify@1.0.1 OK for: svgo@1.3.2 want: ~1.0.0
3848 silly fetch manifest object.getownpropertydescriptors@^2.1.0
3849 http fetch GET 200 https://registry.npmjs.org/object.getownpropertydescriptors 78ms (cache miss)
3850 http fetch GET 200 https://registry.npmjs.org/mdn-data 92ms (cache miss)
3851 http fetch GET 200 https://registry.npmjs.org/@types%2fq 104ms (cache miss)
3852 http fetch GET 200 https://registry.npmjs.org/q 1137ms (cache miss)
3853 timing idealTree:node_modules/svgo Completed in 1144ms
3854 silly placeDep ROOT @types/q@1.5.8 OK for: coa@2.0.2 want: ^1.5.1
3855 silly placeDep ROOT q@1.5.1 OK for: coa@2.0.2 want: ^1.1.2
3856 timing idealTree:node_modules/coa Completed in 4ms
3857 timing idealTree:node_modules/@types/q Completed in 0ms
3858 timing idealTree:node_modules/css-select-base-adapter Completed in 0ms
3859 silly placeDep ROOT mdn-data@2.0.4 OK for: css-tree@1.0.0-alpha.37 want: 2.0.4
3860 silly placeDep node_modules/css-tree source-map@0.6.1 OK for: css-tree@1.0.0-alpha.37 want: ^0.6.1
3861 timing idealTree:node_modules/css-tree Completed in 3ms
3862 silly placeDep node_modules/csso css-tree@1.1.3 OK for: csso@4.2.0 want: ^1.1.2
3863 silly fetch manifest mdn-data@2.0.14
3864 timing idealTree:node_modules/csso Completed in 3ms
3865 timing idealTree:node_modules/mdn-data Completed in 0ms
3866 silly placeDep ROOT minimist@1.2.8 OK for: mkdirp@0.5.6 want: ^1.2.6
3867 timing idealTree:node_modules/mkdirp Completed in 2ms
3868 timing idealTree:node_modules/minimist Completed in 0ms
3869 timing idealTree:node_modules/q Completed in 0ms
3870 timing idealTree:node_modules/sax Completed in 0ms
3871 timing idealTree:node_modules/stable Completed in 0ms
3872 timing idealTree:node_modules/symbol-tree Completed in 0ms
3873 silly fetch manifest postcss@^8.4.23
3874 silly placeDep ROOT @alloc/quick-lru@5.2.0 OK for: tailwindcss@3.3.6 want: ^5.2.0
3875 silly placeDep ROOT arg@5.0.2 OK for: tailwindcss@3.3.6 want: ^5.0.2
3876 silly placeDep ROOT didyoumean@1.2.2 OK for: tailwindcss@3.3.6 want: ^1.2.2
3877 silly placeDep ROOT dlv@1.1.3 OK for: tailwindcss@3.3.6 want: ^1.1.3
3878 silly placeDep ROOT jiti@1.21.0 OK for: tailwindcss@3.3.6 want: ^1.19.1
3879 silly placeDep ROOT object-hash@3.0.0 OK for: tailwindcss@3.3.6 want: ^3.0.0
3880 silly placeDep ROOT postcss-import@15.1.0 OK for: tailwindcss@3.3.6 want: ^15.1.0
3881 silly fetch manifest read-cache@^1.0.0
3882 silly placeDep ROOT postcss-js@4.0.1 OK for: tailwindcss@3.3.6 want: ^4.0.1
3883 silly fetch manifest camelcase-css@^2.0.1
3884 silly placeDep ROOT postcss-load-config@4.0.2 OK for: tailwindcss@3.3.6 want: ^4.0.1
3885 silly fetch manifest lilconfig@^3.0.0
3886 silly fetch manifest yaml@^2.3.4
3887 silly placeDep ROOT postcss-nested@6.0.1 OK for: tailwindcss@3.3.6 want: ^6.0.1
3888 silly placeDep ROOT sucrase@3.34.0 OK for: tailwindcss@3.3.6 want: ^3.32.0
3889 silly fetch manifest commander@^4.0.0
3890 silly fetch manifest glob@7.1.6
3891 silly fetch manifest mz@^2.7.0
3892 silly fetch manifest ts-interface-checker@^0.1.9
3893 http fetch GET 200 https://registry.npmjs.org/mz 73ms (cache miss)
3894 http fetch GET 200 https://registry.npmjs.org/read-cache 123ms (cache miss)
3895 http fetch GET 200 https://registry.npmjs.org/ts-interface-checker 111ms (cache miss)
3896 http fetch GET 200 https://registry.npmjs.org/camelcase-css 338ms (cache miss)
3897 timing idealTree:node_modules/tailwindcss Completed in 363ms
3898 timing idealTree:node_modules/@alloc/quick-lru Completed in 0ms
3899 timing idealTree:node_modules/arg Completed in 1ms
3900 timing idealTree:node_modules/didyoumean Completed in 0ms
3901 timing idealTree:node_modules/dlv Completed in 0ms
3902 timing idealTree:node_modules/jiti Completed in 0ms
3903 timing idealTree:node_modules/object-hash Completed in 0ms
3904 silly placeDep ROOT read-cache@1.0.0 OK for: postcss-import@15.1.0 want: ^1.0.0
3905 silly fetch manifest pify@^2.3.0
3906 http fetch GET 200 https://registry.npmjs.org/pify 96ms (cache miss)
3907 timing idealTree:node_modules/postcss-import Completed in 99ms
3908 silly placeDep ROOT camelcase-css@2.0.1 OK for: postcss-js@4.0.1 want: ^2.0.1
3909 timing idealTree:node_modules/postcss-js Completed in 3ms
3910 timing idealTree:node_modules/camelcase-css Completed in 0ms
3911 silly placeDep node_modules/postcss-load-config lilconfig@3.0.0 OK for: postcss-load-config@4.0.2 want: ^3.0.0
3912 silly placeDep node_modules/postcss-load-config yaml@2.3.4 OK for: postcss-load-config@4.0.2 want: ^2.3.4
3913 timing idealTree:node_modules/postcss-load-config Completed in 5ms
3914 timing idealTree:node_modules/postcss-nested Completed in 0ms
3915 silly placeDep ROOT pify@2.3.0 OK for: read-cache@1.0.0 want: ^2.3.0
3916 timing idealTree:node_modules/read-cache Completed in 3ms
3917 timing idealTree:node_modules/pify Completed in 0ms
3918 silly placeDep node_modules/sucrase commander@4.1.1 OK for: sucrase@3.34.0 want: ^4.0.0
3919 silly placeDep node_modules/sucrase glob@7.1.6 OK for: sucrase@3.34.0 want: 7.1.6
3920 silly placeDep ROOT mz@2.7.0 OK for: sucrase@3.34.0 want: ^2.7.0
3921 silly fetch manifest any-promise@^1.0.0
3922 silly fetch manifest thenify-all@^1.0.0
3923 silly placeDep ROOT ts-interface-checker@0.1.13 OK for: sucrase@3.34.0 want: ^0.1.9
3924 http fetch GET 200 https://registry.npmjs.org/any-promise 80ms (cache miss)
3925 http fetch GET 200 https://registry.npmjs.org/thenify-all 82ms (cache miss)
3926 timing idealTree:node_modules/sucrase Completed in 94ms
3927 silly placeDep ROOT any-promise@1.3.0 OK for: mz@2.7.0 want: ^1.0.0
3928 silly placeDep ROOT thenify-all@1.6.0 OK for: mz@2.7.0 want: ^1.0.0
3929 silly fetch manifest thenify@>= 3.1.0 < 4
3930 http fetch GET 200 https://registry.npmjs.org/thenify 81ms (cache miss)
3931 timing idealTree:node_modules/mz Completed in 86ms
3932 timing idealTree:node_modules/any-promise Completed in 0ms
3933 timing idealTree:node_modules/tapable Completed in 0ms
3934 silly placeDep ROOT supports-hyperlinks@2.3.0 OK for: terminal-link@2.1.1 want: ^2.0.0
3935 silly fetch manifest supports-color@^7.0.0
3936 timing idealTree:node_modules/terminal-link Completed in 3ms
3937 silly placeDep node_modules/supports-hyperlinks has-flag@4.0.0 OK for: supports-hyperlinks@2.3.0 want: ^4.0.0
3938 silly placeDep node_modules/supports-hyperlinks supports-color@7.2.0 OK for: supports-hyperlinks@2.3.0 want: ^7.0.0
3939 timing idealTree:node_modules/supports-hyperlinks Completed in 3ms
3940 silly placeDep ROOT @jridgewell/source-map@0.3.5 OK for: terser@5.26.0 want: ^0.3.3
3941 silly placeDep node_modules/terser commander@2.20.3 OK for: terser@5.26.0 want: ^2.20.0
3942 timing idealTree:node_modules/terser Completed in 3ms
3943 timing idealTree:node_modules/@jridgewell/source-map Completed in 0ms
3944 timing idealTree:node_modules/terser-webpack-plugin Completed in 0ms
3945 timing idealTree:node_modules/test-exclude Completed in 0ms
3946 timing idealTree:node_modules/text-table Completed in 0ms
3947 silly placeDep ROOT thenify@3.3.1 OK for: thenify-all@1.6.0 want: >= 3.1.0 < 4
3948 timing idealTree:node_modules/thenify-all Completed in 1ms
3949 timing idealTree:node_modules/thenify Completed in 0ms
3950 timing idealTree:node_modules/throat Completed in 0ms
3951 timing idealTree:node_modules/to-fast-properties Completed in 0ms
3952 silly placeDep ROOT is-number@7.0.0 OK for: to-regex-range@5.0.1 want: ^7.0.0
3953 timing idealTree:node_modules/to-regex-range Completed in 1ms
3954 timing idealTree:node_modules/is-number Completed in 0ms
3955 silly placeDep ROOT psl@1.9.0 OK for: tough-cookie@4.1.3 want: ^1.1.33
3956 silly placeDep ROOT punycode@2.3.1 OK for: tough-cookie@4.1.3 want: ^2.1.1
3957 silly placeDep node_modules/tough-cookie universalify@0.2.0 OK for: tough-cookie@4.1.3 want: ^0.2.0
3958 silly placeDep ROOT url-parse@1.5.10 OK for: tough-cookie@4.1.3 want: ^1.5.3
3959 silly fetch manifest querystringify@^2.1.1
3960 silly fetch manifest requires-port@^1.0.0
3961 http fetch GET 200 https://registry.npmjs.org/requires-port 73ms (cache miss)
3962 http fetch GET 200 https://registry.npmjs.org/querystringify 81ms (cache miss)
3963 timing idealTree:node_modules/tough-cookie Completed in 88ms
3964 timing idealTree:node_modules/psl Completed in 0ms
3965 timing idealTree:node_modules/punycode Completed in 0ms
3966 timing idealTree:node_modules/tryer Completed in 0ms
3967 timing idealTree:node_modules/ts-interface-checker Completed in 0ms
3968 silly placeDep ROOT @types/json5@0.0.29 OK for: tsconfig-paths@3.15.0 want: ^0.0.29
3969 silly placeDep node_modules/tsconfig-paths json5@1.0.2 OK for: tsconfig-paths@3.15.0 want: ^1.0.2
3970 silly placeDep node_modules/tsconfig-paths strip-bom@3.0.0 OK for: tsconfig-paths@3.15.0 want: ^3.0.0
3971 timing idealTree:node_modules/tsconfig-paths Completed in 4ms
3972 timing idealTree:node_modules/@types/json5 Completed in 0ms
3973 timing idealTree:node_modules/tslib Completed in 0ms
3974 silly placeDep node_modules/tsutils tslib@1.14.1 OK for: tsutils@3.21.0 want: ^1.8.1
3975 timing idealTree:node_modules/tsutils Completed in 1ms
3976 timing idealTree:node_modules/type-check Completed in 0ms
3977 timing idealTree:node_modules/type-detect Completed in 0ms
3978 timing idealTree:node_modules/type-fest Completed in 0ms
3979 timing idealTree:node_modules/typed-array-buffer Completed in 0ms
3980 silly placeDep ROOT for-each@0.3.3 OK for: typed-array-byte-length@1.0.0 want: ^0.3.3
3981 timing idealTree:node_modules/typed-array-byte-length Completed in 2ms
3982 timing idealTree:node_modules/for-each Completed in 0ms
3983 timing idealTree:node_modules/typed-array-byte-offset Completed in 0ms
3984 timing idealTree:node_modules/typed-array-length Completed in 0ms
3985 timing idealTree:node_modules/typescript Completed in 0ms
3986 silly placeDep ROOT has-bigints@1.0.2 OK for: unbox-primitive@1.0.2 want: ^1.0.2
3987 silly placeDep ROOT which-boxed-primitive@1.0.2 OK for: unbox-primitive@1.0.2 want: ^1.0.2
3988 silly fetch manifest is-bigint@^1.0.1
3989 silly fetch manifest is-boolean-object@^1.1.0
3990 silly fetch manifest is-number-object@^1.0.4
3991 http fetch GET 200 https://registry.npmjs.org/is-bigint 75ms (cache miss)
3992 http fetch GET 200 https://registry.npmjs.org/is-number-object 75ms (cache miss)
3993 http fetch GET 200 https://registry.npmjs.org/is-boolean-object 75ms (cache miss)
3994 timing idealTree:node_modules/unbox-primitive Completed in 80ms
3995 timing idealTree:node_modules/has-bigints Completed in 1ms
3996 timing idealTree:node_modules/underscore Completed in 0ms
3997 timing idealTree:node_modules/undici-types Completed in 0ms
3998 silly placeDep ROOT unicode-canonical-property-names-ecmascript@2.0.0 OK for: unicode-match-property-ecmascript@2.0.0 want: ^2.0.0
3999 silly placeDep ROOT unicode-property-aliases-ecmascript@2.1.0 OK for: unicode-match-property-ecmascript@2.0.0 want: ^2.0.0
4000 timing idealTree:node_modules/unicode-match-property-ecmascript Completed in 3ms
4001 timing idealTree:node_modules/unicode-canonical-property-names-ecmascript Completed in 0ms
4002 timing idealTree:node_modules/unicode-match-property-value-ecmascript Completed in 1ms
4003 timing idealTree:node_modules/unicode-property-aliases-ecmascript Completed in 0ms
4004 timing idealTree:node_modules/universalify Completed in 0ms
4005 timing idealTree:node_modules/unquote Completed in 0ms
4006 silly placeDep ROOT escalade@3.1.1 OK for: update-browserslist-db@1.0.13 want: ^3.1.1
4007 timing idealTree:node_modules/update-browserslist-db Completed in 2ms
4008 timing idealTree:node_modules/escalade Completed in 0ms
4009 timing idealTree:node_modules/uri-js Completed in 0ms
4010 silly placeDep ROOT querystringify@2.2.0 OK for: url-parse@1.5.10 want: ^2.1.1
4011 silly placeDep ROOT requires-port@1.0.0 OK for: url-parse@1.5.10 want: ^1.0.0
4012 timing idealTree:node_modules/url-parse Completed in 4ms
4013 timing idealTree:node_modules/querystringify Completed in 0ms
4014 timing idealTree:node_modules/requires-port Completed in 0ms
4015 timing idealTree:node_modules/util-deprecate Completed in 0ms
4016 silly placeDep ROOT object.getownpropertydescriptors@2.1.7 OK for: util.promisify@1.0.1 want: ^2.1.0
4017 silly fetch manifest array.prototype.reduce@^1.0.6
4018 http fetch GET 200 https://registry.npmjs.org/array.prototype.reduce 64ms (cache miss)
4019 timing idealTree:node_modules/util.promisify Completed in 68ms
4020 silly placeDep ROOT array.prototype.reduce@1.0.6 OK for: object.getownpropertydescriptors@2.1.7 want: ^1.0.6
4021 silly fetch manifest es-array-method-boxes-properly@^1.0.0
4022 http fetch GET 200 https://registry.npmjs.org/es-array-method-boxes-properly 83ms (cache miss)
4023 timing idealTree:node_modules/object.getownpropertydescriptors Completed in 87ms
4024 silly placeDep ROOT es-array-method-boxes-properly@1.0.0 OK for: array.prototype.reduce@1.0.6 want: ^1.0.0
4025 timing idealTree:node_modules/array.prototype.reduce Completed in 2ms
4026 timing idealTree:node_modules/es-array-method-boxes-properly Completed in 0ms
4027 timing idealTree:node_modules/utila Completed in 0ms
4028 silly placeDep node_modules/v8-to-istanbul convert-source-map@1.9.0 OK for: v8-to-istanbul@8.1.1 want: ^1.6.0
4029 timing idealTree:node_modules/v8-to-istanbul Completed in 2ms
4030 silly placeDep ROOT browser-process-hrtime@1.0.0 OK for: w3c-hr-time@1.0.2 want: ^1.0.0
4031 timing idealTree:node_modules/w3c-hr-time Completed in 2ms
4032 timing idealTree:node_modules/browser-process-hrtime Completed in 0ms
4033 timing idealTree:node_modules/w3c-xmlserializer Completed in 0ms
4034 silly placeDep ROOT makeerror@1.0.12 OK for: walker@1.0.8 want: 1.0.12
4035 silly fetch manifest tmpl@1.0.5
4036 http fetch GET 200 https://registry.npmjs.org/tmpl 58ms (cache miss)
4037 timing idealTree:node_modules/walker Completed in 62ms
4038 silly placeDep ROOT tmpl@1.0.5 OK for: makeerror@1.0.12 want: 1.0.5
4039 timing idealTree:node_modules/makeerror Completed in 2ms
4040 timing idealTree:node_modules/tmpl Completed in 0ms
4041 timing idealTree:node_modules/webidl-conversions Completed in 0ms
4042 silly placeDep ROOT @types/eslint-scope@3.7.7 OK for: webpack@5.89.0 want: ^3.7.3
4043 silly placeDep ROOT @webassemblyjs/ast@1.11.6 OK for: webpack@5.89.0 want: ^1.11.5
4044 silly fetch manifest @webassemblyjs/helper-numbers@1.11.6
4045 silly fetch manifest @webassemblyjs/helper-wasm-bytecode@1.11.6
4046 silly placeDep ROOT @webassemblyjs/wasm-edit@1.11.6 OK for: webpack@5.89.0 want: ^1.11.5
4047 silly fetch manifest @webassemblyjs/helper-buffer@1.11.6
4048 silly fetch manifest @webassemblyjs/helper-wasm-section@1.11.6
4049 silly fetch manifest @webassemblyjs/wasm-gen@1.11.6
4050 silly fetch manifest @webassemblyjs/wasm-opt@1.11.6
4051 silly fetch manifest @webassemblyjs/wasm-parser@1.11.6
4052 silly fetch manifest @webassemblyjs/wast-printer@1.11.6
4053 silly placeDep ROOT @webassemblyjs/wasm-parser@1.11.6 OK for: webpack@5.89.0 want: ^1.11.5
4054 silly fetch manifest @webassemblyjs/helper-api-error@1.11.6
4055 silly fetch manifest @webassemblyjs/ieee754@1.11.6
4056 silly fetch manifest @webassemblyjs/leb128@1.11.6
4057 silly fetch manifest @webassemblyjs/utf8@1.11.6
4058 silly placeDep ROOT acorn-import-assertions@1.9.0 OK for: webpack@5.89.0 want: ^1.9.0
4059 silly placeDep ROOT chrome-trace-event@1.0.3 OK for: webpack@5.89.0 want: ^1.0.2
4060 silly placeDep ROOT enhanced-resolve@5.15.0 OK for: webpack@5.89.0 want: ^5.15.0
4061 silly placeDep ROOT es-module-lexer@1.4.1 OK for: webpack@5.89.0 want: ^1.2.1
4062 silly placeDep node_modules/webpack eslint-scope@5.1.1 OK for: webpack@5.89.0 want: 5.1.1
4063 silly placeDep ROOT events@3.3.0 OK for: webpack@5.89.0 want: ^3.2.0
4064 silly placeDep ROOT glob-to-regexp@0.4.1 OK for: webpack@5.89.0 want: ^0.4.1
4065 silly placeDep ROOT loader-runner@4.3.0 OK for: webpack@5.89.0 want: ^4.2.0
4066 silly placeDep ROOT watchpack@2.4.0 OK for: webpack@5.89.0 want: ^2.4.0
4067 silly placeDep ROOT webpack-sources@3.2.3 OK for: webpack@5.89.0 want: ^3.2.3
4068 http fetch GET 200 https://registry.npmjs.org/@webassemblyjs%2fwast-printer 96ms (cache miss)
4069 http fetch GET 200 https://registry.npmjs.org/@webassemblyjs%2fhelper-buffer 107ms (cache miss)
4070 http fetch GET 200 https://registry.npmjs.org/@webassemblyjs%2fhelper-api-error 113ms (cache miss)
4071 http fetch GET 200 https://registry.npmjs.org/@webassemblyjs%2fhelper-numbers 121ms (cache miss)
4072 http fetch GET 200 https://registry.npmjs.org/@webassemblyjs%2futf8 115ms (cache miss)
4073 http fetch GET 200 https://registry.npmjs.org/@webassemblyjs%2fwasm-opt 148ms (cache miss)
4074 http fetch GET 200 https://registry.npmjs.org/@webassemblyjs%2fleb128 144ms (cache miss)
4075 http fetch GET 200 https://registry.npmjs.org/@webassemblyjs%2fhelper-wasm-section 154ms (cache miss)
4076 http fetch GET 200 https://registry.npmjs.org/@webassemblyjs%2fwasm-gen 293ms (cache miss)
4077 http fetch GET 200 https://registry.npmjs.org/@webassemblyjs%2fieee754 364ms (cache miss)
4078 http fetch GET 200 https://registry.npmjs.org/@webassemblyjs%2fhelper-wasm-bytecode 394ms (cache miss)
4079 timing idealTree:node_modules/webpack Completed in 403ms
4080 timing idealTree:node_modules/@types/eslint-scope Completed in 0ms
4081 silly placeDep ROOT @webassemblyjs/helper-numbers@1.11.6 OK for: @webassemblyjs/ast@1.11.6 want: 1.11.6
4082 silly fetch manifest @webassemblyjs/floating-point-hex-parser@1.11.6
4083 silly fetch manifest @xtuc/long@4.2.2
4084 silly placeDep ROOT @webassemblyjs/helper-wasm-bytecode@1.11.6 OK for: @webassemblyjs/ast@1.11.6 want: 1.11.6
4085 http fetch GET 200 https://registry.npmjs.org/@webassemblyjs%2ffloating-point-hex-parser 111ms (cache miss)
4086 http fetch GET 200 https://registry.npmjs.org/@xtuc%2flong 129ms (cache miss)
4087 timing idealTree:node_modules/@webassemblyjs/ast Completed in 133ms
4088 silly placeDep ROOT @webassemblyjs/floating-point-hex-parser@1.11.6 OK for: @webassemblyjs/helper-numbers@1.11.6 want: 1.11.6
4089 silly placeDep ROOT @webassemblyjs/helper-api-error@1.11.6 OK for: @webassemblyjs/helper-numbers@1.11.6 want: 1.11.6
4090 silly placeDep ROOT @xtuc/long@4.2.2 OK for: @webassemblyjs/helper-numbers@1.11.6 want: 4.2.2
4091 timing idealTree:node_modules/@webassemblyjs/helper-numbers Completed in 6ms
4092 timing idealTree:node_modules/@webassemblyjs/floating-point-hex-parser Completed in 0ms
4093 timing idealTree:node_modules/@webassemblyjs/helper-api-error Completed in 0ms
4094 timing idealTree:node_modules/@webassemblyjs/helper-wasm-bytecode Completed in 0ms
4095 silly placeDep ROOT @webassemblyjs/helper-buffer@1.11.6 OK for: @webassemblyjs/wasm-edit@1.11.6 want: 1.11.6
4096 silly placeDep ROOT @webassemblyjs/helper-wasm-section@1.11.6 OK for: @webassemblyjs/wasm-edit@1.11.6 want: 1.11.6
4097 silly placeDep ROOT @webassemblyjs/wasm-gen@1.11.6 OK for: @webassemblyjs/wasm-edit@1.11.6 want: 1.11.6
4098 silly placeDep ROOT @webassemblyjs/wasm-opt@1.11.6 OK for: @webassemblyjs/wasm-edit@1.11.6 want: 1.11.6
4099 silly placeDep ROOT @webassemblyjs/wast-printer@1.11.6 OK for: @webassemblyjs/wasm-edit@1.11.6 want: 1.11.6
4100 timing idealTree:node_modules/@webassemblyjs/wasm-edit Completed in 10ms
4101 timing idealTree:node_modules/@webassemblyjs/helper-buffer Completed in 0ms
4102 timing idealTree:node_modules/@webassemblyjs/helper-wasm-section Completed in 0ms
4103 silly placeDep ROOT @webassemblyjs/ieee754@1.11.6 OK for: @webassemblyjs/wasm-gen@1.11.6 want: 1.11.6
4104 silly fetch manifest @xtuc/ieee754@^1.2.0
4105 silly placeDep ROOT @webassemblyjs/leb128@1.11.6 OK for: @webassemblyjs/wasm-gen@1.11.6 want: 1.11.6
4106 silly placeDep ROOT @webassemblyjs/utf8@1.11.6 OK for: @webassemblyjs/wasm-gen@1.11.6 want: 1.11.6
4107 http fetch GET 200 https://registry.npmjs.org/@xtuc%2fieee754 96ms (cache miss)
4108 timing idealTree:node_modules/@webassemblyjs/wasm-gen Completed in 100ms
4109 silly placeDep ROOT @xtuc/ieee754@1.2.0 OK for: @webassemblyjs/ieee754@1.11.6 want: ^1.2.0
4110 timing idealTree:node_modules/@webassemblyjs/ieee754 Completed in 3ms
4111 timing idealTree:node_modules/@webassemblyjs/leb128 Completed in 0ms
4112 timing idealTree:node_modules/@webassemblyjs/utf8 Completed in 0ms
4113 timing idealTree:node_modules/@webassemblyjs/wasm-opt Completed in 0ms
4114 timing idealTree:node_modules/@webassemblyjs/wasm-parser Completed in 0ms
4115 timing idealTree:node_modules/@webassemblyjs/wast-printer Completed in 0ms
4116 timing idealTree:node_modules/@xtuc/ieee754 Completed in 0ms
4117 timing idealTree:node_modules/@xtuc/long Completed in 0ms
4118 timing idealTree:node_modules/acorn-import-assertions Completed in 0ms
4119 timing idealTree:node_modules/chrome-trace-event Completed in 0ms
4120 timing idealTree:node_modules/enhanced-resolve Completed in 0ms
4121 timing idealTree:node_modules/es-module-lexer Completed in 0ms
4122 timing idealTree:node_modules/events Completed in 0ms
4123 timing idealTree:node_modules/glob-to-regexp Completed in 0ms
4124 timing idealTree:node_modules/loader-runner Completed in 0ms
4125 timing idealTree:node_modules/watchpack Completed in 0ms
4126 silly fetch manifest webpack@^4.37.0 || ^5.0.0
4127 silly fetch manifest utf-8-validate@>=5.0.2
4128 silly placeDep ROOT @types/bonjour@3.5.13 OK for: webpack-dev-server@4.15.1 want: ^3.5.9
4129 silly placeDep ROOT @types/connect-history-api-fallback@1.5.4 OK for: webpack-dev-server@4.15.1 want: ^1.3.5
4130 silly fetch manifest @types/express-serve-static-core@*
4131 silly placeDep ROOT @types/express@4.17.21 OK for: webpack-dev-server@4.15.1 want: ^4.17.13
4132 silly fetch manifest @types/body-parser@*
4133 silly fetch manifest @types/express-serve-static-core@^4.17.33
4134 silly fetch manifest @types/qs@*
4135 silly fetch manifest @types/serve-static@*
4136 silly placeDep ROOT @types/serve-index@1.9.4 OK for: webpack-dev-server@4.15.1 want: ^1.9.1
4137 silly placeDep ROOT @types/serve-static@1.15.5 OK for: webpack-dev-server@4.15.1 want: ^1.13.10
4138 silly fetch manifest @types/http-errors@*
4139 silly fetch manifest @types/mime@*
4140 silly placeDep ROOT @types/sockjs@0.3.36 OK for: webpack-dev-server@4.15.1 want: ^0.3.33
4141 silly placeDep ROOT @types/ws@8.5.10 OK for: webpack-dev-server@4.15.1 want: ^8.5.5
4142 silly placeDep ROOT bonjour-service@1.1.1 OK for: webpack-dev-server@4.15.1 want: ^1.0.11
4143 silly fetch manifest array-flatten@^2.1.2
4144 silly fetch manifest dns-equal@^1.0.0
4145 silly fetch manifest multicast-dns@^7.2.5
4146 silly placeDep ROOT colorette@2.0.20 OK for: webpack-dev-server@4.15.1 want: ^2.0.10
4147 silly placeDep ROOT compression@1.7.4 OK for: webpack-dev-server@4.15.1 want: ^1.7.4
4148 silly fetch manifest accepts@~1.3.5
4149 silly fetch manifest bytes@3.0.0
4150 silly fetch manifest compressible@~2.0.16
4151 silly fetch manifest debug@2.6.9
4152 silly fetch manifest on-headers@~1.0.2
4153 silly fetch manifest safe-buffer@5.1.2
4154 silly fetch manifest vary@~1.1.2
4155 silly placeDep ROOT connect-history-api-fallback@2.0.0 OK for: webpack-dev-server@4.15.1 want: ^2.0.0
4156 silly placeDep ROOT default-gateway@6.0.3 OK for: webpack-dev-server@4.15.1 want: ^6.0.3
4157 silly placeDep ROOT express@4.18.2 OK for: webpack-dev-server@4.15.1 want: ^4.17.3
4158 silly fetch manifest accepts@~1.3.8
4159 silly fetch manifest array-flatten@1.1.1
4160 silly fetch manifest body-parser@1.20.1
4161 silly fetch manifest content-disposition@0.5.4
4162 silly fetch manifest content-type@~1.0.4
4163 silly fetch manifest cookie@0.5.0
4164 silly fetch manifest cookie-signature@1.0.6
4165 silly fetch manifest depd@2.0.0
4166 silly fetch manifest encodeurl@~1.0.2
4167 silly fetch manifest escape-html@~1.0.3
4168 silly fetch manifest etag@~1.8.1
4169 silly fetch manifest finalhandler@1.2.0
4170 silly fetch manifest fresh@0.5.2
4171 silly fetch manifest http-errors@2.0.0
4172 silly fetch manifest merge-descriptors@1.0.1
4173 silly fetch manifest methods@~1.1.2
4174 silly fetch manifest on-finished@2.4.1
4175 silly fetch manifest parseurl@~1.3.3
4176 silly fetch manifest path-to-regexp@0.1.7
4177 silly fetch manifest proxy-addr@~2.0.7
4178 silly fetch manifest qs@6.11.0
4179 silly fetch manifest range-parser@~1.2.1
4180 silly fetch manifest send@0.18.0
4181 silly fetch manifest serve-static@1.15.0
4182 silly fetch manifest setprototypeof@1.2.0
4183 silly fetch manifest statuses@2.0.1
4184 silly fetch manifest type-is@~1.6.18
4185 silly fetch manifest utils-merge@1.0.1
4186 silly placeDep ROOT http-proxy-middleware@2.0.6 OK for: webpack-dev-server@4.15.1 want: ^2.0.3
4187 silly fetch manifest @types/http-proxy@^1.17.8
4188 silly fetch manifest http-proxy@^1.18.1
4189 silly fetch manifest is-plain-obj@^3.0.0
4190 silly placeDep ROOT ipaddr.js@2.1.0 OK for: webpack-dev-server@4.15.1 want: ^2.0.1
4191 silly placeDep ROOT launch-editor@2.6.1 OK for: webpack-dev-server@4.15.1 want: ^2.6.0
4192 silly placeDep ROOT p-retry@4.6.2 OK for: webpack-dev-server@4.15.1 want: ^4.5.0
4193 silly fetch manifest @types/retry@0.12.0
4194 silly fetch manifest retry@^0.13.1
4195 silly placeDep node_modules/webpack-dev-server schema-utils@4.2.0 OK for: webpack-dev-server@4.15.1 want: ^4.0.0
4196 silly placeDep ROOT selfsigned@2.4.1 OK for: webpack-dev-server@4.15.1 want: ^2.1.1
4197 silly fetch manifest @types/node-forge@^1.3.0
4198 silly fetch manifest node-forge@^1
4199 silly placeDep ROOT serve-index@1.9.1 OK for: webpack-dev-server@4.15.1 want: ^1.9.1
4200 silly fetch manifest accepts@~1.3.4
4201 silly fetch manifest batch@0.6.1
4202 silly fetch manifest http-errors@~1.6.2
4203 silly fetch manifest parseurl@~1.3.2
4204 silly placeDep ROOT sockjs@0.3.24 OK for: webpack-dev-server@4.15.1 want: ^0.3.24
4205 silly fetch manifest faye-websocket@^0.11.3
4206 silly fetch manifest uuid@^8.3.2
4207 silly fetch manifest websocket-driver@^0.7.4
4208 silly placeDep ROOT spdy@4.0.2 OK for: webpack-dev-server@4.15.1 want: ^4.0.2
4209 silly fetch manifest handle-thing@^2.0.0
4210 silly fetch manifest http-deceiver@^1.2.7
4211 silly fetch manifest select-hose@^2.0.0
4212 silly fetch manifest spdy-transport@^3.0.0
4213 silly placeDep ROOT webpack-dev-middleware@5.3.3 OK for: webpack-dev-server@4.15.1 want: ^5.3.1
4214 silly fetch manifest range-parser@^1.2.1
4215 silly placeDep node_modules/webpack-dev-server ws@8.15.1 OK for: webpack-dev-server@4.15.1 want: ^8.13.0
4216 http fetch GET 200 https://registry.npmjs.org/@types%2fexpress-serve-static-core 195ms (cache miss)
4217 http fetch GET 200 https://registry.npmjs.org/bytes 179ms (cache miss)
4218 http fetch GET 200 https://registry.npmjs.org/on-headers 174ms (cache miss)
4219 http fetch GET 200 https://registry.npmjs.org/vary 174ms (cache miss)
4220 http fetch GET 200 https://registry.npmjs.org/dns-equal 188ms (cache miss)
4221 http fetch GET 200 https://registry.npmjs.org/accepts 171ms (cache miss)
4222 http fetch GET 200 https://registry.npmjs.org/@types%2fbody-parser 205ms (cache miss)
4223 http fetch GET 200 https://registry.npmjs.org/@types%2fexpress-serve-static-core 208ms (cache miss)
4224 http fetch GET 200 https://registry.npmjs.org/@types%2fqs 206ms (cache miss)
4225 http fetch GET 200 https://registry.npmjs.org/@types%2fhttp-errors 202ms (cache miss)
4226 http fetch GET 200 https://registry.npmjs.org/@types%2fmime 206ms (cache miss)
4227 http fetch GET 200 https://registry.npmjs.org/compressible 190ms (cache miss)
4228 http fetch GET 200 https://registry.npmjs.org/accepts 201ms (cache miss)
4229 http fetch GET 200 https://registry.npmjs.org/multicast-dns 206ms (cache miss)
4230 http fetch GET 200 https://registry.npmjs.org/array-flatten 212ms (cache miss)
4231 http fetch GET 200 https://registry.npmjs.org/array-flatten 198ms (cache miss)
4232 http fetch GET 200 https://registry.npmjs.org/content-disposition 197ms (cache miss)
4233 http fetch GET 200 https://registry.npmjs.org/content-type 207ms (cache miss)
4234 http fetch GET 200 https://registry.npmjs.org/body-parser 213ms (cache miss)
4235 http fetch GET 200 https://registry.npmjs.org/depd 211ms (cache miss)
4236 http fetch GET 200 https://registry.npmjs.org/cookie 216ms (cache miss)
4237 http fetch GET 200 https://registry.npmjs.org/encodeurl 226ms (cache miss)
4238 http fetch GET 200 https://registry.npmjs.org/escape-html 227ms (cache miss)
4239 http fetch GET 200 https://registry.npmjs.org/cookie-signature 232ms (cache miss)
4240 http fetch GET 200 https://registry.npmjs.org/etag 231ms (cache miss)
4241 http fetch GET 200 https://registry.npmjs.org/methods 229ms (cache miss)
4242 http fetch GET 200 https://registry.npmjs.org/fresh 231ms (cache miss)
4243 http fetch GET 200 https://registry.npmjs.org/finalhandler 234ms (cache miss)
4244 http fetch GET 200 https://registry.npmjs.org/parseurl 233ms (cache miss)
4245 http fetch GET 200 https://registry.npmjs.org/proxy-addr 237ms (cache miss)
4246 http fetch GET 200 https://registry.npmjs.org/on-finished 240ms (cache miss)
4247 http fetch GET 200 https://registry.npmjs.org/path-to-regexp 241ms (cache miss)
4248 http fetch GET 200 https://registry.npmjs.org/range-parser 261ms (cache miss)
4249 http fetch GET 200 https://registry.npmjs.org/merge-descriptors 266ms (cache miss)
4250 http fetch GET 200 https://registry.npmjs.org/http-errors 267ms (cache miss)
4251 http fetch GET 200 https://registry.npmjs.org/send 262ms (cache miss)
4252 http fetch GET 200 https://registry.npmjs.org/qs 265ms (cache miss)
4253 http fetch GET 200 https://registry.npmjs.org/serve-static 269ms (cache miss)
4254 http fetch GET 200 https://registry.npmjs.org/statuses 273ms (cache miss)
4255 http fetch GET 200 https://registry.npmjs.org/utils-merge 275ms (cache miss)
4256 http fetch GET 200 https://registry.npmjs.org/setprototypeof 279ms (cache miss)
4257 http fetch GET 200 https://registry.npmjs.org/retry 267ms (cache miss)
4258 http fetch GET 200 https://registry.npmjs.org/@types%2fretry 270ms (cache miss)
4259 http fetch GET 200 https://registry.npmjs.org/type-is 283ms (cache miss)
4260 http fetch GET 200 https://registry.npmjs.org/http-proxy 279ms (cache miss)
4261 http fetch GET 200 https://registry.npmjs.org/accepts 259ms (cache miss)
4262 http fetch GET 200 https://registry.npmjs.org/@types%2fhttp-proxy 295ms (cache miss)
4263 http fetch GET 200 https://registry.npmjs.org/http-errors 274ms (cache miss)
4264 http fetch GET 200 https://registry.npmjs.org/parseurl 275ms (cache miss)
4265 http fetch GET 200 https://registry.npmjs.org/batch 283ms (cache miss)
4266 http fetch GET 200 https://registry.npmjs.org/@types%2fnode-forge 293ms (cache miss)
4267 http fetch GET 200 https://registry.npmjs.org/uuid 289ms (cache miss)
4268 http fetch GET 200 https://registry.npmjs.org/faye-websocket 294ms (cache miss)
4269 http fetch GET 200 https://registry.npmjs.org/is-plain-obj 324ms (cache miss)
4270 http fetch GET 200 https://registry.npmjs.org/select-hose 296ms (cache miss)
4271 http fetch GET 200 https://registry.npmjs.org/websocket-driver 302ms (cache miss)
4272 http fetch GET 200 https://registry.npmjs.org/handle-thing 300ms (cache miss)
4273 http fetch GET 200 https://registry.npmjs.org/http-deceiver 301ms (cache miss)
4274 http fetch GET 200 https://registry.npmjs.org/range-parser 296ms (cache miss)
4275 http fetch GET 200 https://registry.npmjs.org/spdy-transport 303ms (cache miss)
4276 http fetch GET 200 https://registry.npmjs.org/node-forge 333ms (cache miss)
4277 timing idealTree:node_modules/webpack-dev-server Completed in 420ms
4278 timing idealTree:node_modules/@types/bonjour Completed in 0ms
4279 silly placeDep ROOT @types/express-serve-static-core@4.17.41 OK for: @types/connect-history-api-fallback@1.5.4 want: *
4280 silly fetch manifest @types/range-parser@*
4281 silly fetch manifest @types/send@*
4282 http fetch GET 200 https://registry.npmjs.org/@types%2fsend 61ms (cache miss)
4283 http fetch GET 200 https://registry.npmjs.org/@types%2frange-parser 72ms (cache miss)
4284 timing idealTree:node_modules/@types/connect-history-api-fallback Completed in 76ms
4285 silly placeDep ROOT @types/body-parser@1.19.5 OK for: @types/express@4.17.21 want: *
4286 silly fetch manifest @types/connect@*
4287 silly placeDep ROOT @types/qs@6.9.10 OK for: @types/express@4.17.21 want: *
4288 http fetch GET 200 https://registry.npmjs.org/@types%2fconnect 74ms (cache miss)
4289 timing idealTree:node_modules/@types/express Completed in 77ms
4290 silly placeDep ROOT @types/connect@3.4.38 OK for: @types/body-parser@1.19.5 want: *
4291 timing idealTree:node_modules/@types/body-parser Completed in 2ms
4292 timing idealTree:node_modules/@types/connect Completed in 0ms
4293 silly placeDep ROOT @types/range-parser@1.2.7 OK for: @types/express-serve-static-core@4.17.41 want: *
4294 silly placeDep ROOT @types/send@0.17.4 OK for: @types/express-serve-static-core@4.17.41 want: *
4295 silly fetch manifest @types/mime@^1
4296 timing idealTree:node_modules/@types/express-serve-static-core Completed in 4ms
4297 timing idealTree:node_modules/@types/qs Completed in 0ms
4298 timing idealTree:node_modules/@types/range-parser Completed in 0ms
4299 silly placeDep ROOT @types/mime@1.3.5 OK for: @types/send@0.17.4 want: ^1
4300 timing idealTree:node_modules/@types/send Completed in 2ms
4301 timing idealTree:node_modules/@types/mime Completed in 0ms
4302 timing idealTree:node_modules/@types/serve-index Completed in 0ms
4303 silly placeDep ROOT @types/http-errors@2.0.4 OK for: @types/serve-static@1.15.5 want: *
4304 timing idealTree:node_modules/@types/serve-static Completed in 2ms
4305 timing idealTree:node_modules/@types/http-errors Completed in 0ms
4306 timing idealTree:node_modules/@types/sockjs Completed in 0ms
4307 timing idealTree:node_modules/@types/ws Completed in 0ms
4308 silly placeDep ROOT array-flatten@2.1.2 OK for: bonjour-service@1.1.1 want: ^2.1.2
4309 silly placeDep ROOT dns-equal@1.0.0 OK for: bonjour-service@1.1.1 want: ^1.0.0
4310 silly placeDep ROOT multicast-dns@7.2.5 OK for: bonjour-service@1.1.1 want: ^7.2.5
4311 silly fetch manifest dns-packet@^5.2.2
4312 silly fetch manifest thunky@^1.0.2
4313 http fetch GET 200 https://registry.npmjs.org/dns-packet 64ms (cache miss)
4314 http fetch GET 200 https://registry.npmjs.org/thunky 80ms (cache miss)
4315 timing idealTree:node_modules/bonjour-service Completed in 87ms
4316 timing idealTree:node_modules/array-flatten Completed in 0ms
4317 timing idealTree:node_modules/colorette Completed in 0ms
4318 silly placeDep ROOT accepts@1.3.8 OK for: compression@1.7.4 want: ~1.3.5
4319 silly fetch manifest negotiator@0.6.3
4320 silly placeDep ROOT bytes@3.0.0 OK for: compression@1.7.4 want: 3.0.0
4321 silly placeDep ROOT compressible@2.0.18 OK for: compression@1.7.4 want: ~2.0.16
4322 silly placeDep node_modules/compression debug@2.6.9 OK for: compression@1.7.4 want: 2.6.9
4323 silly placeDep ROOT on-headers@1.0.2 OK for: compression@1.7.4 want: ~1.0.2
4324 silly placeDep node_modules/compression safe-buffer@5.1.2 OK for: compression@1.7.4 want: 5.1.2
4325 silly placeDep ROOT vary@1.1.2 OK for: compression@1.7.4 want: ~1.1.2
4326 http fetch GET 200 https://registry.npmjs.org/negotiator 87ms (cache miss)
4327 timing idealTree:node_modules/compression Completed in 93ms
4328 silly placeDep ROOT negotiator@0.6.3 OK for: accepts@1.3.8 want: 0.6.3
4329 timing idealTree:node_modules/accepts Completed in 2ms
4330 timing idealTree:node_modules/bytes Completed in 0ms
4331 timing idealTree:node_modules/compressible Completed in 0ms
4332 timing idealTree:node_modules/connect-history-api-fallback Completed in 0ms
4333 timing idealTree:node_modules/default-gateway Completed in 0ms
4334 timing idealTree:node_modules/dns-equal Completed in 0ms
4335 silly placeDep node_modules/express array-flatten@1.1.1 OK for: express@4.18.2 want: 1.1.1
4336 silly placeDep ROOT body-parser@1.20.1 OK for: express@4.18.2 want: 1.20.1
4337 silly fetch manifest bytes@3.1.2
4338 silly fetch manifest destroy@1.2.0
4339 silly fetch manifest raw-body@2.5.1
4340 silly fetch manifest unpipe@1.0.0
4341 silly placeDep ROOT content-disposition@0.5.4 OK for: express@4.18.2 want: 0.5.4
4342 silly placeDep ROOT content-type@1.0.5 OK for: express@4.18.2 want: ~1.0.4
4343 silly placeDep ROOT cookie@0.5.0 OK for: express@4.18.2 want: 0.5.0
4344 silly placeDep ROOT cookie-signature@1.0.6 OK for: express@4.18.2 want: 1.0.6
4345 silly placeDep node_modules/express debug@2.6.9 OK for: express@4.18.2 want: 2.6.9
4346 silly placeDep ROOT depd@2.0.0 OK for: express@4.18.2 want: 2.0.0
4347 silly placeDep ROOT encodeurl@1.0.2 OK for: express@4.18.2 want: ~1.0.2
4348 silly placeDep ROOT escape-html@1.0.3 OK for: express@4.18.2 want: ~1.0.3
4349 silly placeDep ROOT etag@1.8.1 OK for: express@4.18.2 want: ~1.8.1
4350 silly placeDep ROOT finalhandler@1.2.0 OK for: express@4.18.2 want: 1.2.0
4351 silly fetch manifest unpipe@~1.0.0
4352 silly placeDep ROOT fresh@0.5.2 OK for: express@4.18.2 want: 0.5.2
4353 silly placeDep ROOT http-errors@2.0.0 OK for: express@4.18.2 want: 2.0.0
4354 silly fetch manifest toidentifier@1.0.1
4355 silly placeDep ROOT merge-descriptors@1.0.1 OK for: express@4.18.2 want: 1.0.1
4356 silly placeDep ROOT methods@1.1.2 OK for: express@4.18.2 want: ~1.1.2
4357 silly placeDep ROOT on-finished@2.4.1 OK for: express@4.18.2 want: 2.4.1
4358 silly fetch manifest ee-first@1.1.1
4359 silly placeDep ROOT parseurl@1.3.3 OK for: express@4.18.2 want: ~1.3.3
4360 silly placeDep ROOT path-to-regexp@0.1.7 OK for: express@4.18.2 want: 0.1.7
4361 silly placeDep ROOT proxy-addr@2.0.7 OK for: express@4.18.2 want: ~2.0.7
4362 silly fetch manifest forwarded@0.2.0
4363 silly fetch manifest ipaddr.js@1.9.1
4364 silly placeDep ROOT qs@6.11.0 OK for: express@4.18.2 want: 6.11.0
4365 silly placeDep ROOT range-parser@1.2.1 OK for: express@4.18.2 want: ~1.2.1
4366 silly placeDep ROOT send@0.18.0 OK for: express@4.18.2 want: 0.18.0
4367 silly fetch manifest mime@1.6.0
4368 silly fetch manifest ms@2.1.3
4369 silly placeDep ROOT serve-static@1.15.0 OK for: express@4.18.2 want: 1.15.0
4370 silly placeDep ROOT setprototypeof@1.2.0 OK for: express@4.18.2 want: 1.2.0
4371 silly placeDep ROOT statuses@2.0.1 OK for: express@4.18.2 want: 2.0.1
4372 silly placeDep ROOT type-is@1.6.18 OK for: express@4.18.2 want: ~1.6.18
4373 silly fetch manifest media-typer@0.3.0
4374 silly placeDep ROOT utils-merge@1.0.1 OK for: express@4.18.2 want: 1.0.1
4375 http fetch GET 200 https://registry.npmjs.org/ee-first 106ms (cache miss)
4376 http fetch GET 200 https://registry.npmjs.org/forwarded 99ms (cache miss)
4377 http fetch GET 200 https://registry.npmjs.org/toidentifier 114ms (cache miss)
4378 http fetch GET 200 https://registry.npmjs.org/unpipe 120ms (cache miss)
4379 http fetch GET 200 https://registry.npmjs.org/unpipe 142ms (cache miss)
4380 http fetch GET 200 https://registry.npmjs.org/destroy 146ms (cache miss)
4381 http fetch GET 200 https://registry.npmjs.org/media-typer 92ms (cache miss)
4382 http fetch GET 200 https://registry.npmjs.org/mime 106ms (cache miss)
4383 http fetch GET 200 https://registry.npmjs.org/raw-body 199ms (cache miss)
4384 timing idealTree:node_modules/express Completed in 211ms
4385 silly placeDep node_modules/body-parser bytes@3.1.2 OK for: body-parser@1.20.1 want: 3.1.2
4386 silly placeDep node_modules/body-parser debug@2.6.9 OK for: body-parser@1.20.1 want: 2.6.9
4387 silly placeDep ROOT destroy@1.2.0 OK for: body-parser@1.20.1 want: 1.2.0
4388 silly placeDep node_modules/body-parser iconv-lite@0.4.24 OK for: body-parser@1.20.1 want: 0.4.24
4389 silly placeDep ROOT raw-body@2.5.1 OK for: body-parser@1.20.1 want: 2.5.1
4390 silly placeDep ROOT unpipe@1.0.0 OK for: body-parser@1.20.1 want: 1.0.0
4391 timing idealTree:node_modules/body-parser Completed in 9ms
4392 timing idealTree:node_modules/content-disposition Completed in 0ms
4393 timing idealTree:node_modules/content-type Completed in 0ms
4394 timing idealTree:node_modules/cookie Completed in 0ms
4395 timing idealTree:node_modules/cookie-signature Completed in 0ms
4396 timing idealTree:node_modules/depd Completed in 0ms
4397 timing idealTree:node_modules/destroy Completed in 0ms
4398 timing idealTree:node_modules/encodeurl Completed in 0ms
4399 timing idealTree:node_modules/escape-html Completed in 0ms
4400 timing idealTree:node_modules/etag Completed in 0ms
4401 silly placeDep node_modules/finalhandler debug@2.6.9 OK for: finalhandler@1.2.0 want: 2.6.9
4402 timing idealTree:node_modules/finalhandler Completed in 1ms
4403 timing idealTree:node_modules/fresh Completed in 0ms
4404 silly placeDep ROOT toidentifier@1.0.1 OK for: http-errors@2.0.0 want: 1.0.1
4405 timing idealTree:node_modules/http-errors Completed in 2ms
4406 silly placeDep ROOT @types/http-proxy@1.17.14 OK for: http-proxy-middleware@2.0.6 want: ^1.17.8
4407 silly placeDep ROOT http-proxy@1.18.1 OK for: http-proxy-middleware@2.0.6 want: ^1.18.1
4408 silly fetch manifest eventemitter3@^4.0.0
4409 silly fetch manifest follow-redirects@^1.0.0
4410 silly placeDep ROOT is-plain-obj@3.0.0 OK for: http-proxy-middleware@2.0.6 want: ^3.0.0
4411 http fetch GET 200 https://registry.npmjs.org/eventemitter3 69ms (cache miss)
4412 http fetch GET 200 https://registry.npmjs.org/follow-redirects 128ms (cache miss)
4413 timing idealTree:node_modules/http-proxy-middleware Completed in 135ms
4414 timing idealTree:node_modules/@types/http-proxy Completed in 0ms
4415 silly placeDep ROOT eventemitter3@4.0.7 OK for: http-proxy@1.18.1 want: ^4.0.0
4416 silly placeDep ROOT follow-redirects@1.15.3 OK for: http-proxy@1.18.1 want: ^1.0.0
4417 timing idealTree:node_modules/http-proxy Completed in 4ms
4418 timing idealTree:node_modules/eventemitter3 Completed in 0ms
4419 timing idealTree:node_modules/follow-redirects Completed in 0ms
4420 timing idealTree:node_modules/ipaddr.js Completed in 0ms
4421 timing idealTree:node_modules/is-plain-obj Completed in 0ms
4422 timing idealTree:node_modules/launch-editor Completed in 0ms
4423 timing idealTree:node_modules/merge-descriptors Completed in 0ms
4424 timing idealTree:node_modules/methods Completed in 0ms
4425 silly placeDep ROOT dns-packet@5.6.1 OK for: multicast-dns@7.2.5 want: ^5.2.2
4426 silly fetch manifest @leichtgewicht/ip-codec@^2.0.1
4427 silly placeDep ROOT thunky@1.1.0 OK for: multicast-dns@7.2.5 want: ^1.0.2
4428 http fetch GET 200 https://registry.npmjs.org/@leichtgewicht%2fip-codec 92ms (cache miss)
4429 timing idealTree:node_modules/multicast-dns Completed in 96ms
4430 silly placeDep ROOT @leichtgewicht/ip-codec@2.0.4 OK for: dns-packet@5.6.1 want: ^2.0.1
4431 timing idealTree:node_modules/dns-packet Completed in 2ms
4432 timing idealTree:node_modules/@leichtgewicht/ip-codec Completed in 0ms
4433 timing idealTree:node_modules/negotiator Completed in 0ms
4434 silly placeDep ROOT ee-first@1.1.1 OK for: on-finished@2.4.1 want: 1.1.1
4435 timing idealTree:node_modules/on-finished Completed in 2ms
4436 timing idealTree:node_modules/ee-first Completed in 0ms
4437 timing idealTree:node_modules/on-headers Completed in 0ms
4438 silly placeDep ROOT @types/retry@0.12.0 OK for: p-retry@4.6.2 want: 0.12.0
4439 silly placeDep ROOT retry@0.13.1 OK for: p-retry@4.6.2 want: ^0.13.1
4440 timing idealTree:node_modules/p-retry Completed in 3ms
4441 timing idealTree:node_modules/@types/retry Completed in 0ms
4442 timing idealTree:node_modules/parseurl Completed in 0ms
4443 timing idealTree:node_modules/path-to-regexp Completed in 1ms
4444 silly placeDep ROOT forwarded@0.2.0 OK for: proxy-addr@2.0.7 want: 0.2.0
4445 silly placeDep node_modules/proxy-addr ipaddr.js@1.9.1 OK for: proxy-addr@2.0.7 want: 1.9.1
4446 timing idealTree:node_modules/proxy-addr Completed in 2ms
4447 timing idealTree:node_modules/forwarded Completed in 0ms
4448 timing idealTree:node_modules/qs Completed in 0ms
4449 timing idealTree:node_modules/range-parser Completed in 0ms
4450 silly placeDep node_modules/raw-body bytes@3.1.2 OK for: raw-body@2.5.1 want: 3.1.2
4451 silly placeDep node_modules/raw-body iconv-lite@0.4.24 OK for: raw-body@2.5.1 want: 0.4.24
4452 timing idealTree:node_modules/raw-body Completed in 2ms
4453 timing idealTree:node_modules/retry Completed in 0ms
4454 silly placeDep ROOT @types/node-forge@1.3.10 OK for: selfsigned@2.4.1 want: ^1.3.0
4455 silly placeDep ROOT node-forge@1.3.1 OK for: selfsigned@2.4.1 want: ^1
4456 timing idealTree:node_modules/selfsigned Completed in 3ms
4457 timing idealTree:node_modules/@types/node-forge Completed in 0ms
4458 timing idealTree:node_modules/node-forge Completed in 0ms
4459 silly placeDep node_modules/send debug@2.6.9 OK for: send@0.18.0 want: 2.6.9
4460 silly placeDep ROOT mime@1.6.0 OK for: send@0.18.0 want: 1.6.0
4461 silly placeDep node_modules/send ms@2.1.3 OK for: send@0.18.0 want: 2.1.3
4462 timing idealTree:node_modules/send Completed in 5ms
4463 timing idealTree:node_modules/mime Completed in 0ms
4464 silly placeDep ROOT batch@0.6.1 OK for: serve-index@1.9.1 want: 0.6.1
4465 silly placeDep node_modules/serve-index debug@2.6.9 OK for: serve-index@1.9.1 want: 2.6.9
4466 silly placeDep node_modules/serve-index http-errors@1.6.3 OK for: serve-index@1.9.1 want: ~1.6.2
4467 silly fetch manifest depd@~1.1.2
4468 silly fetch manifest inherits@2.0.3
4469 silly fetch manifest setprototypeof@1.1.0
4470 silly fetch manifest statuses@>= 1.4.0 < 2
4471 timing idealTree:node_modules/serve-index Completed in 6ms
4472 timing idealTree:node_modules/batch Completed in 0ms
4473 timing idealTree:node_modules/serve-static Completed in 0ms
4474 timing idealTree:node_modules/setprototypeof Completed in 0ms
4475 silly placeDep ROOT faye-websocket@0.11.4 OK for: sockjs@0.3.24 want: ^0.11.3
4476 silly fetch manifest websocket-driver@>=0.5.1
4477 silly placeDep ROOT uuid@8.3.2 OK for: sockjs@0.3.24 want: ^8.3.2
4478 silly placeDep ROOT websocket-driver@0.7.4 OK for: sockjs@0.3.24 want: ^0.7.4
4479 silly fetch manifest http-parser-js@>=0.5.1
4480 silly fetch manifest websocket-extensions@>=0.1.1
4481 http fetch GET 200 https://registry.npmjs.org/http-parser-js 57ms (cache miss)
4482 http fetch GET 200 https://registry.npmjs.org/websocket-extensions 79ms (cache miss)
4483 timing idealTree:node_modules/sockjs Completed in 86ms
4484 timing idealTree:node_modules/faye-websocket Completed in 0ms
4485 silly placeDep ROOT handle-thing@2.0.1 OK for: spdy@4.0.2 want: ^2.0.0
4486 silly placeDep ROOT http-deceiver@1.2.7 OK for: spdy@4.0.2 want: ^1.2.7
4487 silly placeDep ROOT select-hose@2.0.0 OK for: spdy@4.0.2 want: ^2.0.0
4488 silly placeDep ROOT spdy-transport@3.0.0 OK for: spdy@4.0.2 want: ^3.0.0
4489 silly fetch manifest detect-node@^2.0.4
4490 silly fetch manifest hpack.js@^2.1.6
4491 silly fetch manifest obuf@^1.1.2
4492 silly fetch manifest readable-stream@^3.0.6
4493 silly fetch manifest wbuf@^1.7.3
4494 http fetch GET 200 https://registry.npmjs.org/readable-stream 15ms (cache hit)
4495 http fetch GET 200 https://registry.npmjs.org/hpack.js 61ms (cache miss)
4496 http fetch GET 200 https://registry.npmjs.org/obuf 61ms (cache miss)
4497 http fetch GET 200 https://registry.npmjs.org/wbuf 76ms (cache miss)
4498 http fetch GET 200 https://registry.npmjs.org/detect-node 85ms (cache miss)
4499 timing idealTree:node_modules/spdy Completed in 94ms
4500 timing idealTree:node_modules/handle-thing Completed in 0ms
4501 timing idealTree:node_modules/http-deceiver Completed in 0ms
4502 timing idealTree:node_modules/select-hose Completed in 0ms
4503 silly placeDep ROOT detect-node@2.1.0 OK for: spdy-transport@3.0.0 want: ^2.0.4
4504 silly placeDep ROOT hpack.js@2.1.6 OK for: spdy-transport@3.0.0 want: ^2.1.6
4505 silly fetch manifest obuf@^1.0.0
4506 silly fetch manifest readable-stream@^2.0.1
4507 silly fetch manifest wbuf@^1.1.0
4508 silly placeDep ROOT obuf@1.1.2 OK for: spdy-transport@3.0.0 want: ^1.1.2
4509 silly placeDep ROOT readable-stream@3.6.2 OK for: spdy-transport@3.0.0 want: ^3.0.6
4510 silly fetch manifest string_decoder@^1.1.1
4511 silly placeDep ROOT wbuf@1.7.3 OK for: spdy-transport@3.0.0 want: ^1.7.3
4512 silly fetch manifest minimalistic-assert@^1.0.0
4513 http fetch GET 200 https://registry.npmjs.org/string_decoder 11ms (cache hit)
4514 http fetch GET 200 https://registry.npmjs.org/minimalistic-assert 80ms (cache miss)
4515 timing idealTree:node_modules/spdy-transport Completed in 94ms
4516 timing idealTree:node_modules/detect-node Completed in 0ms
4517 silly placeDep node_modules/hpack.js readable-stream@2.3.8 OK for: hpack.js@2.1.6 want: ^2.0.1
4518 silly fetch manifest core-util-is@~1.0.0
4519 silly fetch manifest isarray@~1.0.0
4520 silly fetch manifest process-nextick-args@~2.0.0
4521 silly fetch manifest safe-buffer@~5.1.1
4522 silly fetch manifest string_decoder@~1.1.1
4523 http fetch GET 200 https://registry.npmjs.org/core-util-is 11ms (cache hit)
4524 http fetch GET 200 https://registry.npmjs.org/process-nextick-args 11ms (cache hit)
4525 timing idealTree:node_modules/hpack.js Completed in 15ms
4526 timing idealTree:node_modules/obuf Completed in 0ms
4527 silly placeDep ROOT string_decoder@1.3.0 OK for: readable-stream@3.6.2 want: ^1.1.1
4528 timing idealTree:node_modules/readable-stream Completed in 2ms
4529 timing idealTree:node_modules/statuses Completed in 0ms
4530 timing idealTree:node_modules/string_decoder Completed in 0ms
4531 timing idealTree:node_modules/thunky Completed in 0ms
4532 timing idealTree:node_modules/toidentifier Completed in 0ms
4533 silly placeDep ROOT media-typer@0.3.0 OK for: type-is@1.6.18 want: 0.3.0
4534 timing idealTree:node_modules/type-is Completed in 2ms
4535 timing idealTree:node_modules/media-typer Completed in 0ms
4536 timing idealTree:node_modules/unpipe Completed in 0ms
4537 timing idealTree:node_modules/utils-merge Completed in 0ms
4538 timing idealTree:node_modules/uuid Completed in 0ms
4539 timing idealTree:node_modules/vary Completed in 0ms
4540 silly placeDep ROOT minimalistic-assert@1.0.1 OK for: wbuf@1.7.3 want: ^1.0.0
4541 timing idealTree:node_modules/wbuf Completed in 2ms
4542 timing idealTree:node_modules/minimalistic-assert Completed in 0ms
4543 silly placeDep node_modules/webpack-dev-middleware schema-utils@4.2.0 OK for: webpack-dev-middleware@5.3.3 want: ^4.0.0
4544 timing idealTree:node_modules/webpack-dev-middleware Completed in 2ms
4545 silly placeDep node_modules/webpack-manifest-plugin webpack-sources@2.3.1 OK for: webpack-manifest-plugin@4.1.1 want: ^2.2.0
4546 silly fetch manifest source-list-map@^2.0.1
4547 http fetch GET 200 https://registry.npmjs.org/source-list-map 103ms (cache miss)
4548 timing idealTree:node_modules/webpack-manifest-plugin Completed in 106ms
4549 timing idealTree:node_modules/webpack-sources Completed in 0ms
4550 silly placeDep ROOT http-parser-js@0.5.8 OK for: websocket-driver@0.7.4 want: >=0.5.1
4551 silly placeDep ROOT websocket-extensions@0.1.4 OK for: websocket-driver@0.7.4 want: >=0.1.1
4552 timing idealTree:node_modules/websocket-driver Completed in 4ms
4553 timing idealTree:node_modules/http-parser-js Completed in 0ms
4554 timing idealTree:node_modules/websocket-extensions Completed in 0ms
4555 silly placeDep node_modules/whatwg-encoding iconv-lite@0.4.24 OK for: whatwg-encoding@1.0.5 want: 0.4.24
4556 timing idealTree:node_modules/whatwg-encoding Completed in 1ms
4557 timing idealTree:node_modules/whatwg-fetch Completed in 0ms
4558 timing idealTree:node_modules/whatwg-mimetype Completed in 0ms
4559 silly placeDep ROOT tr46@2.1.0 OK for: whatwg-url@8.7.0 want: ^2.1.0
4560 timing idealTree:node_modules/whatwg-url Completed in 2ms
4561 timing idealTree:node_modules/tr46 Completed in 0ms
4562 silly placeDep ROOT isexe@2.0.0 OK for: which@2.0.2 want: ^2.0.0
4563 timing idealTree:node_modules/which Completed in 2ms
4564 timing idealTree:node_modules/isexe Completed in 0ms
4565 silly placeDep ROOT is-bigint@1.0.4 OK for: which-boxed-primitive@1.0.2 want: ^1.0.1
4566 silly placeDep ROOT is-boolean-object@1.1.2 OK for: which-boxed-primitive@1.0.2 want: ^1.1.0
4567 silly placeDep ROOT is-number-object@1.0.7 OK for: which-boxed-primitive@1.0.2 want: ^1.0.4
4568 timing idealTree:node_modules/which-boxed-primitive Completed in 7ms
4569 timing idealTree:node_modules/is-bigint Completed in 0ms
4570 timing idealTree:node_modules/is-boolean-object Completed in 0ms
4571 timing idealTree:node_modules/is-number-object Completed in 0ms
4572 silly placeDep ROOT is-async-function@2.0.0 OK for: which-builtin-type@1.1.3 want: ^2.0.0
4573 silly placeDep ROOT is-finalizationregistry@1.0.2 OK for: which-builtin-type@1.1.3 want: ^1.0.2
4574 silly placeDep ROOT is-generator-function@1.0.10 OK for: which-builtin-type@1.1.3 want: ^1.0.10
4575 silly placeDep ROOT which-collection@1.0.1 OK for: which-builtin-type@1.1.3 want: ^1.0.1
4576 silly fetch manifest is-map@^2.0.1
4577 silly fetch manifest is-set@^2.0.1
4578 silly fetch manifest is-weakmap@^2.0.1
4579 silly fetch manifest is-weakset@^2.0.1
4580 http fetch GET 200 https://registry.npmjs.org/is-map 74ms (cache miss)
4581 http fetch GET 200 https://registry.npmjs.org/is-weakset 73ms (cache miss)
4582 http fetch GET 200 https://registry.npmjs.org/is-weakmap 83ms (cache miss)
4583 http fetch GET 200 https://registry.npmjs.org/is-set 303ms (cache miss)
4584 timing idealTree:node_modules/which-builtin-type Completed in 312ms
4585 timing idealTree:node_modules/is-async-function Completed in 0ms
4586 timing idealTree:node_modules/is-finalizationregistry Completed in 0ms
4587 timing idealTree:node_modules/is-generator-function Completed in 0ms
4588 silly placeDep ROOT is-map@2.0.2 OK for: which-collection@1.0.1 want: ^2.0.1
4589 silly placeDep ROOT is-set@2.0.2 OK for: which-collection@1.0.1 want: ^2.0.1
4590 silly placeDep ROOT is-weakmap@2.0.1 OK for: which-collection@1.0.1 want: ^2.0.1
4591 silly placeDep ROOT is-weakset@2.0.2 OK for: which-collection@1.0.1 want: ^2.0.1
4592 timing idealTree:node_modules/which-collection Completed in 7ms
4593 timing idealTree:node_modules/is-map Completed in 0ms
4594 timing idealTree:node_modules/is-set Completed in 0ms
4595 timing idealTree:node_modules/is-weakmap Completed in 0ms
4596 timing idealTree:node_modules/is-weakset Completed in 0ms
4597 timing idealTree:node_modules/which-typed-array Completed in 0ms
4598 silly placeDep ROOT pretty-bytes@5.6.0 OK for: workbox-webpack-plugin@6.6.0 want: ^5.4.1
4599 silly placeDep ROOT upath@1.2.0 OK for: workbox-webpack-plugin@6.6.0 want: ^1.2.0
4600 silly placeDep node_modules/workbox-webpack-plugin webpack-sources@1.4.3 OK for: workbox-webpack-plugin@6.6.0 want: ^1.4.3
4601 silly fetch manifest source-list-map@^2.0.0
4602 silly placeDep ROOT workbox-build@6.6.0 OK for: workbox-webpack-plugin@6.6.0 want: 6.6.0
4603 silly fetch manifest @apideck/better-ajv-errors@^0.3.1
4604 silly fetch manifest @rollup/plugin-babel@^5.2.0
4605 silly fetch manifest @rollup/plugin-node-resolve@^11.2.1
4606 silly fetch manifest @rollup/plugin-replace@^2.4.1
4607 silly fetch manifest @surma/rollup-plugin-off-main-thread@^2.2.3
4608 silly fetch manifest ajv@^8.6.0
4609 silly fetch manifest common-tags@^1.8.0
4610 silly fetch manifest fs-extra@^9.0.1
4611 silly fetch manifest rollup@^2.43.1
4612 silly fetch manifest rollup-plugin-terser@^7.0.0
4613 silly fetch manifest source-map@^0.8.0-beta.0
4614 silly fetch manifest stringify-object@^3.3.0
4615 silly fetch manifest strip-comments@^2.0.1
4616 silly fetch manifest tempy@^0.6.0
4617 silly fetch manifest workbox-background-sync@6.6.0
4618 silly fetch manifest workbox-broadcast-update@6.6.0
4619 silly fetch manifest workbox-cacheable-response@6.6.0
4620 silly fetch manifest workbox-core@6.6.0
4621 silly fetch manifest workbox-expiration@6.6.0
4622 silly fetch manifest workbox-google-analytics@6.6.0
4623 silly fetch manifest workbox-navigation-preload@6.6.0
4624 silly fetch manifest workbox-precaching@6.6.0
4625 silly fetch manifest workbox-range-requests@6.6.0
4626 silly fetch manifest workbox-recipes@6.6.0
4627 silly fetch manifest workbox-routing@6.6.0
4628 silly fetch manifest workbox-strategies@6.6.0
4629 silly fetch manifest workbox-streams@6.6.0
4630 silly fetch manifest workbox-sw@6.6.0
4631 silly fetch manifest workbox-window@6.6.0
4632 http fetch GET 200 https://registry.npmjs.org/common-tags 82ms (cache miss)
4633 http fetch GET 200 https://registry.npmjs.org/tempy 94ms (cache miss)
4634 http fetch GET 200 https://registry.npmjs.org/strip-comments 95ms (cache miss)
4635 http fetch GET 200 https://registry.npmjs.org/workbox-background-sync 103ms (cache miss)
4636 http fetch GET 200 https://registry.npmjs.org/workbox-broadcast-update 99ms (cache miss)
4637 http fetch GET 200 https://registry.npmjs.org/rollup-plugin-terser 125ms (cache miss)
4638 http fetch GET 200 https://registry.npmjs.org/stringify-object 127ms (cache miss)
4639 http fetch GET 200 https://registry.npmjs.org/@apideck%2fbetter-ajv-errors 136ms (cache miss)
4640 http fetch GET 200 https://registry.npmjs.org/@surma%2frollup-plugin-off-main-thread 137ms (cache miss)
4641 http fetch GET 200 https://registry.npmjs.org/@rollup%2fplugin-replace 138ms (cache miss)
4642 http fetch GET 200 https://registry.npmjs.org/@rollup%2fplugin-babel 140ms (cache miss)
4643 http fetch GET 200 https://registry.npmjs.org/@rollup%2fplugin-node-resolve 141ms (cache miss)
4644 http fetch GET 200 https://registry.npmjs.org/workbox-expiration 149ms (cache miss)
4645 http fetch GET 200 https://registry.npmjs.org/workbox-google-analytics 157ms (cache miss)
4646 http fetch GET 200 https://registry.npmjs.org/workbox-navigation-preload 163ms (cache miss)
4647 http fetch GET 200 https://registry.npmjs.org/rollup 176ms (cache miss)
4648 http fetch GET 200 https://registry.npmjs.org/workbox-recipes 196ms (cache miss)
4649 http fetch GET 200 https://registry.npmjs.org/workbox-range-requests 200ms (cache miss)
4650 http fetch GET 200 https://registry.npmjs.org/workbox-precaching 203ms (cache miss)
4651 http fetch GET 200 https://registry.npmjs.org/workbox-window 201ms (cache miss)
4652 http fetch GET 200 https://registry.npmjs.org/workbox-streams 204ms (cache miss)
4653 http fetch GET 200 https://registry.npmjs.org/workbox-strategies 207ms (cache miss)
4654 http fetch GET 200 https://registry.npmjs.org/workbox-routing 208ms (cache miss)
4655 http fetch GET 200 https://registry.npmjs.org/workbox-cacheable-response 217ms (cache miss)
4656 http fetch GET 200 https://registry.npmjs.org/workbox-core 219ms (cache miss)
4657 http fetch GET 200 https://registry.npmjs.org/workbox-sw 597ms (cache miss)
4658 timing idealTree:node_modules/workbox-webpack-plugin Completed in 628ms
4659 timing idealTree:node_modules/pretty-bytes Completed in 0ms
4660 timing idealTree:node_modules/upath Completed in 0ms
4661 silly fetch manifest @babel/core@^7.11.1
4662 silly fetch manifest @types/babel__core@^7.1.9
4663 silly placeDep node_modules/workbox-build @apideck/better-ajv-errors@0.3.6 OK for: workbox-build@6.6.0 want: ^0.3.1
4664 silly placeDep node_modules/workbox-build ajv@8.12.0 OK for: @apideck/better-ajv-errors@0.3.6 want: >=8
4665 silly fetch manifest json-schema@^0.4.0
4666 silly fetch manifest jsonpointer@^5.0.0
4667 silly fetch manifest json-schema-traverse@^1.0.0
4668 silly fetch manifest require-from-string@^2.0.2
4669 silly placeDep ROOT @rollup/plugin-babel@5.3.1 OK for: workbox-build@6.6.0 want: ^5.2.0
4670 silly placeDep ROOT rollup@2.79.1 OK for: @rollup/plugin-babel@5.3.1 want: ^1.20.0||^2.0.0
4671 silly fetch manifest @rollup/pluginutils@^3.1.0
4672 silly placeDep ROOT @rollup/plugin-node-resolve@11.2.1 OK for: workbox-build@6.6.0 want: ^11.2.1
4673 silly fetch manifest @types/resolve@1.17.1
4674 silly fetch manifest builtin-modules@^3.1.0
4675 silly fetch manifest is-module@^1.0.0
4676 silly placeDep ROOT @rollup/plugin-replace@2.4.2 OK for: workbox-build@6.6.0 want: ^2.4.1
4677 silly fetch manifest magic-string@^0.25.7
4678 silly placeDep ROOT @surma/rollup-plugin-off-main-thread@2.2.3 OK for: workbox-build@6.6.0 want: ^2.2.3
4679 silly fetch manifest ejs@^3.1.6
4680 silly fetch manifest magic-string@^0.25.0
4681 silly placeDep ROOT common-tags@1.8.2 OK for: workbox-build@6.6.0 want: ^1.8.0
4682 silly placeDep node_modules/workbox-build fs-extra@9.1.0 OK for: workbox-build@6.6.0 want: ^9.0.1
4683 silly placeDep ROOT rollup-plugin-terser@7.0.2 OK for: workbox-build@6.6.0 want: ^7.0.0
4684 silly fetch manifest jest-worker@^26.2.1
4685 silly fetch manifest serialize-javascript@^4.0.0
4686 silly placeDep node_modules/workbox-build source-map@0.8.0-beta.0 OK for: workbox-build@6.6.0 want: ^0.8.0-beta.0
4687 silly fetch manifest whatwg-url@^7.0.0
4688 silly placeDep ROOT stringify-object@3.3.0 OK for: workbox-build@6.6.0 want: ^3.3.0
4689 silly fetch manifest get-own-enumerable-property-symbols@^3.0.0
4690 silly fetch manifest is-obj@^1.0.1
4691 silly fetch manifest is-regexp@^1.0.0
4692 silly placeDep ROOT strip-comments@2.0.1 OK for: workbox-build@6.6.0 want: ^2.0.1
4693 silly placeDep ROOT tempy@0.6.0 OK for: workbox-build@6.6.0 want: ^0.6.0
4694 silly fetch manifest temp-dir@^2.0.0
4695 silly fetch manifest type-fest@^0.16.0
4696 silly fetch manifest unique-string@^2.0.0
4697 silly placeDep ROOT workbox-background-sync@6.6.0 OK for: workbox-build@6.6.0 want: 6.6.0
4698 silly fetch manifest idb@^7.0.1
4699 silly placeDep ROOT workbox-broadcast-update@6.6.0 OK for: workbox-build@6.6.0 want: 6.6.0
4700 silly placeDep ROOT workbox-cacheable-response@6.6.0 OK for: workbox-build@6.6.0 want: 6.6.0
4701 silly placeDep ROOT workbox-core@6.6.0 OK for: workbox-build@6.6.0 want: 6.6.0
4702 silly placeDep ROOT workbox-expiration@6.6.0 OK for: workbox-build@6.6.0 want: 6.6.0
4703 silly placeDep ROOT workbox-google-analytics@6.6.0 OK for: workbox-build@6.6.0 want: 6.6.0
4704 silly placeDep ROOT workbox-navigation-preload@6.6.0 OK for: workbox-build@6.6.0 want: 6.6.0
4705 silly placeDep ROOT workbox-precaching@6.6.0 OK for: workbox-build@6.6.0 want: 6.6.0
4706 silly placeDep ROOT workbox-range-requests@6.6.0 OK for: workbox-build@6.6.0 want: 6.6.0
4707 silly placeDep ROOT workbox-recipes@6.6.0 OK for: workbox-build@6.6.0 want: 6.6.0
4708 silly placeDep ROOT workbox-routing@6.6.0 OK for: workbox-build@6.6.0 want: 6.6.0
4709 silly placeDep ROOT workbox-strategies@6.6.0 OK for: workbox-build@6.6.0 want: 6.6.0
4710 silly placeDep ROOT workbox-streams@6.6.0 OK for: workbox-build@6.6.0 want: 6.6.0
4711 silly placeDep ROOT workbox-sw@6.6.0 OK for: workbox-build@6.6.0 want: 6.6.0
4712 silly placeDep ROOT workbox-window@6.6.0 OK for: workbox-build@6.6.0 want: 6.6.0
4713 silly fetch manifest @types/trusted-types@^2.0.2
4714 http fetch GET 200 https://registry.npmjs.org/json-schema 189ms (cache miss)
4715 http fetch GET 200 https://registry.npmjs.org/require-from-string 188ms (cache miss)
4716 http fetch GET 200 https://registry.npmjs.org/builtin-modules 177ms (cache miss)
4717 http fetch GET 200 https://registry.npmjs.org/jsonpointer 190ms (cache miss)
4718 http fetch GET 200 https://registry.npmjs.org/is-module 177ms (cache miss)
4719 http fetch GET 200 https://registry.npmjs.org/get-own-enumerable-property-symbols 159ms (cache miss)
4720 http fetch GET 200 https://registry.npmjs.org/unique-string 148ms (cache miss)
4721 http fetch GET 200 https://registry.npmjs.org/temp-dir 150ms (cache miss)
4722 http fetch GET 200 https://registry.npmjs.org/is-obj 158ms (cache miss)
4723 http fetch GET 200 https://registry.npmjs.org/is-regexp 159ms (cache miss)
4724 http fetch GET 200 https://registry.npmjs.org/ejs 177ms (cache miss)
4725 http fetch GET 200 https://registry.npmjs.org/@types%2fresolve 187ms (cache miss)
4726 http fetch GET 200 https://registry.npmjs.org/magic-string 179ms (cache miss)
4727 http fetch GET 200 https://registry.npmjs.org/@rollup%2fpluginutils 194ms (cache miss)
4728 http fetch GET 200 https://registry.npmjs.org/magic-string 186ms (cache miss)
4729 http fetch GET 200 https://registry.npmjs.org/@types%2ftrusted-types 182ms (cache miss)
4730 http fetch GET 200 https://registry.npmjs.org/idb 283ms (cache miss)
4731 timing idealTree:node_modules/workbox-build Completed in 344ms
4732 silly fetch manifest rollup@^1.20.0||^2.0.0
4733 silly placeDep ROOT @rollup/pluginutils@3.1.0 OK for: @rollup/plugin-babel@5.3.1 want: ^3.1.0
4734 silly fetch manifest @types/estree@0.0.39
4735 silly fetch manifest estree-walker@^1.0.1
4736 http fetch GET 200 https://registry.npmjs.org/estree-walker 71ms (cache miss)
4737 timing idealTree:node_modules/@rollup/plugin-babel Completed in 82ms
4738 silly placeDep ROOT @types/resolve@1.17.1 OK for: @rollup/plugin-node-resolve@11.2.1 want: 1.17.1
4739 silly placeDep ROOT builtin-modules@3.3.0 OK for: @rollup/plugin-node-resolve@11.2.1 want: ^3.1.0
4740 silly placeDep ROOT is-module@1.0.0 OK for: @rollup/plugin-node-resolve@11.2.1 want: ^1.0.0
4741 timing idealTree:node_modules/@rollup/plugin-node-resolve Completed in 6ms
4742 silly placeDep ROOT magic-string@0.25.9 OK for: @rollup/plugin-replace@2.4.2 want: ^0.25.7
4743 silly fetch manifest sourcemap-codec@^1.4.8
4744 http fetch GET 200 https://registry.npmjs.org/sourcemap-codec 68ms (cache miss)
4745 timing idealTree:node_modules/@rollup/plugin-replace Completed in 72ms
4746 silly placeDep node_modules/@rollup/pluginutils @types/estree@0.0.39 OK for: @rollup/pluginutils@3.1.0 want: 0.0.39
4747 silly placeDep ROOT estree-walker@1.0.1 OK for: @rollup/pluginutils@3.1.0 want: ^1.0.1
4748 timing idealTree:node_modules/@rollup/pluginutils Completed in 3ms
4749 silly placeDep ROOT ejs@3.1.9 OK for: @surma/rollup-plugin-off-main-thread@2.2.3 want: ^3.1.6
4750 silly fetch manifest jake@^10.8.5
4751 http fetch GET 200 https://registry.npmjs.org/jake 77ms (cache miss)
4752 timing idealTree:node_modules/@surma/rollup-plugin-off-main-thread Completed in 82ms
4753 timing idealTree:node_modules/@types/resolve Completed in 0ms
4754 timing idealTree:node_modules/builtin-modules Completed in 0ms
4755 timing idealTree:node_modules/common-tags Completed in 0ms
4756 silly placeDep ROOT jake@10.8.7 OK for: ejs@3.1.9 want: ^10.8.5
4757 silly fetch manifest async@^3.2.3
4758 silly fetch manifest chalk@^4.0.2
4759 silly fetch manifest filelist@^1.0.4
4760 http fetch GET 200 https://registry.npmjs.org/filelist 59ms (cache miss)
4761 http fetch GET 200 https://registry.npmjs.org/async 70ms (cache miss)
4762 timing idealTree:node_modules/ejs Completed in 75ms
4763 timing idealTree:node_modules/estree-walker Completed in 0ms
4764 timing idealTree:node_modules/is-module Completed in 0ms
4765 silly placeDep ROOT async@3.2.5 OK for: jake@10.8.7 want: ^3.2.3
4766 silly placeDep node_modules/jake chalk@4.1.2 OK for: jake@10.8.7 want: ^4.0.2
4767 silly placeDep ROOT filelist@1.0.4 OK for: jake@10.8.7 want: ^1.0.4
4768 silly fetch manifest minimatch@^5.0.1
4769 timing idealTree:node_modules/jake Completed in 7ms
4770 timing idealTree:node_modules/async Completed in 0ms
4771 silly placeDep node_modules/filelist minimatch@5.1.6 OK for: filelist@1.0.4 want: ^5.0.1
4772 silly fetch manifest brace-expansion@^2.0.1
4773 timing idealTree:node_modules/filelist Completed in 2ms
4774 silly placeDep ROOT sourcemap-codec@1.4.8 OK for: magic-string@0.25.9 want: ^1.4.8
4775 timing idealTree:node_modules/magic-string Completed in 1ms
4776 timing idealTree:node_modules/rollup Completed in 0ms
4777 silly placeDep node_modules/rollup-plugin-terser jest-worker@26.6.2 OK for: rollup-plugin-terser@7.0.2 want: ^26.2.1
4778 silly placeDep node_modules/rollup-plugin-terser serialize-javascript@4.0.0 OK for: rollup-plugin-terser@7.0.2 want: ^4.0.0
4779 timing idealTree:node_modules/rollup-plugin-terser Completed in 3ms
4780 timing idealTree:node_modules/sourcemap-codec Completed in 0ms
4781 silly placeDep ROOT get-own-enumerable-property-symbols@3.0.2 OK for: stringify-object@3.3.0 want: ^3.0.0
4782 silly placeDep ROOT is-obj@1.0.1 OK for: stringify-object@3.3.0 want: ^1.0.1
4783 silly placeDep ROOT is-regexp@1.0.0 OK for: stringify-object@3.3.0 want: ^1.0.0
4784 timing idealTree:node_modules/stringify-object Completed in 5ms
4785 timing idealTree:node_modules/get-own-enumerable-property-symbols Completed in 0ms
4786 timing idealTree:node_modules/is-obj Completed in 0ms
4787 timing idealTree:node_modules/is-regexp Completed in 0ms
4788 timing idealTree:node_modules/strip-comments Completed in 0ms
4789 silly placeDep ROOT temp-dir@2.0.0 OK for: tempy@0.6.0 want: ^2.0.0
4790 silly placeDep node_modules/tempy type-fest@0.16.0 OK for: tempy@0.6.0 want: ^0.16.0
4791 silly placeDep ROOT unique-string@2.0.0 OK for: tempy@0.6.0 want: ^2.0.0
4792 silly fetch manifest crypto-random-string@^2.0.0
4793 http fetch GET 200 https://registry.npmjs.org/crypto-random-string 91ms (cache miss)
4794 timing idealTree:node_modules/tempy Completed in 97ms
4795 timing idealTree:node_modules/temp-dir Completed in 0ms
4796 silly placeDep ROOT crypto-random-string@2.0.0 OK for: unique-string@2.0.0 want: ^2.0.0
4797 timing idealTree:node_modules/unique-string Completed in 2ms
4798 timing idealTree:node_modules/crypto-random-string Completed in 0ms
4799 silly placeDep ROOT idb@7.1.1 OK for: workbox-background-sync@6.6.0 want: ^7.0.1
4800 timing idealTree:node_modules/workbox-background-sync Completed in 2ms
4801 timing idealTree:node_modules/idb Completed in 0ms
4802 timing idealTree:node_modules/workbox-broadcast-update Completed in 0ms
4803 timing idealTree:node_modules/workbox-cacheable-response Completed in 0ms
4804 timing idealTree:node_modules/workbox-core Completed in 0ms
4805 timing idealTree:node_modules/workbox-expiration Completed in 0ms
4806 timing idealTree:node_modules/workbox-google-analytics Completed in 0ms
4807 timing idealTree:node_modules/workbox-navigation-preload Completed in 0ms
4808 timing idealTree:node_modules/workbox-precaching Completed in 0ms
4809 timing idealTree:node_modules/workbox-range-requests Completed in 0ms
4810 timing idealTree:node_modules/workbox-recipes Completed in 0ms
4811 timing idealTree:node_modules/workbox-routing Completed in 0ms
4812 timing idealTree:node_modules/workbox-strategies Completed in 0ms
4813 timing idealTree:node_modules/workbox-streams Completed in 0ms
4814 timing idealTree:node_modules/workbox-sw Completed in 0ms
4815 silly placeDep ROOT @types/trusted-types@2.0.7 OK for: workbox-window@6.6.0 want: ^2.0.2
4816 timing idealTree:node_modules/workbox-window Completed in 2ms
4817 timing idealTree:node_modules/@types/trusted-types Completed in 0ms
4818 timing idealTree:node_modules/wrappy Completed in 0ms
4819 silly placeDep ROOT is-typedarray@1.0.0 OK for: write-file-atomic@3.0.3 want: ^1.0.0
4820 silly placeDep ROOT typedarray-to-buffer@3.1.5 OK for: write-file-atomic@3.0.3 want: ^3.1.5
4821 timing idealTree:node_modules/write-file-atomic Completed in 4ms
4822 timing idealTree:node_modules/is-typedarray Completed in 0ms
4823 timing idealTree:node_modules/typedarray-to-buffer Completed in 0ms
4824 timing idealTree:node_modules/ws Completed in 0ms
4825 timing idealTree:node_modules/xml-name-validator Completed in 0ms
4826 timing idealTree:node_modules/xmlchars Completed in 0ms
4827 timing idealTree:node_modules/yallist Completed in 0ms
4828 timing idealTree:node_modules/yaml Completed in 0ms
4829 silly placeDep ROOT cliui@7.0.4 OK for: yargs@16.2.0 want: ^7.0.2
4830 silly fetch manifest wrap-ansi@^7.0.0
4831 silly placeDep ROOT get-caller-file@2.0.5 OK for: yargs@16.2.0 want: ^2.0.5
4832 silly placeDep ROOT require-directory@2.1.1 OK for: yargs@16.2.0 want: ^2.1.1
4833 silly placeDep ROOT string-width@4.2.3 OK for: yargs@16.2.0 want: ^4.2.0
4834 silly fetch manifest emoji-regex@^8.0.0
4835 silly fetch manifest is-fullwidth-code-point@^3.0.0
4836 silly placeDep ROOT y18n@5.0.8 OK for: yargs@16.2.0 want: ^5.0.5
4837 silly placeDep ROOT yargs-parser@20.2.9 OK for: yargs@16.2.0 want: ^20.2.2
4838 http fetch GET 200 https://registry.npmjs.org/is-fullwidth-code-point 81ms (cache miss)
4839 http fetch GET 200 https://registry.npmjs.org/wrap-ansi 96ms (cache miss)
4840 timing idealTree:node_modules/yargs Completed in 101ms
4841 silly placeDep ROOT wrap-ansi@7.0.0 OK for: cliui@7.0.4 want: ^7.0.0
4842 silly fetch manifest ansi-styles@^4.0.0
4843 timing idealTree:node_modules/cliui Completed in 3ms
4844 timing idealTree:node_modules/get-caller-file Completed in 0ms
4845 timing idealTree:node_modules/require-directory Completed in 0ms
4846 silly placeDep node_modules/string-width emoji-regex@8.0.0 OK for: string-width@4.2.3 want: ^8.0.0
4847 silly placeDep ROOT is-fullwidth-code-point@3.0.0 OK for: string-width@4.2.3 want: ^3.0.0
4848 timing idealTree:node_modules/string-width Completed in 3ms
4849 timing idealTree:node_modules/is-fullwidth-code-point Completed in 0ms
4850 silly placeDep node_modules/wrap-ansi ansi-styles@4.3.0 OK for: wrap-ansi@7.0.0 want: ^4.0.0
4851 silly fetch manifest color-convert@^2.0.1
4852 timing idealTree:node_modules/wrap-ansi Completed in 3ms
4853 timing idealTree:node_modules/y18n Completed in 0ms
4854 timing idealTree:node_modules/yargs-parser Completed in 0ms
4855 timing idealTree:node_modules/yocto-queue Completed in 0ms
4856 timing idealTree:node_modules/@babel/core/node_modules/semver Completed in 0ms
4857 timing idealTree:node_modules/@babel/eslint-parser/node_modules/eslint-visitor-keys Completed in 0ms
4858 timing idealTree:node_modules/@babel/eslint-parser/node_modules/semver Completed in 0ms
4859 timing idealTree:node_modules/@babel/helper-compilation-targets/node_modules/semver Completed in 0ms
4860 timing idealTree:node_modules/@babel/helper-create-class-features-plugin/node_modules/semver Completed in 0ms
4861 timing idealTree:node_modules/@babel/helper-create-regexp-features-plugin/node_modules/semver Completed in 0ms
4862 timing idealTree:node_modules/@babel/plugin-transform-runtime/node_modules/semver Completed in 0ms
4863 timing idealTree:node_modules/@babel/preset-env/node_modules/semver Completed in 0ms
4864 silly placeDep node_modules/@eslint/eslintrc type-fest@0.20.2 OK for: globals@13.24.0 want: ^0.20.2
4865 timing idealTree:node_modules/@eslint/eslintrc/node_modules/globals Completed in 1ms
4866 silly placeDep node_modules/@eslint/eslintrc argparse@2.0.1 OK for: js-yaml@4.1.0 want: ^2.0.1
4867 timing idealTree:node_modules/@eslint/eslintrc/node_modules/js-yaml Completed in 2ms
4868 timing idealTree:node_modules/@eslint/eslintrc/node_modules/argparse Completed in 0ms
4869 timing idealTree:node_modules/@eslint/eslintrc/node_modules/type-fest Completed in 0ms
4870 timing idealTree:node_modules/@istanbuljs/load-nyc-config/node_modules/camelcase Completed in 0ms
4871 silly placeDep node_modules/@istanbuljs/load-nyc-config locate-path@5.0.0 OK for: find-up@4.1.0 want: ^5.0.0
4872 silly fetch manifest p-locate@^4.1.0
4873 timing idealTree:node_modules/@istanbuljs/load-nyc-config/node_modules/find-up Completed in 2ms
4874 silly placeDep node_modules/@istanbuljs/load-nyc-config p-locate@4.1.0 OK for: locate-path@5.0.0 want: ^4.1.0
4875 silly fetch manifest p-limit@^2.2.0
4876 timing idealTree:node_modules/@istanbuljs/load-nyc-config/node_modules/locate-path Completed in 2ms
4877 silly placeDep node_modules/@istanbuljs/load-nyc-config p-limit@2.3.0 OK for: p-locate@4.1.0 want: ^2.2.0
4878 silly fetch manifest p-try@^2.0.0
4879 http fetch GET 200 https://registry.npmjs.org/p-try 60ms (cache miss)
4880 timing idealTree:node_modules/@istanbuljs/load-nyc-config/node_modules/p-locate Completed in 62ms
4881 silly placeDep ROOT p-try@2.2.0 OK for: p-limit@2.3.0 want: ^2.0.0
4882 timing idealTree:node_modules/@istanbuljs/load-nyc-config/node_modules/p-limit Completed in 2ms
4883 timing idealTree:node_modules/p-try Completed in 0ms
4884 silly placeDep node_modules/@jest/console ansi-styles@4.3.0 OK for: chalk@4.1.2 want: ^4.1.0
4885 silly placeDep node_modules/@jest/console supports-color@7.2.0 OK for: chalk@4.1.2 want: ^7.1.0
4886 timing idealTree:node_modules/@jest/console/node_modules/chalk Completed in 5ms
4887 silly placeDep node_modules/@jest/console color-convert@2.0.1 OK for: ansi-styles@4.3.0 want: ^2.0.1
4888 silly fetch manifest color-name@~1.1.4
4889 timing idealTree:node_modules/@jest/console/node_modules/ansi-styles Completed in 2ms
4890 silly placeDep node_modules/@jest/console color-name@1.1.4 OK for: color-convert@2.0.1 want: ~1.1.4
4891 timing idealTree:node_modules/@jest/console/node_modules/color-convert Completed in 2ms
4892 timing idealTree:node_modules/@jest/console/node_modules/color-name Completed in 0ms
4893 silly placeDep node_modules/@jest/console has-flag@4.0.0 OK for: supports-color@7.2.0 want: ^4.0.0
4894 timing idealTree:node_modules/@jest/console/node_modules/supports-color Completed in 2ms
4895 timing idealTree:node_modules/@jest/console/node_modules/has-flag Completed in 0ms
4896 silly placeDep node_modules/@jest/core ansi-styles@4.3.0 OK for: chalk@4.1.2 want: ^4.1.0
4897 silly placeDep node_modules/@jest/core supports-color@7.2.0 OK for: chalk@4.1.2 want: ^7.1.0
4898 timing idealTree:node_modules/@jest/core/node_modules/chalk Completed in 4ms
4899 silly placeDep node_modules/@jest/core color-convert@2.0.1 OK for: ansi-styles@4.3.0 want: ^2.0.1
4900 timing idealTree:node_modules/@jest/core/node_modules/ansi-styles Completed in 2ms
4901 silly placeDep node_modules/@jest/core color-name@1.1.4 OK for: color-convert@2.0.1 want: ~1.1.4
4902 timing idealTree:node_modules/@jest/core/node_modules/color-convert Completed in 2ms
4903 timing idealTree:node_modules/@jest/core/node_modules/color-name Completed in 0ms
4904 silly placeDep node_modules/@jest/core has-flag@4.0.0 OK for: supports-color@7.2.0 want: ^4.0.0
4905 timing idealTree:node_modules/@jest/core/node_modules/supports-color Completed in 1ms
4906 timing idealTree:node_modules/@jest/core/node_modules/has-flag Completed in 0ms
4907 silly placeDep node_modules/@jest/reporters ansi-styles@4.3.0 OK for: chalk@4.1.2 want: ^4.1.0
4908 silly placeDep node_modules/@jest/reporters supports-color@7.2.0 OK for: chalk@4.1.2 want: ^7.1.0
4909 timing idealTree:node_modules/@jest/reporters/node_modules/chalk Completed in 4ms
4910 silly placeDep node_modules/@jest/reporters color-convert@2.0.1 OK for: ansi-styles@4.3.0 want: ^2.0.1
4911 timing idealTree:node_modules/@jest/reporters/node_modules/ansi-styles Completed in 1ms
4912 silly placeDep node_modules/@jest/reporters color-name@1.1.4 OK for: color-convert@2.0.1 want: ~1.1.4
4913 timing idealTree:node_modules/@jest/reporters/node_modules/color-convert Completed in 1ms
4914 timing idealTree:node_modules/@jest/reporters/node_modules/color-name Completed in 0ms
4915 timing idealTree:node_modules/@jest/reporters/node_modules/source-map Completed in 0ms
4916 silly placeDep node_modules/@jest/reporters has-flag@4.0.0 OK for: supports-color@7.2.0 want: ^4.0.0
4917 timing idealTree:node_modules/@jest/reporters/node_modules/supports-color Completed in 2ms
4918 timing idealTree:node_modules/@jest/reporters/node_modules/has-flag Completed in 0ms
4919 timing idealTree:node_modules/@jest/source-map/node_modules/source-map Completed in 0ms
4920 silly placeDep node_modules/@jest/transform ansi-styles@4.3.0 OK for: chalk@4.1.2 want: ^4.1.0
4921 silly placeDep node_modules/@jest/transform supports-color@7.2.0 OK for: chalk@4.1.2 want: ^7.1.0
4922 timing idealTree:node_modules/@jest/transform/node_modules/chalk Completed in 4ms
4923 silly placeDep node_modules/@jest/transform color-convert@2.0.1 OK for: ansi-styles@4.3.0 want: ^2.0.1
4924 timing idealTree:node_modules/@jest/transform/node_modules/ansi-styles Completed in 3ms
4925 silly placeDep node_modules/@jest/transform color-name@1.1.4 OK for: color-convert@2.0.1 want: ~1.1.4
4926 timing idealTree:node_modules/@jest/transform/node_modules/color-convert Completed in 1ms
4927 timing idealTree:node_modules/@jest/transform/node_modules/color-name Completed in 0ms
4928 timing idealTree:node_modules/@jest/transform/node_modules/convert-source-map Completed in 0ms
4929 timing idealTree:node_modules/@jest/transform/node_modules/source-map Completed in 0ms
4930 silly placeDep node_modules/@jest/transform has-flag@4.0.0 OK for: supports-color@7.2.0 want: ^4.0.0
4931 timing idealTree:node_modules/@jest/transform/node_modules/supports-color Completed in 1ms
4932 timing idealTree:node_modules/@jest/transform/node_modules/has-flag Completed in 0ms
4933 silly placeDep node_modules/@jest/types ansi-styles@4.3.0 OK for: chalk@4.1.2 want: ^4.1.0
4934 silly placeDep node_modules/@jest/types supports-color@7.2.0 OK for: chalk@4.1.2 want: ^7.1.0
4935 timing idealTree:node_modules/@jest/types/node_modules/chalk Completed in 4ms
4936 silly placeDep node_modules/@jest/types color-convert@2.0.1 OK for: ansi-styles@4.3.0 want: ^2.0.1
4937 timing idealTree:node_modules/@jest/types/node_modules/ansi-styles Completed in 2ms
4938 silly placeDep node_modules/@jest/types color-name@1.1.4 OK for: color-convert@2.0.1 want: ~1.1.4
4939 timing idealTree:node_modules/@jest/types/node_modules/color-convert Completed in 2ms
4940 timing idealTree:node_modules/@jest/types/node_modules/color-name Completed in 0ms
4941 silly placeDep node_modules/@jest/types has-flag@4.0.0 OK for: supports-color@7.2.0 want: ^4.0.0
4942 timing idealTree:node_modules/@jest/types/node_modules/supports-color Completed in 2ms
4943 timing idealTree:node_modules/@jest/types/node_modules/has-flag Completed in 0ms
4944 silly placeDep node_modules/@nicolo-ribaudo/eslint-scope-5-internals estraverse@4.3.0 OK for: eslint-scope@5.1.1 want: ^4.1.1
4945 timing idealTree:node_modules/@nicolo-ribaudo/eslint-scope-5-internals/node_modules/eslint-scope Completed in 2ms
4946 timing idealTree:node_modules/@nicolo-ribaudo/eslint-scope-5-internals/node_modules/estraverse Completed in 0ms
4947 timing idealTree:node_modules/@rollup/pluginutils/node_modules/@types/estree Completed in 0ms
4948 silly placeDep node_modules/@typescript-eslint/utils estraverse@4.3.0 OK for: eslint-scope@5.1.1 want: ^4.1.1
4949 timing idealTree:node_modules/@typescript-eslint/utils/node_modules/eslint-scope Completed in 1ms
4950 timing idealTree:node_modules/@typescript-eslint/utils/node_modules/estraverse Completed in 0ms
4951 timing idealTree:node_modules/acorn-globals/node_modules/acorn Completed in 0ms
4952 silly placeDep node_modules/babel-jest ansi-styles@4.3.0 OK for: chalk@4.1.2 want: ^4.1.0
4953 silly placeDep node_modules/babel-jest supports-color@7.2.0 OK for: chalk@4.1.2 want: ^7.1.0
4954 timing idealTree:node_modules/babel-jest/node_modules/chalk Completed in 4ms
4955 silly placeDep node_modules/babel-jest color-convert@2.0.1 OK for: ansi-styles@4.3.0 want: ^2.0.1
4956 timing idealTree:node_modules/babel-jest/node_modules/ansi-styles Completed in 2ms
4957 silly placeDep node_modules/babel-jest color-name@1.1.4 OK for: color-convert@2.0.1 want: ~1.1.4
4958 timing idealTree:node_modules/babel-jest/node_modules/color-convert Completed in 1ms
4959 timing idealTree:node_modules/babel-jest/node_modules/color-name Completed in 0ms
4960 silly placeDep node_modules/babel-jest has-flag@4.0.0 OK for: supports-color@7.2.0 want: ^4.0.0
4961 timing idealTree:node_modules/babel-jest/node_modules/supports-color Completed in 6ms
4962 timing idealTree:node_modules/babel-jest/node_modules/has-flag Completed in 0ms
4963 timing idealTree:node_modules/babel-loader/node_modules/schema-utils Completed in 0ms
4964 timing idealTree:node_modules/babel-plugin-polyfill-corejs2/node_modules/semver Completed in 0ms
4965 timing idealTree:node_modules/body-parser/node_modules/bytes Completed in 0ms
4966 silly placeDep node_modules/body-parser ms@2.0.0 OK for: debug@2.6.9 want: 2.0.0
4967 timing idealTree:node_modules/body-parser/node_modules/debug Completed in 2ms
4968 timing idealTree:node_modules/body-parser/node_modules/iconv-lite Completed in 0ms
4969 timing idealTree:node_modules/body-parser/node_modules/ms Completed in 0ms
4970 timing idealTree:node_modules/chokidar/node_modules/glob-parent Completed in 0ms
4971 timing idealTree:node_modules/clean-css/node_modules/source-map Completed in 0ms
4972 silly placeDep node_modules/compression ms@2.0.0 OK for: debug@2.6.9 want: 2.0.0
4973 timing idealTree:node_modules/compression/node_modules/debug Completed in 1ms
4974 timing idealTree:node_modules/compression/node_modules/ms Completed in 0ms
4975 timing idealTree:node_modules/compression/node_modules/safe-buffer Completed in 0ms
4976 silly placeDep node_modules/css-minimizer-webpack-plugin ajv@8.12.0 OK for: schema-utils@4.2.0 want: ^8.9.0
4977 silly placeDep ROOT ajv-formats@2.1.1 OK for: schema-utils@4.2.0 want: ^2.1.1
4978 silly fetch manifest ajv@^8.0.0
4979 silly placeDep node_modules/css-minimizer-webpack-plugin ajv-keywords@5.1.0 OK for: schema-utils@4.2.0 want: ^5.1.0
4980 timing idealTree:node_modules/css-minimizer-webpack-plugin/node_modules/schema-utils Completed in 9ms
4981 silly placeDep node_modules/ajv-formats ajv@8.12.0 OK for: ajv-formats@2.1.1 want: ^8.0.0
4982 timing idealTree:node_modules/ajv-formats Completed in 2ms
4983 silly placeDep node_modules/ajv-formats json-schema-traverse@1.0.0 OK for: ajv@8.12.0 want: ^1.0.0
4984 silly placeDep ROOT require-from-string@2.0.2 OK for: ajv@8.12.0 want: ^2.0.2
4985 timing idealTree:node_modules/ajv-formats/node_modules/ajv Completed in 3ms
4986 timing idealTree:node_modules/require-from-string Completed in 0ms
4987 timing idealTree:node_modules/ajv-formats/node_modules/json-schema-traverse Completed in 0ms
4988 silly placeDep node_modules/css-minimizer-webpack-plugin json-schema-traverse@1.0.0 OK for: ajv@8.12.0 want: ^1.0.0
4989 timing idealTree:node_modules/css-minimizer-webpack-plugin/node_modules/ajv Completed in 1ms
4990 timing idealTree:node_modules/css-minimizer-webpack-plugin/node_modules/ajv-keywords Completed in 0ms
4991 timing idealTree:node_modules/css-minimizer-webpack-plugin/node_modules/json-schema-traverse Completed in 0ms
4992 timing idealTree:node_modules/css-minimizer-webpack-plugin/node_modules/source-map Completed in 0ms
4993 timing idealTree:node_modules/css-tree/node_modules/source-map Completed in 0ms
4994 silly placeDep node_modules/csso mdn-data@2.0.14 OK for: css-tree@1.1.3 want: 2.0.14
4995 silly placeDep node_modules/csso source-map@0.6.1 OK for: css-tree@1.1.3 want: ^0.6.1
4996 timing idealTree:node_modules/csso/node_modules/css-tree Completed in 3ms
4997 timing idealTree:node_modules/csso/node_modules/mdn-data Completed in 0ms
4998 timing idealTree:node_modules/csso/node_modules/source-map Completed in 0ms
4999 timing idealTree:node_modules/cssstyle/node_modules/cssom Completed in 0ms
5000 silly placeDep node_modules/detect-port-alt ms@2.0.0 OK for: debug@2.6.9 want: 2.0.0
5001 timing idealTree:node_modules/detect-port-alt/node_modules/debug Completed in 1ms
5002 timing idealTree:node_modules/detect-port-alt/node_modules/ms Completed in 0ms
5003 timing idealTree:node_modules/domexception/node_modules/webidl-conversions Completed in 0ms
5004 timing idealTree:node_modules/escodegen/node_modules/source-map Completed in 0ms
5005 timing idealTree:node_modules/eslint-import-resolver-node/node_modules/debug Completed in 0ms
5006 timing idealTree:node_modules/eslint-module-utils/node_modules/debug Completed in 0ms
5007 timing idealTree:node_modules/eslint-plugin-import/node_modules/debug Completed in 0ms
5008 timing idealTree:node_modules/eslint-plugin-import/node_modules/doctrine Completed in 0ms
5009 timing idealTree:node_modules/eslint-plugin-import/node_modules/semver Completed in 0ms
5010 timing idealTree:node_modules/eslint-plugin-react/node_modules/doctrine Completed in 0ms
5011 timing idealTree:node_modules/eslint-plugin-react/node_modules/resolve Completed in 0ms
5012 timing idealTree:node_modules/eslint-plugin-react/node_modules/semver Completed in 0ms
5013 silly placeDep node_modules/eslint-webpack-plugin supports-color@8.1.1 OK for: jest-worker@28.1.3 want: ^8.0.0
5014 timing idealTree:node_modules/eslint-webpack-plugin/node_modules/jest-worker Completed in 2ms
5015 silly placeDep node_modules/eslint-webpack-plugin ajv@8.12.0 OK for: schema-utils@4.2.0 want: ^8.9.0
5016 silly placeDep node_modules/eslint-webpack-plugin ajv-keywords@5.1.0 OK for: schema-utils@4.2.0 want: ^5.1.0
5017 timing idealTree:node_modules/eslint-webpack-plugin/node_modules/schema-utils Completed in 5ms
5018 silly placeDep node_modules/eslint-webpack-plugin json-schema-traverse@1.0.0 OK for: ajv@8.12.0 want: ^1.0.0
5019 timing idealTree:node_modules/eslint-webpack-plugin/node_modules/ajv Completed in 2ms
5020 timing idealTree:node_modules/eslint-webpack-plugin/node_modules/ajv-keywords Completed in 0ms
5021 timing idealTree:node_modules/eslint-webpack-plugin/node_modules/json-schema-traverse Completed in 0ms
5022 silly placeDep node_modules/eslint-webpack-plugin has-flag@4.0.0 OK for: supports-color@8.1.1 want: ^4.0.0
5023 timing idealTree:node_modules/eslint-webpack-plugin/node_modules/supports-color Completed in 2ms
5024 timing idealTree:node_modules/eslint-webpack-plugin/node_modules/has-flag Completed in 0ms
5025 silly placeDep node_modules/eslint ansi-styles@4.3.0 OK for: chalk@4.1.2 want: ^4.1.0
5026 silly placeDep node_modules/eslint supports-color@7.2.0 OK for: chalk@4.1.2 want: ^7.1.0
5027 timing idealTree:node_modules/eslint/node_modules/chalk Completed in 4ms
5028 silly placeDep node_modules/eslint color-convert@2.0.1 OK for: ansi-styles@4.3.0 want: ^2.0.1
5029 timing idealTree:node_modules/eslint/node_modules/ansi-styles Completed in 2ms
5030 silly placeDep node_modules/eslint color-name@1.1.4 OK for: color-convert@2.0.1 want: ~1.1.4
5031 timing idealTree:node_modules/eslint/node_modules/color-convert Completed in 1ms
5032 timing idealTree:node_modules/eslint/node_modules/color-name Completed in 0ms
5033 timing idealTree:node_modules/eslint/node_modules/escape-string-regexp Completed in 0ms
5034 silly placeDep node_modules/eslint type-fest@0.20.2 OK for: globals@13.24.0 want: ^0.20.2
5035 timing idealTree:node_modules/eslint/node_modules/globals Completed in 2ms
5036 silly placeDep node_modules/eslint argparse@2.0.1 OK for: js-yaml@4.1.0 want: ^2.0.1
5037 timing idealTree:node_modules/eslint/node_modules/js-yaml Completed in 2ms
5038 timing idealTree:node_modules/eslint/node_modules/argparse Completed in 0ms
5039 silly placeDep node_modules/eslint has-flag@4.0.0 OK for: supports-color@7.2.0 want: ^4.0.0
5040 timing idealTree:node_modules/eslint/node_modules/supports-color Completed in 1ms
5041 timing idealTree:node_modules/eslint/node_modules/has-flag Completed in 0ms
5042 timing idealTree:node_modules/eslint/node_modules/type-fest Completed in 0ms
5043 timing idealTree:node_modules/express/node_modules/array-flatten Completed in 0ms
5044 silly placeDep node_modules/express ms@2.0.0 OK for: debug@2.6.9 want: 2.0.0
5045 timing idealTree:node_modules/express/node_modules/debug Completed in 1ms
5046 timing idealTree:node_modules/express/node_modules/ms Completed in 0ms
5047 timing idealTree:node_modules/fast-glob/node_modules/glob-parent Completed in 0ms
5048 silly placeDep node_modules/filelist brace-expansion@2.0.1 OK for: minimatch@5.1.6 want: ^2.0.1
5049 timing idealTree:node_modules/filelist/node_modules/minimatch Completed in 2ms
5050 timing idealTree:node_modules/filelist/node_modules/brace-expansion Completed in 0ms
5051 silly placeDep node_modules/finalhandler ms@2.0.0 OK for: debug@2.6.9 want: 2.0.0
5052 timing idealTree:node_modules/finalhandler/node_modules/debug Completed in 1ms
5053 timing idealTree:node_modules/finalhandler/node_modules/ms Completed in 0ms
5054 silly placeDep node_modules/fork-ts-checker-webpack-plugin ansi-styles@4.3.0 OK for: chalk@4.1.2 want: ^4.1.0
5055 silly placeDep node_modules/fork-ts-checker-webpack-plugin supports-color@7.2.0 OK for: chalk@4.1.2 want: ^7.1.0
5056 timing idealTree:node_modules/fork-ts-checker-webpack-plugin/node_modules/chalk Completed in 4ms
5057 silly placeDep node_modules/fork-ts-checker-webpack-plugin color-convert@2.0.1 OK for: ansi-styles@4.3.0 want: ^2.0.1
5058 timing idealTree:node_modules/fork-ts-checker-webpack-plugin/node_modules/ansi-styles Completed in 2ms
5059 silly placeDep node_modules/fork-ts-checker-webpack-plugin color-name@1.1.4 OK for: color-convert@2.0.1 want: ~1.1.4
5060 timing idealTree:node_modules/fork-ts-checker-webpack-plugin/node_modules/color-convert Completed in 2ms
5061 timing idealTree:node_modules/fork-ts-checker-webpack-plugin/node_modules/color-name Completed in 0ms
5062 timing idealTree:node_modules/fork-ts-checker-webpack-plugin/node_modules/cosmiconfig Completed in 0ms
5063 silly placeDep ROOT at-least-node@1.0.0 OK for: fs-extra@9.1.0 want: ^1.0.0
5064 timing idealTree:node_modules/fork-ts-checker-webpack-plugin/node_modules/fs-extra Completed in 2ms
5065 timing idealTree:node_modules/at-least-node Completed in 0ms
5066 timing idealTree:node_modules/fork-ts-checker-webpack-plugin/node_modules/schema-utils Completed in 0ms
5067 silly placeDep node_modules/fork-ts-checker-webpack-plugin has-flag@4.0.0 OK for: supports-color@7.2.0 want: ^4.0.0
5068 timing idealTree:node_modules/fork-ts-checker-webpack-plugin/node_modules/supports-color Completed in 3ms
5069 timing idealTree:node_modules/fork-ts-checker-webpack-plugin/node_modules/has-flag Completed in 0ms
5070 timing idealTree:node_modules/fork-ts-checker-webpack-plugin/node_modules/tapable Completed in 0ms
5071 timing idealTree:node_modules/global-prefix/node_modules/which Completed in 0ms
5072 silly placeDep ROOT core-util-is@1.0.3 OK for: readable-stream@2.3.8 want: ~1.0.0
5073 silly placeDep node_modules/hpack.js isarray@1.0.0 OK for: readable-stream@2.3.8 want: ~1.0.0
5074 silly placeDep ROOT process-nextick-args@2.0.1 OK for: readable-stream@2.3.8 want: ~2.0.0
5075 silly placeDep node_modules/hpack.js safe-buffer@5.1.2 OK for: readable-stream@2.3.8 want: ~5.1.1
5076 silly placeDep node_modules/hpack.js string_decoder@1.1.1 OK for: readable-stream@2.3.8 want: ~1.1.1
5077 timing idealTree:node_modules/hpack.js/node_modules/readable-stream Completed in 8ms
5078 timing idealTree:node_modules/core-util-is Completed in 0ms
5079 timing idealTree:node_modules/process-nextick-args Completed in 0ms
5080 timing idealTree:node_modules/hpack.js/node_modules/isarray Completed in 0ms
5081 timing idealTree:node_modules/hpack.js/node_modules/safe-buffer Completed in 0ms
5082 timing idealTree:node_modules/hpack.js/node_modules/string_decoder Completed in 0ms
5083 timing idealTree:node_modules/import-fresh/node_modules/resolve-from Completed in 0ms
5084 timing idealTree:node_modules/istanbul-lib-instrument/node_modules/semver Completed in 0ms
5085 timing idealTree:node_modules/istanbul-lib-report/node_modules/make-dir Completed in 0ms
5086 silly placeDep node_modules/istanbul-lib-report has-flag@4.0.0 OK for: supports-color@7.2.0 want: ^4.0.0
5087 timing idealTree:node_modules/istanbul-lib-report/node_modules/supports-color Completed in 2ms
5088 timing idealTree:node_modules/istanbul-lib-report/node_modules/has-flag Completed in 0ms
5089 timing idealTree:node_modules/istanbul-lib-source-maps/node_modules/source-map Completed in 0ms
5090 silly placeDep node_modules/jake ansi-styles@4.3.0 OK for: chalk@4.1.2 want: ^4.1.0
5091 silly placeDep node_modules/jake supports-color@7.2.0 OK for: chalk@4.1.2 want: ^7.1.0
5092 timing idealTree:node_modules/jake/node_modules/chalk Completed in 4ms
5093 silly placeDep node_modules/jake color-convert@2.0.1 OK for: ansi-styles@4.3.0 want: ^2.0.1
5094 timing idealTree:node_modules/jake/node_modules/ansi-styles Completed in 2ms
5095 silly placeDep node_modules/jake color-name@1.1.4 OK for: color-convert@2.0.1 want: ~1.1.4
5096 timing idealTree:node_modules/jake/node_modules/color-convert Completed in 2ms
5097 timing idealTree:node_modules/jake/node_modules/color-name Completed in 0ms
5098 silly placeDep node_modules/jake has-flag@4.0.0 OK for: supports-color@7.2.0 want: ^4.0.0
5099 timing idealTree:node_modules/jake/node_modules/supports-color Completed in 1ms
5100 timing idealTree:node_modules/jake/node_modules/has-flag Completed in 0ms
5101 silly placeDep node_modules/jest-circus ansi-styles@4.3.0 OK for: chalk@4.1.2 want: ^4.1.0
5102 silly placeDep node_modules/jest-circus supports-color@7.2.0 OK for: chalk@4.1.2 want: ^7.1.0
5103 timing idealTree:node_modules/jest-circus/node_modules/chalk Completed in 4ms
5104 silly placeDep node_modules/jest-circus color-convert@2.0.1 OK for: ansi-styles@4.3.0 want: ^2.0.1
5105 timing idealTree:node_modules/jest-circus/node_modules/ansi-styles Completed in 2ms
5106 silly placeDep node_modules/jest-circus color-name@1.1.4 OK for: color-convert@2.0.1 want: ~1.1.4
5107 timing idealTree:node_modules/jest-circus/node_modules/color-convert Completed in 1ms
5108 timing idealTree:node_modules/jest-circus/node_modules/color-name Completed in 0ms
5109 silly placeDep node_modules/jest-circus has-flag@4.0.0 OK for: supports-color@7.2.0 want: ^4.0.0
5110 timing idealTree:node_modules/jest-circus/node_modules/supports-color Completed in 2ms
5111 timing idealTree:node_modules/jest-circus/node_modules/has-flag Completed in 0ms
5112 silly placeDep node_modules/jest-cli ansi-styles@4.3.0 OK for: chalk@4.1.2 want: ^4.1.0
5113 silly placeDep node_modules/jest-cli supports-color@7.2.0 OK for: chalk@4.1.2 want: ^7.1.0
5114 timing idealTree:node_modules/jest-cli/node_modules/chalk Completed in 4ms
5115 silly placeDep node_modules/jest-cli color-convert@2.0.1 OK for: ansi-styles@4.3.0 want: ^2.0.1
5116 timing idealTree:node_modules/jest-cli/node_modules/ansi-styles Completed in 3ms
5117 silly placeDep node_modules/jest-cli color-name@1.1.4 OK for: color-convert@2.0.1 want: ~1.1.4
5118 timing idealTree:node_modules/jest-cli/node_modules/color-convert Completed in 2ms
5119 timing idealTree:node_modules/jest-cli/node_modules/color-name Completed in 0ms
5120 silly placeDep node_modules/jest-cli has-flag@4.0.0 OK for: supports-color@7.2.0 want: ^4.0.0
5121 timing idealTree:node_modules/jest-cli/node_modules/supports-color Completed in 2ms
5122 timing idealTree:node_modules/jest-cli/node_modules/has-flag Completed in 0ms
5123 silly placeDep node_modules/jest-config ansi-styles@4.3.0 OK for: chalk@4.1.2 want: ^4.1.0
5124 silly placeDep node_modules/jest-config supports-color@7.2.0 OK for: chalk@4.1.2 want: ^7.1.0
5125 timing idealTree:node_modules/jest-config/node_modules/chalk Completed in 4ms
5126 silly placeDep node_modules/jest-config color-convert@2.0.1 OK for: ansi-styles@4.3.0 want: ^2.0.1
5127 timing idealTree:node_modules/jest-config/node_modules/ansi-styles Completed in 2ms
5128 silly placeDep node_modules/jest-config color-name@1.1.4 OK for: color-convert@2.0.1 want: ~1.1.4
5129 timing idealTree:node_modules/jest-config/node_modules/color-convert Completed in 1ms
5130 timing idealTree:node_modules/jest-config/node_modules/color-name Completed in 0ms
5131 silly placeDep node_modules/jest-config has-flag@4.0.0 OK for: supports-color@7.2.0 want: ^4.0.0
5132 timing idealTree:node_modules/jest-config/node_modules/supports-color Completed in 2ms
5133 timing idealTree:node_modules/jest-config/node_modules/has-flag Completed in 0ms
5134 silly placeDep node_modules/jest-diff ansi-styles@4.3.0 OK for: chalk@4.1.2 want: ^4.1.0
5135 silly placeDep node_modules/jest-diff supports-color@7.2.0 OK for: chalk@4.1.2 want: ^7.1.0
5136 timing idealTree:node_modules/jest-diff/node_modules/chalk Completed in 4ms
5137 silly placeDep node_modules/jest-diff color-convert@2.0.1 OK for: ansi-styles@4.3.0 want: ^2.0.1
5138 timing idealTree:node_modules/jest-diff/node_modules/ansi-styles Completed in 2ms
5139 silly placeDep node_modules/jest-diff color-name@1.1.4 OK for: color-convert@2.0.1 want: ~1.1.4
5140 timing idealTree:node_modules/jest-diff/node_modules/color-convert Completed in 1ms
5141 timing idealTree:node_modules/jest-diff/node_modules/color-name Completed in 0ms
5142 silly placeDep node_modules/jest-diff has-flag@4.0.0 OK for: supports-color@7.2.0 want: ^4.0.0
5143 timing idealTree:node_modules/jest-diff/node_modules/supports-color Completed in 4ms
5144 timing idealTree:node_modules/jest-diff/node_modules/has-flag Completed in 0ms
5145 silly placeDep node_modules/jest-each ansi-styles@4.3.0 OK for: chalk@4.1.2 want: ^4.1.0
5146 silly placeDep node_modules/jest-each supports-color@7.2.0 OK for: chalk@4.1.2 want: ^7.1.0
5147 timing idealTree:node_modules/jest-each/node_modules/chalk Completed in 4ms
5148 silly placeDep node_modules/jest-each color-convert@2.0.1 OK for: ansi-styles@4.3.0 want: ^2.0.1
5149 timing idealTree:node_modules/jest-each/node_modules/ansi-styles Completed in 1ms
5150 silly placeDep node_modules/jest-each color-name@1.1.4 OK for: color-convert@2.0.1 want: ~1.1.4
5151 timing idealTree:node_modules/jest-each/node_modules/color-convert Completed in 2ms
5152 timing idealTree:node_modules/jest-each/node_modules/color-name Completed in 0ms
5153 silly placeDep node_modules/jest-each has-flag@4.0.0 OK for: supports-color@7.2.0 want: ^4.0.0
5154 timing idealTree:node_modules/jest-each/node_modules/supports-color Completed in 2ms
5155 timing idealTree:node_modules/jest-each/node_modules/has-flag Completed in 0ms
5156 silly placeDep node_modules/jest-jasmine2 ansi-styles@4.3.0 OK for: chalk@4.1.2 want: ^4.1.0
5157 silly placeDep node_modules/jest-jasmine2 supports-color@7.2.0 OK for: chalk@4.1.2 want: ^7.1.0
5158 timing idealTree:node_modules/jest-jasmine2/node_modules/chalk Completed in 3ms
5159 silly placeDep node_modules/jest-jasmine2 color-convert@2.0.1 OK for: ansi-styles@4.3.0 want: ^2.0.1
5160 timing idealTree:node_modules/jest-jasmine2/node_modules/ansi-styles Completed in 3ms
5161 silly placeDep node_modules/jest-jasmine2 color-name@1.1.4 OK for: color-convert@2.0.1 want: ~1.1.4
5162 timing idealTree:node_modules/jest-jasmine2/node_modules/color-convert Completed in 1ms
5163 timing idealTree:node_modules/jest-jasmine2/node_modules/color-name Completed in 0ms
5164 silly placeDep node_modules/jest-jasmine2 has-flag@4.0.0 OK for: supports-color@7.2.0 want: ^4.0.0
5165 timing idealTree:node_modules/jest-jasmine2/node_modules/supports-color Completed in 2ms
5166 timing idealTree:node_modules/jest-jasmine2/node_modules/has-flag Completed in 0ms
5167 silly placeDep node_modules/jest-matcher-utils ansi-styles@4.3.0 OK for: chalk@4.1.2 want: ^4.1.0
5168 silly placeDep node_modules/jest-matcher-utils supports-color@7.2.0 OK for: chalk@4.1.2 want: ^7.1.0
5169 timing idealTree:node_modules/jest-matcher-utils/node_modules/chalk Completed in 3ms
5170 silly placeDep node_modules/jest-matcher-utils color-convert@2.0.1 OK for: ansi-styles@4.3.0 want: ^2.0.1
5171 timing idealTree:node_modules/jest-matcher-utils/node_modules/ansi-styles Completed in 1ms
5172 silly placeDep node_modules/jest-matcher-utils color-name@1.1.4 OK for: color-convert@2.0.1 want: ~1.1.4
5173 timing idealTree:node_modules/jest-matcher-utils/node_modules/color-convert Completed in 2ms
5174 timing idealTree:node_modules/jest-matcher-utils/node_modules/color-name Completed in 0ms
5175 silly placeDep node_modules/jest-matcher-utils has-flag@4.0.0 OK for: supports-color@7.2.0 want: ^4.0.0
5176 timing idealTree:node_modules/jest-matcher-utils/node_modules/supports-color Completed in 1ms
5177 timing idealTree:node_modules/jest-matcher-utils/node_modules/has-flag Completed in 0ms
5178 silly placeDep node_modules/jest-message-util ansi-styles@4.3.0 OK for: chalk@4.1.2 want: ^4.1.0
5179 silly placeDep node_modules/jest-message-util supports-color@7.2.0 OK for: chalk@4.1.2 want: ^7.1.0
5180 timing idealTree:node_modules/jest-message-util/node_modules/chalk Completed in 3ms
5181 silly placeDep node_modules/jest-message-util color-convert@2.0.1 OK for: ansi-styles@4.3.0 want: ^2.0.1
5182 timing idealTree:node_modules/jest-message-util/node_modules/ansi-styles Completed in 1ms
5183 silly placeDep node_modules/jest-message-util color-name@1.1.4 OK for: color-convert@2.0.1 want: ~1.1.4
5184 timing idealTree:node_modules/jest-message-util/node_modules/color-convert Completed in 2ms
5185 timing idealTree:node_modules/jest-message-util/node_modules/color-name Completed in 0ms
5186 silly placeDep node_modules/jest-message-util has-flag@4.0.0 OK for: supports-color@7.2.0 want: ^4.0.0
5187 timing idealTree:node_modules/jest-message-util/node_modules/supports-color Completed in 2ms
5188 timing idealTree:node_modules/jest-message-util/node_modules/has-flag Completed in 0ms
5189 silly placeDep node_modules/jest-resolve ansi-styles@4.3.0 OK for: chalk@4.1.2 want: ^4.1.0
5190 silly placeDep node_modules/jest-resolve supports-color@7.2.0 OK for: chalk@4.1.2 want: ^7.1.0
5191 timing idealTree:node_modules/jest-resolve/node_modules/chalk Completed in 4ms
5192 silly placeDep node_modules/jest-resolve color-convert@2.0.1 OK for: ansi-styles@4.3.0 want: ^2.0.1
5193 timing idealTree:node_modules/jest-resolve/node_modules/ansi-styles Completed in 2ms
5194 silly placeDep node_modules/jest-resolve color-name@1.1.4 OK for: color-convert@2.0.1 want: ~1.1.4
5195 timing idealTree:node_modules/jest-resolve/node_modules/color-convert Completed in 1ms
5196 timing idealTree:node_modules/jest-resolve/node_modules/color-name Completed in 0ms
5197 silly placeDep node_modules/jest-resolve has-flag@4.0.0 OK for: supports-color@7.2.0 want: ^4.0.0
5198 timing idealTree:node_modules/jest-resolve/node_modules/supports-color Completed in 1ms
5199 timing idealTree:node_modules/jest-resolve/node_modules/has-flag Completed in 0ms
5200 silly placeDep node_modules/jest-runner ansi-styles@4.3.0 OK for: chalk@4.1.2 want: ^4.1.0
5201 silly placeDep node_modules/jest-runner supports-color@7.2.0 OK for: chalk@4.1.2 want: ^7.1.0
5202 timing idealTree:node_modules/jest-runner/node_modules/chalk Completed in 4ms
5203 silly placeDep node_modules/jest-runner color-convert@2.0.1 OK for: ansi-styles@4.3.0 want: ^2.0.1
5204 timing idealTree:node_modules/jest-runner/node_modules/ansi-styles Completed in 2ms
5205 silly placeDep node_modules/jest-runner color-name@1.1.4 OK for: color-convert@2.0.1 want: ~1.1.4
5206 timing idealTree:node_modules/jest-runner/node_modules/color-convert Completed in 1ms
5207 timing idealTree:node_modules/jest-runner/node_modules/color-name Completed in 0ms
5208 silly placeDep node_modules/jest-runner has-flag@4.0.0 OK for: supports-color@7.2.0 want: ^4.0.0
5209 timing idealTree:node_modules/jest-runner/node_modules/supports-color Completed in 2ms
5210 timing idealTree:node_modules/jest-runner/node_modules/has-flag Completed in 0ms
5211 silly placeDep node_modules/jest-runtime ansi-styles@4.3.0 OK for: chalk@4.1.2 want: ^4.1.0
5212 silly placeDep node_modules/jest-runtime supports-color@7.2.0 OK for: chalk@4.1.2 want: ^7.1.0
5213 timing idealTree:node_modules/jest-runtime/node_modules/chalk Completed in 4ms
5214 silly placeDep node_modules/jest-runtime color-convert@2.0.1 OK for: ansi-styles@4.3.0 want: ^2.0.1
5215 timing idealTree:node_modules/jest-runtime/node_modules/ansi-styles Completed in 2ms
5216 silly placeDep node_modules/jest-runtime color-name@1.1.4 OK for: color-convert@2.0.1 want: ~1.1.4
5217 timing idealTree:node_modules/jest-runtime/node_modules/color-convert Completed in 1ms
5218 timing idealTree:node_modules/jest-runtime/node_modules/color-name Completed in 0ms
5219 silly placeDep node_modules/jest-runtime has-flag@4.0.0 OK for: supports-color@7.2.0 want: ^4.0.0
5220 timing idealTree:node_modules/jest-runtime/node_modules/supports-color Completed in 2ms
5221 timing idealTree:node_modules/jest-runtime/node_modules/has-flag Completed in 0ms
5222 silly placeDep node_modules/jest-snapshot ansi-styles@4.3.0 OK for: chalk@4.1.2 want: ^4.1.0
5223 silly placeDep node_modules/jest-snapshot supports-color@7.2.0 OK for: chalk@4.1.2 want: ^7.1.0
5224 timing idealTree:node_modules/jest-snapshot/node_modules/chalk Completed in 4ms
5225 silly placeDep node_modules/jest-snapshot color-convert@2.0.1 OK for: ansi-styles@4.3.0 want: ^2.0.1
5226 timing idealTree:node_modules/jest-snapshot/node_modules/ansi-styles Completed in 3ms
5227 silly placeDep node_modules/jest-snapshot color-name@1.1.4 OK for: color-convert@2.0.1 want: ~1.1.4
5228 timing idealTree:node_modules/jest-snapshot/node_modules/color-convert Completed in 1ms
5229 timing idealTree:node_modules/jest-snapshot/node_modules/color-name Completed in 0ms
5230 silly placeDep node_modules/jest-snapshot has-flag@4.0.0 OK for: supports-color@7.2.0 want: ^4.0.0
5231 timing idealTree:node_modules/jest-snapshot/node_modules/supports-color Completed in 2ms
5232 timing idealTree:node_modules/jest-snapshot/node_modules/has-flag Completed in 0ms
5233 silly placeDep node_modules/jest-util ansi-styles@4.3.0 OK for: chalk@4.1.2 want: ^4.1.0
5234 silly placeDep node_modules/jest-util supports-color@7.2.0 OK for: chalk@4.1.2 want: ^7.1.0
5235 timing idealTree:node_modules/jest-util/node_modules/chalk Completed in 4ms
5236 silly placeDep node_modules/jest-util color-convert@2.0.1 OK for: ansi-styles@4.3.0 want: ^2.0.1
5237 timing idealTree:node_modules/jest-util/node_modules/ansi-styles Completed in 2ms
5238 silly placeDep node_modules/jest-util color-name@1.1.4 OK for: color-convert@2.0.1 want: ~1.1.4
5239 timing idealTree:node_modules/jest-util/node_modules/color-convert Completed in 1ms
5240 timing idealTree:node_modules/jest-util/node_modules/color-name Completed in 0ms
5241 silly placeDep node_modules/jest-util has-flag@4.0.0 OK for: supports-color@7.2.0 want: ^4.0.0
5242 timing idealTree:node_modules/jest-util/node_modules/supports-color Completed in 2ms
5243 timing idealTree:node_modules/jest-util/node_modules/has-flag Completed in 0ms
5244 silly placeDep node_modules/jest-validate ansi-styles@4.3.0 OK for: chalk@4.1.2 want: ^4.1.0
5245 silly placeDep node_modules/jest-validate supports-color@7.2.0 OK for: chalk@4.1.2 want: ^7.1.0
5246 timing idealTree:node_modules/jest-validate/node_modules/chalk Completed in 4ms
5247 silly placeDep node_modules/jest-validate color-convert@2.0.1 OK for: ansi-styles@4.3.0 want: ^2.0.1
5248 timing idealTree:node_modules/jest-validate/node_modules/ansi-styles Completed in 3ms
5249 silly placeDep node_modules/jest-validate color-name@1.1.4 OK for: color-convert@2.0.1 want: ~1.1.4
5250 timing idealTree:node_modules/jest-validate/node_modules/color-convert Completed in 2ms
5251 timing idealTree:node_modules/jest-validate/node_modules/color-name Completed in 0ms
5252 silly placeDep node_modules/jest-validate has-flag@4.0.0 OK for: supports-color@7.2.0 want: ^4.0.0
5253 timing idealTree:node_modules/jest-validate/node_modules/supports-color Completed in 1ms
5254 timing idealTree:node_modules/jest-validate/node_modules/has-flag Completed in 0ms
5255 silly placeDep node_modules/jest-watch-typeahead ansi-styles@4.3.0 OK for: chalk@4.1.2 want: ^4.1.0
5256 silly placeDep node_modules/jest-watch-typeahead supports-color@7.2.0 OK for: chalk@4.1.2 want: ^7.1.0
5257 timing idealTree:node_modules/jest-watch-typeahead/node_modules/chalk Completed in 4ms
5258 silly placeDep node_modules/jest-watch-typeahead color-convert@2.0.1 OK for: ansi-styles@4.3.0 want: ^2.0.1
5259 timing idealTree:node_modules/jest-watch-typeahead/node_modules/ansi-styles Completed in 2ms
5260 silly placeDep node_modules/jest-watch-typeahead color-name@1.1.4 OK for: color-convert@2.0.1 want: ~1.1.4
5261 timing idealTree:node_modules/jest-watch-typeahead/node_modules/color-convert Completed in 2ms
5262 timing idealTree:node_modules/jest-watch-typeahead/node_modules/color-name Completed in 0ms
5263 timing idealTree:node_modules/jest-watch-typeahead/node_modules/jest-regex-util Completed in 0ms
5264 silly placeDep node_modules/jest-watch-typeahead @jest/test-result@28.1.3 OK for: jest-watcher@28.1.3 want: ^28.1.3
5265 silly fetch manifest @jest/console@^28.1.3
5266 silly placeDep node_modules/jest-watch-typeahead @jest/types@28.1.3 OK for: jest-watcher@28.1.3 want: ^28.1.3
5267 silly fetch manifest @jest/schemas@^28.1.3
5268 silly fetch manifest @types/yargs@^17.0.8
5269 silly placeDep node_modules/jest-watch-typeahead emittery@0.10.2 OK for: jest-watcher@28.1.3 want: ^0.10.2
5270 silly placeDep node_modules/jest-watch-typeahead jest-util@28.1.3 OK for: jest-watcher@28.1.3 want: ^28.1.3
5271 silly placeDep node_modules/jest-watch-typeahead/node_modules/jest-watcher string-length@4.0.2 OK for: jest-watcher@28.1.3 want: ^4.0.1
5272 silly fetch manifest strip-ansi@^6.0.0
5273 http fetch GET 200 https://registry.npmjs.org/@jest%2fschemas 101ms (cache miss)
5274 timing idealTree:node_modules/jest-watch-typeahead/node_modules/jest-watcher Completed in 109ms
5275 silly placeDep node_modules/jest-watch-typeahead @jest/console@28.1.3 OK for: @jest/test-result@28.1.3 want: ^28.1.3
5276 silly fetch manifest jest-message-util@^28.1.3
5277 timing idealTree:node_modules/jest-watch-typeahead/node_modules/@jest/test-result Completed in 4ms
5278 silly placeDep node_modules/jest-watch-typeahead jest-message-util@28.1.3 OK for: @jest/console@28.1.3 want: ^28.1.3
5279 silly fetch manifest pretty-format@^28.1.3
5280 silly placeDep node_modules/jest-watch-typeahead/node_modules/@jest/console slash@3.0.0 OK for: @jest/console@28.1.3 want: ^3.0.0
5281 timing idealTree:node_modules/jest-watch-typeahead/node_modules/@jest/console Completed in 5ms
5282 silly placeDep ROOT @jest/schemas@28.1.3 OK for: @jest/types@28.1.3 want: ^28.1.3
5283 silly fetch manifest @sinclair/typebox@^0.24.1
5284 silly placeDep node_modules/jest-watch-typeahead @types/yargs@17.0.32 OK for: @jest/types@28.1.3 want: ^17.0.8
5285 http fetch GET 200 https://registry.npmjs.org/@sinclair%2ftypebox 148ms (cache miss)
5286 timing idealTree:node_modules/jest-watch-typeahead/node_modules/@jest/types Completed in 155ms
5287 silly placeDep ROOT @sinclair/typebox@0.24.51 OK for: @jest/schemas@28.1.3 want: ^0.24.1
5288 timing idealTree:node_modules/@jest/schemas Completed in 3ms
5289 timing idealTree:node_modules/@sinclair/typebox Completed in 0ms
5290 timing idealTree:node_modules/jest-watch-typeahead/node_modules/@types/yargs Completed in 0ms
5291 timing idealTree:node_modules/jest-watch-typeahead/node_modules/emittery Completed in 0ms
5292 silly placeDep node_modules/jest-watch-typeahead pretty-format@28.1.3 OK for: jest-message-util@28.1.3 want: ^28.1.3
5293 silly fetch manifest react-is@^18.0.0
5294 silly placeDep node_modules/jest-watch-typeahead/node_modules/jest-message-util slash@3.0.0 OK for: jest-message-util@28.1.3 want: ^3.0.0
5295 timing idealTree:node_modules/jest-watch-typeahead/node_modules/jest-message-util Completed in 4ms
5296 timing idealTree:node_modules/jest-watch-typeahead/node_modules/jest-util Completed in 0ms
5297 silly placeDep node_modules/jest-watch-typeahead/node_modules/pretty-format ansi-styles@5.2.0 OK for: pretty-format@28.1.3 want: ^5.0.0
5298 silly placeDep node_modules/jest-watch-typeahead react-is@18.2.0 OK for: pretty-format@28.1.3 want: ^18.0.0
5299 timing idealTree:node_modules/jest-watch-typeahead/node_modules/pretty-format Completed in 3ms
5300 timing idealTree:node_modules/jest-watch-typeahead/node_modules/react-is Completed in 0ms
5301 timing idealTree:node_modules/jest-watch-typeahead/node_modules/slash Completed in 0ms
5302 silly placeDep node_modules/jest-watch-typeahead/node_modules/string-length char-regex@2.0.1 OK for: string-length@5.0.1 want: ^2.0.0
5303 timing idealTree:node_modules/jest-watch-typeahead/node_modules/string-length Completed in 1ms
5304 silly placeDep node_modules/jest-watch-typeahead/node_modules/strip-ansi ansi-regex@6.0.1 OK for: strip-ansi@7.1.0 want: ^6.0.1
5305 timing idealTree:node_modules/jest-watch-typeahead/node_modules/strip-ansi Completed in 1ms
5306 silly placeDep node_modules/jest-watch-typeahead has-flag@4.0.0 OK for: supports-color@7.2.0 want: ^4.0.0
5307 timing idealTree:node_modules/jest-watch-typeahead/node_modules/supports-color Completed in 2ms
5308 timing idealTree:node_modules/jest-watch-typeahead/node_modules/has-flag Completed in 0ms
5309 silly placeDep node_modules/jest-watcher ansi-styles@4.3.0 OK for: chalk@4.1.2 want: ^4.1.0
5310 silly placeDep node_modules/jest-watcher supports-color@7.2.0 OK for: chalk@4.1.2 want: ^7.1.0
5311 timing idealTree:node_modules/jest-watcher/node_modules/chalk Completed in 4ms
5312 silly placeDep node_modules/jest-watcher color-convert@2.0.1 OK for: ansi-styles@4.3.0 want: ^2.0.1
5313 timing idealTree:node_modules/jest-watcher/node_modules/ansi-styles Completed in 2ms
5314 silly placeDep node_modules/jest-watcher color-name@1.1.4 OK for: color-convert@2.0.1 want: ~1.1.4
5315 timing idealTree:node_modules/jest-watcher/node_modules/color-convert Completed in 1ms
5316 timing idealTree:node_modules/jest-watcher/node_modules/color-name Completed in 0ms
5317 silly placeDep node_modules/jest-watcher has-flag@4.0.0 OK for: supports-color@7.2.0 want: ^4.0.0
5318 timing idealTree:node_modules/jest-watcher/node_modules/supports-color Completed in 1ms
5319 timing idealTree:node_modules/jest-watcher/node_modules/has-flag Completed in 0ms
5320 silly placeDep node_modules/jest-worker has-flag@4.0.0 OK for: supports-color@8.1.1 want: ^4.0.0
5321 timing idealTree:node_modules/jest-worker/node_modules/supports-color Completed in 2ms
5322 timing idealTree:node_modules/jest-worker/node_modules/has-flag Completed in 0ms
5323 timing idealTree:node_modules/jsonpath/node_modules/esprima Completed in 0ms
5324 timing idealTree:node_modules/make-dir/node_modules/semver Completed in 0ms
5325 silly placeDep node_modules/mini-css-extract-plugin ajv@8.12.0 OK for: schema-utils@4.2.0 want: ^8.9.0
5326 silly placeDep node_modules/mini-css-extract-plugin ajv-keywords@5.1.0 OK for: schema-utils@4.2.0 want: ^5.1.0
5327 timing idealTree:node_modules/mini-css-extract-plugin/node_modules/schema-utils Completed in 5ms
5328 silly placeDep node_modules/mini-css-extract-plugin json-schema-traverse@1.0.0 OK for: ajv@8.12.0 want: ^1.0.0
5329 timing idealTree:node_modules/mini-css-extract-plugin/node_modules/ajv Completed in 1ms
5330 timing idealTree:node_modules/mini-css-extract-plugin/node_modules/ajv-keywords Completed in 0ms
5331 timing idealTree:node_modules/mini-css-extract-plugin/node_modules/json-schema-traverse Completed in 0ms
5332 silly placeDep node_modules/pkg-dir locate-path@5.0.0 OK for: find-up@4.1.0 want: ^5.0.0
5333 timing idealTree:node_modules/pkg-dir/node_modules/find-up Completed in 1ms
5334 silly placeDep node_modules/pkg-dir p-locate@4.1.0 OK for: locate-path@5.0.0 want: ^4.1.0
5335 timing idealTree:node_modules/pkg-dir/node_modules/locate-path Completed in 2ms
5336 silly placeDep node_modules/pkg-dir p-limit@2.3.0 OK for: p-locate@4.1.0 want: ^2.2.0
5337 timing idealTree:node_modules/pkg-dir/node_modules/p-locate Completed in 1ms
5338 timing idealTree:node_modules/pkg-dir/node_modules/p-limit Completed in 0ms
5339 silly placeDep node_modules/pkg-up locate-path@3.0.0 OK for: find-up@3.0.0 want: ^3.0.0
5340 silly fetch manifest p-locate@^3.0.0
5341 silly fetch manifest path-exists@^3.0.0
5342 timing idealTree:node_modules/pkg-up/node_modules/find-up Completed in 3ms
5343 silly placeDep node_modules/pkg-up p-locate@3.0.0 OK for: locate-path@3.0.0 want: ^3.0.0
5344 silly fetch manifest p-limit@^2.0.0
5345 silly placeDep node_modules/pkg-up path-exists@3.0.0 OK for: locate-path@3.0.0 want: ^3.0.0
5346 timing idealTree:node_modules/pkg-up/node_modules/locate-path Completed in 3ms
5347 silly placeDep node_modules/pkg-up p-limit@2.3.0 OK for: p-locate@3.0.0 want: ^2.0.0
5348 timing idealTree:node_modules/pkg-up/node_modules/p-locate Completed in 2ms
5349 timing idealTree:node_modules/pkg-up/node_modules/p-limit Completed in 0ms
5350 timing idealTree:node_modules/pkg-up/node_modules/path-exists Completed in 0ms
5351 timing idealTree:node_modules/postcss-load-config/node_modules/lilconfig Completed in 0ms
5352 timing idealTree:node_modules/postcss-load-config/node_modules/yaml Completed in 0ms
5353 silly placeDep ROOT @trysound/sax@0.2.0 OK for: svgo@2.8.0 want: 0.2.0
5354 silly placeDep node_modules/postcss-svgo commander@7.2.0 OK for: svgo@2.8.0 want: ^7.2.0
5355 silly placeDep node_modules/postcss-svgo css-tree@1.1.3 OK for: svgo@2.8.0 want: ^1.1.3
5356 timing idealTree:node_modules/postcss-svgo/node_modules/svgo Completed in 5ms
5357 timing idealTree:node_modules/@trysound/sax Completed in 0ms
5358 timing idealTree:node_modules/postcss-svgo/node_modules/commander Completed in 0ms
5359 silly placeDep node_modules/postcss-svgo mdn-data@2.0.14 OK for: css-tree@1.1.3 want: 2.0.14
5360 silly placeDep node_modules/postcss-svgo source-map@0.6.1 OK for: css-tree@1.1.3 want: ^0.6.1
5361 timing idealTree:node_modules/postcss-svgo/node_modules/css-tree Completed in 2ms
5362 timing idealTree:node_modules/postcss-svgo/node_modules/mdn-data Completed in 1ms
5363 timing idealTree:node_modules/postcss-svgo/node_modules/source-map Completed in 0ms
5364 timing idealTree:node_modules/pretty-format/node_modules/ansi-styles Completed in 0ms
5365 timing idealTree:node_modules/prop-types/node_modules/react-is Completed in 0ms
5366 timing idealTree:node_modules/proxy-addr/node_modules/ipaddr.js Completed in 0ms
5367 timing idealTree:node_modules/raw-body/node_modules/bytes Completed in 0ms
5368 timing idealTree:node_modules/raw-body/node_modules/iconv-lite Completed in 0ms
5369 timing idealTree:node_modules/react-app-polyfill/node_modules/regenerator-runtime Completed in 0ms
5370 silly placeDep node_modules/react-dev-utils ansi-styles@4.3.0 OK for: chalk@4.1.2 want: ^4.1.0
5371 silly placeDep node_modules/react-dev-utils supports-color@7.2.0 OK for: chalk@4.1.2 want: ^7.1.0
5372 timing idealTree:node_modules/react-dev-utils/node_modules/chalk Completed in 3ms
5373 silly placeDep node_modules/react-dev-utils color-convert@2.0.1 OK for: ansi-styles@4.3.0 want: ^2.0.1
5374 timing idealTree:node_modules/react-dev-utils/node_modules/ansi-styles Completed in 1ms
5375 silly placeDep node_modules/react-dev-utils color-name@1.1.4 OK for: color-convert@2.0.1 want: ~1.1.4
5376 timing idealTree:node_modules/react-dev-utils/node_modules/color-convert Completed in 2ms
5377 timing idealTree:node_modules/react-dev-utils/node_modules/color-name Completed in 0ms
5378 timing idealTree:node_modules/react-dev-utils/node_modules/escape-string-regexp Completed in 0ms
5379 timing idealTree:node_modules/react-dev-utils/node_modules/loader-utils Completed in 0ms
5380 silly placeDep node_modules/react-dev-utils has-flag@4.0.0 OK for: supports-color@7.2.0 want: ^4.0.0
5381 timing idealTree:node_modules/react-dev-utils/node_modules/supports-color Completed in 1ms
5382 timing idealTree:node_modules/react-dev-utils/node_modules/has-flag Completed in 0ms
5383 timing idealTree:node_modules/regjsparser/node_modules/jsesc Completed in 0ms
5384 timing idealTree:node_modules/resolve-url-loader/node_modules/convert-source-map Completed in 0ms
5385 silly placeDep node_modules/resolve-url-loader picocolors@0.2.1 OK for: postcss@7.0.39 want: ^0.2.1
5386 timing idealTree:node_modules/resolve-url-loader/node_modules/postcss Completed in 1ms
5387 timing idealTree:node_modules/resolve-url-loader/node_modules/picocolors Completed in 0ms
5388 timing idealTree:node_modules/resolve-url-loader/node_modules/source-map Completed in 0ms
5389 silly placeDep node_modules/rollup-plugin-terser supports-color@7.2.0 OK for: jest-worker@26.6.2 want: ^7.0.0
5390 timing idealTree:node_modules/rollup-plugin-terser/node_modules/jest-worker Completed in 2ms
5391 timing idealTree:node_modules/rollup-plugin-terser/node_modules/serialize-javascript Completed in 0ms
5392 silly placeDep node_modules/rollup-plugin-terser has-flag@4.0.0 OK for: supports-color@7.2.0 want: ^4.0.0
5393 timing idealTree:node_modules/rollup-plugin-terser/node_modules/supports-color Completed in 2ms
5394 timing idealTree:node_modules/rollup-plugin-terser/node_modules/has-flag Completed in 0ms
5395 silly placeDep node_modules/semver yallist@4.0.0 OK for: lru-cache@6.0.0 want: ^4.0.0
5396 timing idealTree:node_modules/semver/node_modules/lru-cache Completed in 1ms
5397 timing idealTree:node_modules/semver/node_modules/yallist Completed in 0ms
5398 silly placeDep node_modules/send/node_modules/debug ms@2.0.0 OK for: debug@2.6.9 want: 2.0.0
5399 timing idealTree:node_modules/send/node_modules/debug Completed in 1ms
5400 timing idealTree:node_modules/send/node_modules/ms Completed in 0ms
5401 silly placeDep node_modules/serve-index ms@2.0.0 OK for: debug@2.6.9 want: 2.0.0
5402 timing idealTree:node_modules/serve-index/node_modules/debug Completed in 1ms
5403 silly placeDep node_modules/serve-index depd@1.1.2 OK for: http-errors@1.6.3 want: ~1.1.2
5404 silly placeDep node_modules/serve-index inherits@2.0.3 OK for: http-errors@1.6.3 want: 2.0.3
5405 silly placeDep node_modules/serve-index setprototypeof@1.1.0 OK for: http-errors@1.6.3 want: 1.1.0
5406 silly placeDep node_modules/serve-index statuses@1.5.0 OK for: http-errors@1.6.3 want: >= 1.4.0 < 2
5407 timing idealTree:node_modules/serve-index/node_modules/http-errors Completed in 4ms
5408 timing idealTree:node_modules/serve-index/node_modules/depd Completed in 0ms
5409 timing idealTree:node_modules/serve-index/node_modules/inherits Completed in 0ms
5410 timing idealTree:node_modules/serve-index/node_modules/ms Completed in 0ms
5411 timing idealTree:node_modules/serve-index/node_modules/setprototypeof Completed in 0ms
5412 timing idealTree:node_modules/serve-index/node_modules/statuses Completed in 0ms
5413 timing idealTree:node_modules/source-map-support/node_modules/source-map Completed in 0ms
5414 timing idealTree:node_modules/stack-utils/node_modules/escape-string-regexp Completed in 0ms
5415 silly placeDep node_modules/static-eval estraverse@4.3.0 OK for: escodegen@1.14.3 want: ^4.2.0
5416 silly placeDep node_modules/static-eval optionator@0.8.3 OK for: escodegen@1.14.3 want: ^0.8.1
5417 silly fetch manifest prelude-ls@~1.1.2
5418 silly fetch manifest word-wrap@~1.2.3
5419 silly fetch manifest type-check@~0.3.2
5420 silly fetch manifest levn@~0.3.0
5421 silly placeDep node_modules/static-eval source-map@0.6.1 OK for: escodegen@1.14.3 want: ~0.6.1
5422 http fetch GET 200 https://registry.npmjs.org/word-wrap 83ms (cache miss)
5423 timing idealTree:node_modules/static-eval/node_modules/escodegen Completed in 91ms
5424 timing idealTree:node_modules/static-eval/node_modules/estraverse Completed in 0ms
5425 silly placeDep node_modules/static-eval levn@0.3.0 OK for: optionator@0.8.3 want: ~0.3.0
5426 silly placeDep node_modules/static-eval prelude-ls@1.1.2 OK for: optionator@0.8.3 want: ~1.1.2
5427 silly placeDep node_modules/static-eval type-check@0.3.2 OK for: optionator@0.8.3 want: ~0.3.2
5428 silly placeDep ROOT word-wrap@1.2.5 OK for: optionator@0.8.3 want: ~1.2.3
5429 timing idealTree:node_modules/static-eval/node_modules/optionator Completed in 6ms
5430 timing idealTree:node_modules/word-wrap Completed in 0ms
5431 timing idealTree:node_modules/static-eval/node_modules/levn Completed in 0ms
5432 timing idealTree:node_modules/static-eval/node_modules/prelude-ls Completed in 0ms
5433 timing idealTree:node_modules/static-eval/node_modules/source-map Completed in 0ms
5434 timing idealTree:node_modules/static-eval/node_modules/type-check Completed in 0ms
5435 timing idealTree:node_modules/string-width/node_modules/emoji-regex Completed in 0ms
5436 timing idealTree:node_modules/sucrase/node_modules/commander Completed in 0ms
5437 timing idealTree:node_modules/sucrase/node_modules/glob Completed in 0ms
5438 timing idealTree:node_modules/supports-hyperlinks/node_modules/has-flag Completed in 0ms
5439 timing idealTree:node_modules/supports-hyperlinks/node_modules/supports-color Completed in 0ms
5440 silly placeDep node_modules/svgo css-what@3.4.2 OK for: css-select@2.1.0 want: ^3.2.1
5441 silly placeDep node_modules/svgo domutils@1.7.0 OK for: css-select@2.1.0 want: ^1.7.0
5442 silly fetch manifest dom-serializer@0
5443 silly fetch manifest domelementtype@1
5444 silly placeDep node_modules/svgo nth-check@1.0.2 OK for: css-select@2.1.0 want: ^1.0.2
5445 timing idealTree:node_modules/svgo/node_modules/css-select Completed in 5ms
5446 timing idealTree:node_modules/svgo/node_modules/css-what Completed in 0ms
5447 silly placeDep node_modules/svgo dom-serializer@0.2.2 OK for: domutils@1.7.0 want: 0
5448 silly placeDep node_modules/svgo/node_modules/domutils domelementtype@1.3.1 OK for: domutils@1.7.0 want: 1
5449 timing idealTree:node_modules/svgo/node_modules/domutils Completed in 3ms
5450 timing idealTree:node_modules/svgo/node_modules/dom-serializer Completed in 0ms
5451 timing idealTree:node_modules/svgo/node_modules/nth-check Completed in 0ms
5452 timing idealTree:node_modules/tempy/node_modules/type-fest Completed in 0ms
5453 timing idealTree:node_modules/terser/node_modules/commander Completed in 0ms
5454 timing idealTree:node_modules/tough-cookie/node_modules/universalify Completed in 0ms
5455 timing idealTree:node_modules/tsconfig-paths/node_modules/json5 Completed in 0ms
5456 timing idealTree:node_modules/tsconfig-paths/node_modules/strip-bom Completed in 0ms
5457 timing idealTree:node_modules/tsutils/node_modules/tslib Completed in 0ms
5458 timing idealTree:node_modules/v8-to-istanbul/node_modules/convert-source-map Completed in 0ms
5459 silly placeDep node_modules/webpack-dev-middleware ajv@8.12.0 OK for: schema-utils@4.2.0 want: ^8.9.0
5460 silly placeDep node_modules/webpack-dev-middleware ajv-keywords@5.1.0 OK for: schema-utils@4.2.0 want: ^5.1.0
5461 timing idealTree:node_modules/webpack-dev-middleware/node_modules/schema-utils Completed in 5ms
5462 silly placeDep node_modules/webpack-dev-middleware json-schema-traverse@1.0.0 OK for: ajv@8.12.0 want: ^1.0.0
5463 timing idealTree:node_modules/webpack-dev-middleware/node_modules/ajv Completed in 1ms
5464 timing idealTree:node_modules/webpack-dev-middleware/node_modules/ajv-keywords Completed in 0ms
5465 timing idealTree:node_modules/webpack-dev-middleware/node_modules/json-schema-traverse Completed in 0ms
5466 silly placeDep node_modules/webpack-dev-server ajv@8.12.0 OK for: schema-utils@4.2.0 want: ^8.9.0
5467 silly placeDep node_modules/webpack-dev-server ajv-keywords@5.1.0 OK for: schema-utils@4.2.0 want: ^5.1.0
5468 timing idealTree:node_modules/webpack-dev-server/node_modules/schema-utils Completed in 5ms
5469 silly placeDep node_modules/webpack-dev-server json-schema-traverse@1.0.0 OK for: ajv@8.12.0 want: ^1.0.0
5470 timing idealTree:node_modules/webpack-dev-server/node_modules/ajv Completed in 2ms
5471 timing idealTree:node_modules/webpack-dev-server/node_modules/ajv-keywords Completed in 0ms
5472 timing idealTree:node_modules/webpack-dev-server/node_modules/json-schema-traverse Completed in 0ms
5473 timing idealTree:node_modules/webpack-dev-server/node_modules/ws Completed in 0ms
5474 silly placeDep ROOT source-list-map@2.0.1 OK for: webpack-sources@2.3.1 want: ^2.0.1
5475 silly placeDep node_modules/webpack-manifest-plugin source-map@0.6.1 OK for: webpack-sources@2.3.1 want: ^0.6.1
5476 timing idealTree:node_modules/webpack-manifest-plugin/node_modules/webpack-sources Completed in 4ms
5477 timing idealTree:node_modules/source-list-map Completed in 0ms
5478 timing idealTree:node_modules/webpack-manifest-plugin/node_modules/source-map Completed in 0ms
5479 silly placeDep node_modules/webpack estraverse@4.3.0 OK for: eslint-scope@5.1.1 want: ^4.1.1
5480 timing idealTree:node_modules/webpack/node_modules/eslint-scope Completed in 1ms
5481 timing idealTree:node_modules/webpack/node_modules/estraverse Completed in 0ms
5482 timing idealTree:node_modules/whatwg-encoding/node_modules/iconv-lite Completed in 0ms
5483 silly placeDep ROOT json-schema@0.4.0 OK for: @apideck/better-ajv-errors@0.3.6 want: ^0.4.0
5484 silly placeDep ROOT jsonpointer@5.0.1 OK for: @apideck/better-ajv-errors@0.3.6 want: ^5.0.0
5485 timing idealTree:node_modules/workbox-build/node_modules/@apideck/better-ajv-errors Completed in 4ms
5486 timing idealTree:node_modules/json-schema Completed in 0ms
5487 timing idealTree:node_modules/jsonpointer Completed in 0ms
5488 silly placeDep node_modules/workbox-build json-schema-traverse@1.0.0 OK for: ajv@8.12.0 want: ^1.0.0
5489 timing idealTree:node_modules/workbox-build/node_modules/ajv Completed in 1ms
5490 timing idealTree:node_modules/workbox-build/node_modules/fs-extra Completed in 0ms
5491 timing idealTree:node_modules/workbox-build/node_modules/json-schema-traverse Completed in 0ms
5492 silly placeDep node_modules/workbox-build whatwg-url@7.1.0 OK for: source-map@0.8.0-beta.0 want: ^7.0.0
5493 silly fetch manifest lodash.sortby@^4.7.0
5494 silly fetch manifest tr46@^1.0.1
5495 silly fetch manifest webidl-conversions@^4.0.2
5496 http fetch GET 200 https://registry.npmjs.org/lodash.sortby 56ms (cache miss)
5497 timing idealTree:node_modules/workbox-build/node_modules/source-map Completed in 59ms
5498 silly placeDep ROOT lodash.sortby@4.7.0 OK for: whatwg-url@7.1.0 want: ^4.7.0
5499 silly placeDep node_modules/workbox-build tr46@1.0.1 OK for: whatwg-url@7.1.0 want: ^1.0.1
5500 silly placeDep node_modules/workbox-build webidl-conversions@4.0.2 OK for: whatwg-url@7.1.0 want: ^4.0.2
5501 timing idealTree:node_modules/workbox-build/node_modules/whatwg-url Completed in 5ms
5502 timing idealTree:node_modules/lodash.sortby Completed in 0ms
5503 timing idealTree:node_modules/workbox-build/node_modules/tr46 Completed in 0ms
5504 timing idealTree:node_modules/workbox-build/node_modules/webidl-conversions Completed in 0ms
5505 silly placeDep node_modules/workbox-webpack-plugin source-map@0.6.1 OK for: webpack-sources@1.4.3 want: ~0.6.1
5506 timing idealTree:node_modules/workbox-webpack-plugin/node_modules/webpack-sources Completed in 1ms
5507 timing idealTree:node_modules/workbox-webpack-plugin/node_modules/source-map Completed in 0ms
5508 silly placeDep node_modules/wrap-ansi color-convert@2.0.1 OK for: ansi-styles@4.3.0 want: ^2.0.1
5509 timing idealTree:node_modules/wrap-ansi/node_modules/ansi-styles Completed in 2ms
5510 silly placeDep node_modules/wrap-ansi color-name@1.1.4 OK for: color-convert@2.0.1 want: ~1.1.4
5511 timing idealTree:node_modules/wrap-ansi/node_modules/color-convert Completed in 2ms
5512 timing idealTree:node_modules/wrap-ansi/node_modules/color-name Completed in 0ms
5513 timing idealTree:node_modules/jest-watch-typeahead/node_modules/@jest/console/node_modules/slash Completed in 0ms
5514 timing idealTree:node_modules/jest-watch-typeahead/node_modules/jest-message-util/node_modules/slash Completed in 0ms
5515 silly placeDep node_modules/jest-watch-typeahead/node_modules/jest-watcher strip-ansi@6.0.1 OK for: string-length@4.0.2 want: ^6.0.0
5516 timing idealTree:node_modules/jest-watch-typeahead/node_modules/jest-watcher/node_modules/string-length Completed in 1ms
5517 timing idealTree:node_modules/jest-watch-typeahead/node_modules/jest-watcher/node_modules/strip-ansi Completed in 0ms
5518 timing idealTree:node_modules/jest-watch-typeahead/node_modules/pretty-format/node_modules/ansi-styles Completed in 0ms
5519 timing idealTree:node_modules/jest-watch-typeahead/node_modules/string-length/node_modules/char-regex Completed in 0ms
5520 timing idealTree:node_modules/jest-watch-typeahead/node_modules/strip-ansi/node_modules/ansi-regex Completed in 0ms
5521 timing idealTree:node_modules/send/node_modules/debug/node_modules/ms Completed in 0ms
5522 timing idealTree:node_modules/svgo/node_modules/domutils/node_modules/domelementtype Completed in 0ms
5523 timing idealTree:buildDeps Completed in 77333ms
5524 timing idealTree:fixDepFlags Completed in 14ms
5525 timing idealTree Completed in 77372ms
5526 timing reify:loadTrees Completed in 77373ms
5527 timing reify:diffTrees Completed in 16ms
5528 silly reify moves {}
5529 timing reify:retireShallow Completed in 1ms
5530 timing reify:createSparse Completed in 446ms
5531 timing reify:loadBundles Completed in 0ms
5532 verbose reify failed optional dependency C:\Users\asus\reactPrograms\reactprogram\node_modules\fsevents
5533 silly reify mark deleted [
5533 silly reify   'C:\\Users\\asus\\reactPrograms\\reactprogram\\node_modules\\fsevents'
5533 silly reify ]
5534 timing reifyNode:node_modules/fsevents Completed in 126ms
5535 silly tarball no local data for lodash.sortby@https://registry.npmjs.org/lodash.sortby/-/lodash.sortby-4.7.0.tgz. Extracting by manifest.
5536 silly tarball no local data for jsonpointer@https://registry.npmjs.org/jsonpointer/-/jsonpointer-5.0.1.tgz. Extracting by manifest.
5537 silly tarball no local data for word-wrap@https://registry.npmjs.org/word-wrap/-/word-wrap-1.2.5.tgz. Extracting by manifest.
5538 silly tarball no local data for json-schema@https://registry.npmjs.org/json-schema/-/json-schema-0.4.0.tgz. Extracting by manifest.
5539 silly tarball no local data for @trysound/sax@https://registry.npmjs.org/@trysound/sax/-/sax-0.2.0.tgz. Extracting by manifest.
5540 silly tarball no local data for source-list-map@https://registry.npmjs.org/source-list-map/-/source-list-map-2.0.1.tgz. Extracting by manifest.
5541 silly tarball no local data for @jest/schemas@https://registry.npmjs.org/@jest/schemas/-/schemas-28.1.3.tgz. Extracting by manifest.
5542 silly tarball no local data for @sinclair/typebox@https://registry.npmjs.org/@sinclair/typebox/-/typebox-0.24.51.tgz. Extracting by manifest.
5543 silly tarball no local data for at-least-node@https://registry.npmjs.org/at-least-node/-/at-least-node-1.0.0.tgz. Extracting by manifest.
5544 silly tarball no local data for require-from-string@https://registry.npmjs.org/require-from-string/-/require-from-string-2.0.2.tgz. Extracting by manifest.
5545 silly tarball no local data for wrap-ansi@https://registry.npmjs.org/wrap-ansi/-/wrap-ansi-7.0.0.tgz. Extracting by manifest.
5546 silly tarball no local data for p-try@https://registry.npmjs.org/p-try/-/p-try-2.2.0.tgz. Extracting by manifest.
5547 silly tarball no local data for is-fullwidth-code-point@https://registry.npmjs.org/is-fullwidth-code-point/-/is-fullwidth-code-point-3.0.0.tgz. Extracting by manifest.
5548 silly tarball no local data for ajv-formats@https://registry.npmjs.org/ajv-formats/-/ajv-formats-2.1.1.tgz. Extracting by manifest.
5549 silly tarball no local data for y18n@https://registry.npmjs.org/y18n/-/y18n-5.0.8.tgz. Extracting by manifest.
5550 silly tarball no local data for yargs-parser@https://registry.npmjs.org/yargs-parser/-/yargs-parser-20.2.9.tgz. Extracting by manifest.
5551 silly tarball no local data for require-directory@https://registry.npmjs.org/require-directory/-/require-directory-2.1.1.tgz. Extracting by manifest.
5552 silly tarball no local data for get-caller-file@https://registry.npmjs.org/get-caller-file/-/get-caller-file-2.0.5.tgz. Extracting by manifest.
5553 silly tarball no local data for typedarray-to-buffer@https://registry.npmjs.org/typedarray-to-buffer/-/typedarray-to-buffer-3.1.5.tgz. Extracting by manifest.
5554 silly tarball no local data for @types/trusted-types@https://registry.npmjs.org/@types/trusted-types/-/trusted-types-2.0.7.tgz. Extracting by manifest.
5555 silly tarball no local data for cliui@https://registry.npmjs.org/cliui/-/cliui-7.0.4.tgz. Extracting by manifest.
5556 silly tarball no local data for string-width@https://registry.npmjs.org/string-width/-/string-width-4.2.3.tgz. Extracting by manifest.
5557 silly tarball no local data for is-typedarray@https://registry.npmjs.org/is-typedarray/-/is-typedarray-1.0.0.tgz. Extracting by manifest.
5558 silly tarball no local data for idb@https://registry.npmjs.org/idb/-/idb-7.1.1.tgz. Extracting by manifest.
5559 silly tarball no local data for unique-string@https://registry.npmjs.org/unique-string/-/unique-string-2.0.0.tgz. Extracting by manifest.
5560 silly tarball no local data for temp-dir@https://registry.npmjs.org/temp-dir/-/temp-dir-2.0.0.tgz. Extracting by manifest.
5561 silly tarball no local data for is-regexp@https://registry.npmjs.org/is-regexp/-/is-regexp-1.0.0.tgz. Extracting by manifest.
5562 silly tarball no local data for crypto-random-string@https://registry.npmjs.org/crypto-random-string/-/crypto-random-string-2.0.0.tgz. Extracting by manifest.
5563 silly tarball no local data for is-obj@https://registry.npmjs.org/is-obj/-/is-obj-1.0.1.tgz. Extracting by manifest.
5564 silly tarball no local data for get-own-enumerable-property-symbols@https://registry.npmjs.org/get-own-enumerable-property-symbols/-/get-own-enumerable-property-symbols-3.0.2.tgz. Extracting by manifest.
5565 silly tarball no local data for sourcemap-codec@https://registry.npmjs.org/sourcemap-codec/-/sourcemap-codec-1.4.8.tgz. Extracting by manifest.
5566 silly tarball no local data for async@https://registry.npmjs.org/async/-/async-3.2.5.tgz. Extracting by manifest.
5567 silly tarball no local data for jake@https://registry.npmjs.org/jake/-/jake-10.8.7.tgz. Extracting by manifest.
5568 silly tarball no local data for filelist@https://registry.npmjs.org/filelist/-/filelist-1.0.4.tgz. Extracting by manifest.
5569 silly tarball no local data for @types/resolve@https://registry.npmjs.org/@types/resolve/-/resolve-1.17.1.tgz. Extracting by manifest.
5570 silly tarball no local data for magic-string@https://registry.npmjs.org/magic-string/-/magic-string-0.25.9.tgz. Extracting by manifest.
5571 silly tarball no local data for estree-walker@https://registry.npmjs.org/estree-walker/-/estree-walker-1.0.1.tgz. Extracting by manifest.
5572 silly tarball no local data for ejs@https://registry.npmjs.org/ejs/-/ejs-3.1.9.tgz. Extracting by manifest.
5573 silly tarball no local data for is-module@https://registry.npmjs.org/is-module/-/is-module-1.0.0.tgz. Extracting by manifest.
5574 silly tarball no local data for workbox-window@https://registry.npmjs.org/workbox-window/-/workbox-window-6.6.0.tgz. Extracting by manifest.
5575 silly tarball no local data for builtin-modules@https://registry.npmjs.org/builtin-modules/-/builtin-modules-3.3.0.tgz. Extracting by manifest.
5576 silly tarball no local data for workbox-sw@https://registry.npmjs.org/workbox-sw/-/workbox-sw-6.6.0.tgz. Extracting by manifest.
5577 silly tarball no local data for workbox-strategies@https://registry.npmjs.org/workbox-strategies/-/workbox-strategies-6.6.0.tgz. Extracting by manifest.
5578 silly tarball no local data for @rollup/pluginutils@https://registry.npmjs.org/@rollup/pluginutils/-/pluginutils-3.1.0.tgz. Extracting by manifest.
5579 silly tarball no local data for workbox-streams@https://registry.npmjs.org/workbox-streams/-/workbox-streams-6.6.0.tgz. Extracting by manifest.
5580 silly tarball no local data for workbox-routing@https://registry.npmjs.org/workbox-routing/-/workbox-routing-6.6.0.tgz. Extracting by manifest.
5581 silly tarball no local data for workbox-recipes@https://registry.npmjs.org/workbox-recipes/-/workbox-recipes-6.6.0.tgz. Extracting by manifest.
5582 silly tarball no local data for workbox-range-requests@https://registry.npmjs.org/workbox-range-requests/-/workbox-range-requests-6.6.0.tgz. Extracting by manifest.
5583 silly tarball no local data for workbox-google-analytics@https://registry.npmjs.org/workbox-google-analytics/-/workbox-google-analytics-6.6.0.tgz. Extracting by manifest.
5584 silly tarball no local data for workbox-precaching@https://registry.npmjs.org/workbox-precaching/-/workbox-precaching-6.6.0.tgz. Extracting by manifest.
5585 silly tarball no local data for workbox-core@https://registry.npmjs.org/workbox-core/-/workbox-core-6.6.0.tgz. Extracting by manifest.
5586 silly tarball no local data for workbox-cacheable-response@https://registry.npmjs.org/workbox-cacheable-response/-/workbox-cacheable-response-6.6.0.tgz. Extracting by manifest.
5587 silly tarball no local data for workbox-expiration@https://registry.npmjs.org/workbox-expiration/-/workbox-expiration-6.6.0.tgz. Extracting by manifest.
5588 silly tarball no local data for workbox-navigation-preload@https://registry.npmjs.org/workbox-navigation-preload/-/workbox-navigation-preload-6.6.0.tgz. Extracting by manifest.
5589 silly tarball no local data for workbox-broadcast-update@https://registry.npmjs.org/workbox-broadcast-update/-/workbox-broadcast-update-6.6.0.tgz. Extracting by manifest.
5590 silly tarball no local data for strip-comments@https://registry.npmjs.org/strip-comments/-/strip-comments-2.0.1.tgz. Extracting by manifest.
5591 silly tarball no local data for workbox-background-sync@https://registry.npmjs.org/workbox-background-sync/-/workbox-background-sync-6.6.0.tgz. Extracting by manifest.
5592 silly tarball no local data for rollup-plugin-terser@https://registry.npmjs.org/rollup-plugin-terser/-/rollup-plugin-terser-7.0.2.tgz. Extracting by manifest.
5593 silly tarball no local data for @surma/rollup-plugin-off-main-thread@https://registry.npmjs.org/@surma/rollup-plugin-off-main-thread/-/rollup-plugin-off-main-thread-2.2.3.tgz. Extracting by manifest.
5594 silly tarball no local data for tempy@https://registry.npmjs.org/tempy/-/tempy-0.6.0.tgz. Extracting by manifest.
5595 silly tarball no local data for stringify-object@https://registry.npmjs.org/stringify-object/-/stringify-object-3.3.0.tgz. Extracting by manifest.
5596 silly tarball no local data for @rollup/plugin-replace@https://registry.npmjs.org/@rollup/plugin-replace/-/plugin-replace-2.4.2.tgz. Extracting by manifest.
5597 silly tarball no local data for common-tags@https://registry.npmjs.org/common-tags/-/common-tags-1.8.2.tgz. Extracting by manifest.
5598 silly tarball no local data for @rollup/plugin-babel@https://registry.npmjs.org/@rollup/plugin-babel/-/plugin-babel-5.3.1.tgz. Extracting by manifest.
5599 silly tarball no local data for @rollup/plugin-node-resolve@https://registry.npmjs.org/@rollup/plugin-node-resolve/-/plugin-node-resolve-11.2.1.tgz. Extracting by manifest.
5600 silly tarball no local data for upath@https://registry.npmjs.org/upath/-/upath-1.2.0.tgz. Extracting by manifest.
5601 silly tarball no local data for rollup@https://registry.npmjs.org/rollup/-/rollup-2.79.1.tgz. Extracting by manifest.
5602 silly tarball no local data for workbox-build@https://registry.npmjs.org/workbox-build/-/workbox-build-6.6.0.tgz. Extracting by manifest.
5603 silly tarball no local data for is-weakmap@https://registry.npmjs.org/is-weakmap/-/is-weakmap-2.0.1.tgz. Extracting by manifest.
5604 silly tarball no local data for is-map@https://registry.npmjs.org/is-map/-/is-map-2.0.2.tgz. Extracting by manifest.
5605 silly tarball no local data for pretty-bytes@https://registry.npmjs.org/pretty-bytes/-/pretty-bytes-5.6.0.tgz. Extracting by manifest.
5606 silly tarball no local data for which-collection@https://registry.npmjs.org/which-collection/-/which-collection-1.0.1.tgz. Extracting by manifest.
5607 silly tarball no local data for is-weakset@https://registry.npmjs.org/is-weakset/-/is-weakset-2.0.2.tgz. Extracting by manifest.
5608 silly tarball no local data for is-async-function@https://registry.npmjs.org/is-async-function/-/is-async-function-2.0.0.tgz. Extracting by manifest.
5609 silly tarball no local data for is-set@https://registry.npmjs.org/is-set/-/is-set-2.0.2.tgz. Extracting by manifest.
5610 silly tarball no local data for is-generator-function@https://registry.npmjs.org/is-generator-function/-/is-generator-function-1.0.10.tgz. Extracting by manifest.
5611 silly tarball no local data for is-bigint@https://registry.npmjs.org/is-bigint/-/is-bigint-1.0.4.tgz. Extracting by manifest.
5612 silly tarball no local data for is-finalizationregistry@https://registry.npmjs.org/is-finalizationregistry/-/is-finalizationregistry-1.0.2.tgz. Extracting by manifest.
5613 silly tarball no local data for is-boolean-object@https://registry.npmjs.org/is-boolean-object/-/is-boolean-object-1.1.2.tgz. Extracting by manifest.
5614 silly tarball no local data for tr46@https://registry.npmjs.org/tr46/-/tr46-2.1.0.tgz. Extracting by manifest.
5615 silly tarball no local data for is-number-object@https://registry.npmjs.org/is-number-object/-/is-number-object-1.0.7.tgz. Extracting by manifest.
5616 silly tarball no local data for minimalistic-assert@https://registry.npmjs.org/minimalistic-assert/-/minimalistic-assert-1.0.1.tgz. Extracting by manifest.
5617 silly tarball no local data for http-parser-js@https://registry.npmjs.org/http-parser-js/-/http-parser-js-0.5.8.tgz. Extracting by manifest.
5618 silly tarball no local data for websocket-extensions@https://registry.npmjs.org/websocket-extensions/-/websocket-extensions-0.1.4.tgz. Extracting by manifest.
5619 silly tarball no local data for wbuf@https://registry.npmjs.org/wbuf/-/wbuf-1.7.3.tgz. Extracting by manifest.
5620 silly tarball no local data for media-typer@https://registry.npmjs.org/media-typer/-/media-typer-0.3.0.tgz. Extracting by manifest.
5621 silly tarball no local data for string_decoder@https://registry.npmjs.org/string_decoder/-/string_decoder-1.3.0.tgz. Extracting by manifest.
5622 silly tarball no local data for readable-stream@https://registry.npmjs.org/readable-stream/-/readable-stream-3.6.2.tgz. Extracting by manifest.
5623 silly tarball no local data for obuf@https://registry.npmjs.org/obuf/-/obuf-1.1.2.tgz. Extracting by manifest.
5624 silly tarball no local data for hpack.js@https://registry.npmjs.org/hpack.js/-/hpack.js-2.1.6.tgz. Extracting by manifest.
5625 silly tarball no local data for detect-node@https://registry.npmjs.org/detect-node/-/detect-node-2.1.0.tgz. Extracting by manifest.
5626 silly tarball no local data for select-hose@https://registry.npmjs.org/select-hose/-/select-hose-2.0.0.tgz. Extracting by manifest.
5627 silly tarball no local data for spdy-transport@https://registry.npmjs.org/spdy-transport/-/spdy-transport-3.0.0.tgz. Extracting by manifest.
5628 silly tarball no local data for http-deceiver@https://registry.npmjs.org/http-deceiver/-/http-deceiver-1.2.7.tgz. Extracting by manifest.
5629 silly tarball no local data for uuid@https://registry.npmjs.org/uuid/-/uuid-8.3.2.tgz. Extracting by manifest.
5630 silly tarball no local data for faye-websocket@https://registry.npmjs.org/faye-websocket/-/faye-websocket-0.11.4.tgz. Extracting by manifest.
5631 silly tarball no local data for websocket-driver@https://registry.npmjs.org/websocket-driver/-/websocket-driver-0.7.4.tgz. Extracting by manifest.
5632 silly tarball no local data for forwarded@https://registry.npmjs.org/forwarded/-/forwarded-0.2.0.tgz. Extracting by manifest.
5633 silly tarball no local data for batch@https://registry.npmjs.org/batch/-/batch-0.6.1.tgz. Extracting by manifest.
5634 silly tarball no local data for handle-thing@https://registry.npmjs.org/handle-thing/-/handle-thing-2.0.1.tgz. Extracting by manifest.
5635 silly tarball no local data for @types/node-forge@https://registry.npmjs.org/@types/node-forge/-/node-forge-1.3.10.tgz. Extracting by manifest.
5636 silly tarball no local data for mime@https://registry.npmjs.org/mime/-/mime-1.6.0.tgz. Extracting by manifest.
5637 silly tarball no local data for node-forge@https://registry.npmjs.org/node-forge/-/node-forge-1.3.1.tgz. Extracting by manifest.
5638 silly tarball no local data for ee-first@https://registry.npmjs.org/ee-first/-/ee-first-1.1.1.tgz. Extracting by manifest.
5639 silly tarball no local data for thunky@https://registry.npmjs.org/thunky/-/thunky-1.1.0.tgz. Extracting by manifest.
5640 silly tarball no local data for @types/retry@https://registry.npmjs.org/@types/retry/-/retry-0.12.0.tgz. Extracting by manifest.
5641 silly tarball no local data for dns-packet@https://registry.npmjs.org/dns-packet/-/dns-packet-5.6.1.tgz. Extracting by manifest.
5642 silly tarball no local data for @leichtgewicht/ip-codec@https://registry.npmjs.org/@leichtgewicht/ip-codec/-/ip-codec-2.0.4.tgz. Extracting by manifest.
5643 silly tarball no local data for retry@https://registry.npmjs.org/retry/-/retry-0.13.1.tgz. Extracting by manifest.
5644 silly tarball no local data for eventemitter3@https://registry.npmjs.org/eventemitter3/-/eventemitter3-4.0.7.tgz. Extracting by manifest.
5645 silly tarball no local data for follow-redirects@https://registry.npmjs.org/follow-redirects/-/follow-redirects-1.15.3.tgz. Extracting by manifest.
5646 silly tarball no local data for http-proxy@https://registry.npmjs.org/http-proxy/-/http-proxy-1.18.1.tgz. Extracting by manifest.
5647 silly tarball no local data for is-plain-obj@https://registry.npmjs.org/is-plain-obj/-/is-plain-obj-3.0.0.tgz. Extracting by manifest.
5648 silly tarball no local data for @types/http-proxy@https://registry.npmjs.org/@types/http-proxy/-/http-proxy-1.17.14.tgz. Extracting by manifest.
5649 silly tarball no local data for unpipe@https://registry.npmjs.org/unpipe/-/unpipe-1.0.0.tgz. Extracting by manifest.
5650 silly tarball no local data for toidentifier@https://registry.npmjs.org/toidentifier/-/toidentifier-1.0.1.tgz. Extracting by manifest.
5651 silly tarball no local data for utils-merge@https://registry.npmjs.org/utils-merge/-/utils-merge-1.0.1.tgz. Extracting by manifest.
5652 silly tarball no local data for destroy@https://registry.npmjs.org/destroy/-/destroy-1.2.0.tgz. Extracting by manifest.
5653 silly tarball no local data for serve-static@https://registry.npmjs.org/serve-static/-/serve-static-1.15.0.tgz. Extracting by manifest.
5654 silly tarball no local data for raw-body@https://registry.npmjs.org/raw-body/-/raw-body-2.5.1.tgz. Extracting by manifest.
5655 silly tarball no local data for type-is@https://registry.npmjs.org/type-is/-/type-is-1.6.18.tgz. Extracting by manifest.
5656 silly tarball no local data for statuses@https://registry.npmjs.org/statuses/-/statuses-2.0.1.tgz. Extracting by manifest.
5657 silly tarball no local data for send@https://registry.npmjs.org/send/-/send-0.18.0.tgz. Extracting by manifest.
5658 silly tarball no local data for qs@https://registry.npmjs.org/qs/-/qs-6.11.0.tgz. Extracting by manifest.
5659 silly tarball no local data for setprototypeof@https://registry.npmjs.org/setprototypeof/-/setprototypeof-1.2.0.tgz. Extracting by manifest.
5660 silly tarball no local data for range-parser@https://registry.npmjs.org/range-parser/-/range-parser-1.2.1.tgz. Extracting by manifest.
5661 silly tarball no local data for on-finished@https://registry.npmjs.org/on-finished/-/on-finished-2.4.1.tgz. Extracting by manifest.
5662 silly tarball no local data for path-to-regexp@https://registry.npmjs.org/path-to-regexp/-/path-to-regexp-0.1.7.tgz. Extracting by manifest.
5663 silly tarball no local data for proxy-addr@https://registry.npmjs.org/proxy-addr/-/proxy-addr-2.0.7.tgz. Extracting by manifest.
5664 silly tarball no local data for methods@https://registry.npmjs.org/methods/-/methods-1.1.2.tgz. Extracting by manifest.
5665 silly tarball no local data for parseurl@https://registry.npmjs.org/parseurl/-/parseurl-1.3.3.tgz. Extracting by manifest.
5666 silly tarball no local data for merge-descriptors@https://registry.npmjs.org/merge-descriptors/-/merge-descriptors-1.0.1.tgz. Extracting by manifest.
5667 silly tarball no local data for http-errors@https://registry.npmjs.org/http-errors/-/http-errors-2.0.0.tgz. Extracting by manifest.
5668 silly tarball no local data for finalhandler@https://registry.npmjs.org/finalhandler/-/finalhandler-1.2.0.tgz. Extracting by manifest.
5669 silly tarball no local data for fresh@https://registry.npmjs.org/fresh/-/fresh-0.5.2.tgz. Extracting by manifest.
5670 silly tarball no local data for etag@https://registry.npmjs.org/etag/-/etag-1.8.1.tgz. Extracting by manifest.
5671 silly tarball no local data for escape-html@https://registry.npmjs.org/escape-html/-/escape-html-1.0.3.tgz. Extracting by manifest.
5672 silly tarball no local data for depd@https://registry.npmjs.org/depd/-/depd-2.0.0.tgz. Extracting by manifest.
5673 silly tarball no local data for encodeurl@https://registry.npmjs.org/encodeurl/-/encodeurl-1.0.2.tgz. Extracting by manifest.
5674 silly tarball no local data for content-disposition@https://registry.npmjs.org/content-disposition/-/content-disposition-0.5.4.tgz. Extracting by manifest.
5675 silly tarball no local data for content-type@https://registry.npmjs.org/content-type/-/content-type-1.0.5.tgz. Extracting by manifest.
5676 silly tarball no local data for body-parser@https://registry.npmjs.org/body-parser/-/body-parser-1.20.1.tgz. Extracting by manifest.
5677 silly tarball no local data for cookie@https://registry.npmjs.org/cookie/-/cookie-0.5.0.tgz. Extracting by manifest.
5678 silly tarball no local data for cookie-signature@https://registry.npmjs.org/cookie-signature/-/cookie-signature-1.0.6.tgz. Extracting by manifest.
5679 silly tarball no local data for vary@https://registry.npmjs.org/vary/-/vary-1.1.2.tgz. Extracting by manifest.
5680 silly tarball no local data for negotiator@https://registry.npmjs.org/negotiator/-/negotiator-0.6.3.tgz. Extracting by manifest.
5681 silly tarball no local data for accepts@https://registry.npmjs.org/accepts/-/accepts-1.3.8.tgz. Extracting by manifest.
5682 silly tarball no local data for multicast-dns@https://registry.npmjs.org/multicast-dns/-/multicast-dns-7.2.5.tgz. Extracting by manifest.
5683 silly tarball no local data for bytes@https://registry.npmjs.org/bytes/-/bytes-3.0.0.tgz. Extracting by manifest.
5684 silly tarball no local data for on-headers@https://registry.npmjs.org/on-headers/-/on-headers-1.0.2.tgz. Extracting by manifest.
5685 silly tarball no local data for dns-equal@https://registry.npmjs.org/dns-equal/-/dns-equal-1.0.0.tgz. Extracting by manifest.
5686 silly tarball no local data for @types/mime@https://registry.npmjs.org/@types/mime/-/mime-1.3.5.tgz. Extracting by manifest.
5687 silly tarball no local data for @types/send@https://registry.npmjs.org/@types/send/-/send-0.17.4.tgz. Extracting by manifest.
5688 silly tarball no local data for compressible@https://registry.npmjs.org/compressible/-/compressible-2.0.18.tgz. Extracting by manifest.
5689 silly tarball no local data for array-flatten@https://registry.npmjs.org/array-flatten/-/array-flatten-2.1.2.tgz. Extracting by manifest.
5690 silly tarball no local data for @types/http-errors@https://registry.npmjs.org/@types/http-errors/-/http-errors-2.0.4.tgz. Extracting by manifest.
5691 silly tarball no local data for @types/connect@https://registry.npmjs.org/@types/connect/-/connect-3.4.38.tgz. Extracting by manifest.
5692 silly tarball no local data for @types/qs@https://registry.npmjs.org/@types/qs/-/qs-6.9.10.tgz. Extracting by manifest.
5693 silly tarball no local data for @types/express-serve-static-core@https://registry.npmjs.org/@types/express-serve-static-core/-/express-serve-static-core-4.17.41.tgz. Extracting by manifest.
5694 silly tarball no local data for @types/body-parser@https://registry.npmjs.org/@types/body-parser/-/body-parser-1.19.5.tgz. Extracting by manifest.
5695 silly tarball no local data for @types/range-parser@https://registry.npmjs.org/@types/range-parser/-/range-parser-1.2.7.tgz. Extracting by manifest.
5696 silly tarball no local data for webpack-dev-middleware@https://registry.npmjs.org/webpack-dev-middleware/-/webpack-dev-middleware-5.3.3.tgz. Extracting by manifest.
5697 silly tarball no local data for spdy@https://registry.npmjs.org/spdy/-/spdy-4.0.2.tgz. Extracting by manifest.
5698 silly tarball no local data for sockjs@https://registry.npmjs.org/sockjs/-/sockjs-0.3.24.tgz. Extracting by manifest.
5699 silly tarball no local data for serve-index@https://registry.npmjs.org/serve-index/-/serve-index-1.9.1.tgz. Extracting by manifest.
5700 silly tarball no local data for launch-editor@https://registry.npmjs.org/launch-editor/-/launch-editor-2.6.1.tgz. Extracting by manifest.
5701 silly tarball no local data for selfsigned@https://registry.npmjs.org/selfsigned/-/selfsigned-2.4.1.tgz. Extracting by manifest.
5702 silly tarball no local data for http-proxy-middleware@https://registry.npmjs.org/http-proxy-middleware/-/http-proxy-middleware-2.0.6.tgz. Extracting by manifest.
5703 silly tarball no local data for ipaddr.js@https://registry.npmjs.org/ipaddr.js/-/ipaddr.js-2.1.0.tgz. Extracting by manifest.
5704 silly tarball no local data for express@https://registry.npmjs.org/express/-/express-4.18.2.tgz. Extracting by manifest.
5705 silly tarball no local data for p-retry@https://registry.npmjs.org/p-retry/-/p-retry-4.6.2.tgz. Extracting by manifest.
5706 silly tarball no local data for default-gateway@https://registry.npmjs.org/default-gateway/-/default-gateway-6.0.3.tgz. Extracting by manifest.
5707 silly tarball no local data for connect-history-api-fallback@https://registry.npmjs.org/connect-history-api-fallback/-/connect-history-api-fallback-2.0.0.tgz. Extracting by manifest.
5708 silly tarball no local data for colorette@https://registry.npmjs.org/colorette/-/colorette-2.0.20.tgz. Extracting by manifest.
5709 silly tarball no local data for compression@https://registry.npmjs.org/compression/-/compression-1.7.4.tgz. Extracting by manifest.
5710 silly tarball no local data for @types/ws@https://registry.npmjs.org/@types/ws/-/ws-8.5.10.tgz. Extracting by manifest.
5711 silly tarball no local data for @types/serve-index@https://registry.npmjs.org/@types/serve-index/-/serve-index-1.9.4.tgz. Extracting by manifest.
5712 silly tarball no local data for @types/sockjs@https://registry.npmjs.org/@types/sockjs/-/sockjs-0.3.36.tgz. Extracting by manifest.
5713 silly tarball no local data for bonjour-service@https://registry.npmjs.org/bonjour-service/-/bonjour-service-1.1.1.tgz. Extracting by manifest.
5714 silly tarball no local data for @types/serve-static@https://registry.npmjs.org/@types/serve-static/-/serve-static-1.15.5.tgz. Extracting by manifest.
5715 silly tarball no local data for @xtuc/ieee754@https://registry.npmjs.org/@xtuc/ieee754/-/ieee754-1.2.0.tgz. Extracting by manifest.
5716 silly tarball no local data for @types/express@https://registry.npmjs.org/@types/express/-/express-4.17.21.tgz. Extracting by manifest.
5717 silly tarball no local data for @types/bonjour@https://registry.npmjs.org/@types/bonjour/-/bonjour-3.5.13.tgz. Extracting by manifest.
5718 silly tarball no local data for @webassemblyjs/leb128@https://registry.npmjs.org/@webassemblyjs/leb128/-/leb128-1.11.6.tgz. Extracting by manifest.
5719 silly tarball no local data for @webassemblyjs/ieee754@https://registry.npmjs.org/@webassemblyjs/ieee754/-/ieee754-1.11.6.tgz. Extracting by manifest.
5720 silly tarball no local data for @webassemblyjs/wasm-opt@https://registry.npmjs.org/@webassemblyjs/wasm-opt/-/wasm-opt-1.11.6.tgz. Extracting by manifest.
5721 silly tarball no local data for @types/connect-history-api-fallback@https://registry.npmjs.org/@types/connect-history-api-fallback/-/connect-history-api-fallback-1.5.4.tgz. Extracting by manifest.
5722 silly tarball no local data for @webassemblyjs/wasm-gen@https://registry.npmjs.org/@webassemblyjs/wasm-gen/-/wasm-gen-1.11.6.tgz. Extracting by manifest.
5723 silly tarball no local data for @webassemblyjs/utf8@https://registry.npmjs.org/@webassemblyjs/utf8/-/utf8-1.11.6.tgz. Extracting by manifest.
5724 silly tarball no local data for @webassemblyjs/helper-wasm-section@https://registry.npmjs.org/@webassemblyjs/helper-wasm-section/-/helper-wasm-section-1.11.6.tgz. Extracting by manifest.
5725 silly tarball no local data for @webassemblyjs/wast-printer@https://registry.npmjs.org/@webassemblyjs/wast-printer/-/wast-printer-1.11.6.tgz. Extracting by manifest.
5726 silly tarball no local data for @webassemblyjs/helper-buffer@https://registry.npmjs.org/@webassemblyjs/helper-buffer/-/helper-buffer-1.11.6.tgz. Extracting by manifest.
5727 silly tarball no local data for @webassemblyjs/helper-api-error@https://registry.npmjs.org/@webassemblyjs/helper-api-error/-/helper-api-error-1.11.6.tgz. Extracting by manifest.
5728 silly tarball no local data for @xtuc/long@https://registry.npmjs.org/@xtuc/long/-/long-4.2.2.tgz. Extracting by manifest.
5729 silly tarball no local data for @webassemblyjs/floating-point-hex-parser@https://registry.npmjs.org/@webassemblyjs/floating-point-hex-parser/-/floating-point-hex-parser-1.11.6.tgz. Extracting by manifest.
5730 silly tarball no local data for @webassemblyjs/helper-wasm-bytecode@https://registry.npmjs.org/@webassemblyjs/helper-wasm-bytecode/-/helper-wasm-bytecode-1.11.6.tgz. Extracting by manifest.
5731 silly tarball no local data for loader-runner@https://registry.npmjs.org/loader-runner/-/loader-runner-4.3.0.tgz. Extracting by manifest.
5732 silly tarball no local data for @webassemblyjs/helper-numbers@https://registry.npmjs.org/@webassemblyjs/helper-numbers/-/helper-numbers-1.11.6.tgz. Extracting by manifest.
5733 silly tarball no local data for watchpack@https://registry.npmjs.org/watchpack/-/watchpack-2.4.0.tgz. Extracting by manifest.
5734 silly tarball no local data for glob-to-regexp@https://registry.npmjs.org/glob-to-regexp/-/glob-to-regexp-0.4.1.tgz. Extracting by manifest.
5735 silly tarball no local data for webpack-sources@https://registry.npmjs.org/webpack-sources/-/webpack-sources-3.2.3.tgz. Extracting by manifest.
5736 silly tarball no local data for events@https://registry.npmjs.org/events/-/events-3.3.0.tgz. Extracting by manifest.
5737 silly tarball no local data for @webassemblyjs/wasm-parser@https://registry.npmjs.org/@webassemblyjs/wasm-parser/-/wasm-parser-1.11.6.tgz. Extracting by manifest.
5738 silly tarball no local data for es-module-lexer@https://registry.npmjs.org/es-module-lexer/-/es-module-lexer-1.4.1.tgz. Extracting by manifest.
5739 silly tarball no local data for chrome-trace-event@https://registry.npmjs.org/chrome-trace-event/-/chrome-trace-event-1.0.3.tgz. Extracting by manifest.
5740 silly tarball no local data for acorn-import-assertions@https://registry.npmjs.org/acorn-import-assertions/-/acorn-import-assertions-1.9.0.tgz. Extracting by manifest.
5741 silly tarball no local data for @types/eslint-scope@https://registry.npmjs.org/@types/eslint-scope/-/eslint-scope-3.7.7.tgz. Extracting by manifest.
5742 silly tarball no local data for @webassemblyjs/ast@https://registry.npmjs.org/@webassemblyjs/ast/-/ast-1.11.6.tgz. Extracting by manifest.
5743 silly tarball no local data for enhanced-resolve@https://registry.npmjs.org/enhanced-resolve/-/enhanced-resolve-5.15.0.tgz. Extracting by manifest.
5744 silly tarball no local data for tmpl@https://registry.npmjs.org/tmpl/-/tmpl-1.0.5.tgz. Extracting by manifest.
5745 silly tarball no local data for array.prototype.reduce@https://registry.npmjs.org/array.prototype.reduce/-/array.prototype.reduce-1.0.6.tgz. Extracting by manifest.
5746 silly tarball no local data for makeerror@https://registry.npmjs.org/makeerror/-/makeerror-1.0.12.tgz. Extracting by manifest.
5747 silly tarball no local data for browser-process-hrtime@https://registry.npmjs.org/browser-process-hrtime/-/browser-process-hrtime-1.0.0.tgz. Extracting by manifest.
5748 silly tarball no local data for es-array-method-boxes-properly@https://registry.npmjs.org/es-array-method-boxes-properly/-/es-array-method-boxes-properly-1.0.0.tgz. Extracting by manifest.
5749 silly tarball no local data for requires-port@https://registry.npmjs.org/requires-port/-/requires-port-1.0.0.tgz. Extracting by manifest.
5750 silly tarball no local data for querystringify@https://registry.npmjs.org/querystringify/-/querystringify-2.2.0.tgz. Extracting by manifest.
5751 silly tarball no local data for object.getownpropertydescriptors@https://registry.npmjs.org/object.getownpropertydescriptors/-/object.getownpropertydescriptors-2.1.7.tgz. Extracting by manifest.
5752 silly tarball no local data for escalade@https://registry.npmjs.org/escalade/-/escalade-3.1.1.tgz. Extracting by manifest.
5753 silly tarball no local data for which-boxed-primitive@https://registry.npmjs.org/which-boxed-primitive/-/which-boxed-primitive-1.0.2.tgz. Extracting by manifest.
5754 silly tarball no local data for @webassemblyjs/wasm-edit@https://registry.npmjs.org/@webassemblyjs/wasm-edit/-/wasm-edit-1.11.6.tgz. Extracting by manifest.
5755 silly tarball no local data for unicode-canonical-property-names-ecmascript@https://registry.npmjs.org/unicode-canonical-property-names-ecmascript/-/unicode-canonical-property-names-ecmascript-2.0.0.tgz. Extracting by manifest.
5756 silly tarball no local data for has-bigints@https://registry.npmjs.org/has-bigints/-/has-bigints-1.0.2.tgz. Extracting by manifest.
5757 silly tarball no local data for unicode-property-aliases-ecmascript@https://registry.npmjs.org/unicode-property-aliases-ecmascript/-/unicode-property-aliases-ecmascript-2.1.0.tgz. Extracting by manifest.
5758 silly tarball no local data for @types/json5@https://registry.npmjs.org/@types/json5/-/json5-0.0.29.tgz. Extracting by manifest.
5759 silly tarball no local data for for-each@https://registry.npmjs.org/for-each/-/for-each-0.3.3.tgz. Extracting by manifest.
5760 silly tarball no local data for url-parse@https://registry.npmjs.org/url-parse/-/url-parse-1.5.10.tgz. Extracting by manifest.
5761 silly tarball no local data for psl@https://registry.npmjs.org/psl/-/psl-1.9.0.tgz. Extracting by manifest.
5762 silly tarball no local data for punycode@https://registry.npmjs.org/punycode/-/punycode-2.3.1.tgz. Extracting by manifest.
5763 silly tarball no local data for is-number@https://registry.npmjs.org/is-number/-/is-number-7.0.0.tgz. Extracting by manifest.
5764 silly tarball no local data for thenify@https://registry.npmjs.org/thenify/-/thenify-3.3.1.tgz. Extracting by manifest.
5765 silly tarball no local data for thenify-all@https://registry.npmjs.org/thenify-all/-/thenify-all-1.6.0.tgz. Extracting by manifest.
5766 silly tarball no local data for any-promise@https://registry.npmjs.org/any-promise/-/any-promise-1.3.0.tgz. Extracting by manifest.
5767 silly tarball no local data for @jridgewell/source-map@https://registry.npmjs.org/@jridgewell/source-map/-/source-map-0.3.5.tgz. Extracting by manifest.
5768 silly tarball no local data for mz@https://registry.npmjs.org/mz/-/mz-2.7.0.tgz. Extracting by manifest.
5769 silly tarball no local data for ts-interface-checker@https://registry.npmjs.org/ts-interface-checker/-/ts-interface-checker-0.1.13.tgz. Extracting by manifest.
5770 silly tarball no local data for supports-hyperlinks@https://registry.npmjs.org/supports-hyperlinks/-/supports-hyperlinks-2.3.0.tgz. Extracting by manifest.
5771 silly tarball no local data for read-cache@https://registry.npmjs.org/read-cache/-/read-cache-1.0.0.tgz. Extracting by manifest.
5772 silly tarball no local data for pify@https://registry.npmjs.org/pify/-/pify-2.3.0.tgz. Extracting by manifest.
5773 silly tarball no local data for camelcase-css@https://registry.npmjs.org/camelcase-css/-/camelcase-css-2.0.1.tgz. Extracting by manifest.
5774 silly tarball no local data for postcss-nested@https://registry.npmjs.org/postcss-nested/-/postcss-nested-6.0.1.tgz. Extracting by manifest.
5775 silly tarball no local data for sucrase@https://registry.npmjs.org/sucrase/-/sucrase-3.34.0.tgz. Extracting by manifest.
5776 silly tarball no local data for postcss-import@https://registry.npmjs.org/postcss-import/-/postcss-import-15.1.0.tgz. Extracting by manifest.
5777 silly tarball no local data for postcss-js@https://registry.npmjs.org/postcss-js/-/postcss-js-4.0.1.tgz. Extracting by manifest.
5778 silly tarball no local data for jiti@https://registry.npmjs.org/jiti/-/jiti-1.21.0.tgz. Extracting by manifest.
5779 silly tarball no local data for object-hash@https://registry.npmjs.org/object-hash/-/object-hash-3.0.0.tgz. Extracting by manifest.
5780 silly tarball no local data for postcss-load-config@https://registry.npmjs.org/postcss-load-config/-/postcss-load-config-4.0.2.tgz. Extracting by manifest.
5781 silly tarball no local data for dlv@https://registry.npmjs.org/dlv/-/dlv-1.1.3.tgz. Extracting by manifest.
5782 silly tarball no local data for @alloc/quick-lru@https://registry.npmjs.org/@alloc/quick-lru/-/quick-lru-5.2.0.tgz. Extracting by manifest.
5783 silly tarball no local data for didyoumean@https://registry.npmjs.org/didyoumean/-/didyoumean-1.2.2.tgz. Extracting by manifest.
5784 silly tarball no local data for mdn-data@https://registry.npmjs.org/mdn-data/-/mdn-data-2.0.4.tgz. Extracting by manifest.
5785 silly tarball no local data for @types/q@https://registry.npmjs.org/@types/q/-/q-1.5.8.tgz. Extracting by manifest.
5786 silly tarball no local data for arg@https://registry.npmjs.org/arg/-/arg-5.0.2.tgz. Extracting by manifest.
5787 silly tarball no local data for util.promisify@https://registry.npmjs.org/util.promisify/-/util.promisify-1.0.1.tgz. Extracting by manifest.
5788 silly tarball no local data for q@https://registry.npmjs.org/q/-/q-1.5.1.tgz. Extracting by manifest.
5789 silly tarball no local data for unquote@https://registry.npmjs.org/unquote/-/unquote-1.1.1.tgz. Extracting by manifest.
5790 silly tarball no local data for sax@https://registry.npmjs.org/sax/-/sax-1.2.4.tgz. Extracting by manifest.
5791 silly tarball no local data for csso@https://registry.npmjs.org/csso/-/csso-4.2.0.tgz. Extracting by manifest.
5792 silly tarball no local data for stable@https://registry.npmjs.org/stable/-/stable-0.1.8.tgz. Extracting by manifest.
5793 silly tarball no local data for css-tree@https://registry.npmjs.org/css-tree/-/css-tree-1.0.0-alpha.37.tgz. Extracting by manifest.
5794 silly tarball no local data for coa@https://registry.npmjs.org/coa/-/coa-2.0.2.tgz. Extracting by manifest.
5795 silly tarball no local data for css-select-base-adapter@https://registry.npmjs.org/css-select-base-adapter/-/css-select-base-adapter-0.1.1.tgz. Extracting by manifest.
5796 silly tarball no local data for has-flag@https://registry.npmjs.org/has-flag/-/has-flag-3.0.0.tgz. Extracting by manifest.
5797 silly tarball no local data for char-regex@https://registry.npmjs.org/char-regex/-/char-regex-1.0.2.tgz. Extracting by manifest.
5798 silly tarball no local data for buffer-from@https://registry.npmjs.org/buffer-from/-/buffer-from-1.1.2.tgz. Extracting by manifest.
5799 silly tarball no local data for safer-buffer@https://registry.npmjs.org/safer-buffer/-/safer-buffer-2.1.2.tgz. Extracting by manifest.
5800 silly tarball no local data for iconv-lite@https://registry.npmjs.org/iconv-lite/-/iconv-lite-0.6.3.tgz. Extracting by manifest.
5801 silly tarball no local data for safe-buffer@https://registry.npmjs.org/safe-buffer/-/safe-buffer-5.2.1.tgz. Extracting by manifest.
5802 silly tarball no local data for ajv-keywords@https://registry.npmjs.org/ajv-keywords/-/ajv-keywords-3.5.2.tgz. Extracting by manifest.
5803 silly tarball no local data for xmlchars@https://registry.npmjs.org/xmlchars/-/xmlchars-2.2.0.tgz. Extracting by manifest.
5804 silly tarball no local data for randombytes@https://registry.npmjs.org/randombytes/-/randombytes-2.1.0.tgz. Extracting by manifest.
5805 silly tarball no local data for neo-async@https://registry.npmjs.org/neo-async/-/neo-async-2.6.2.tgz. Extracting by manifest.
5806 silly tarball no local data for isarray@https://registry.npmjs.org/isarray/-/isarray-2.0.5.tgz. Extracting by manifest.
5807 silly tarball no local data for queue-microtask@https://registry.npmjs.org/queue-microtask/-/queue-microtask-1.2.3.tgz. Extracting by manifest.
5808 silly tarball no local data for regex-parser@https://registry.npmjs.org/regex-parser/-/regex-parser-2.2.11.tgz. Extracting by manifest.
5809 silly tarball no local data for adjust-sourcemap-loader@https://registry.npmjs.org/adjust-sourcemap-loader/-/adjust-sourcemap-loader-4.0.0.tgz. Extracting by manifest.
5810 silly tarball no local data for supports-preserve-symlinks-flag@https://registry.npmjs.org/supports-preserve-symlinks-flag/-/supports-preserve-symlinks-flag-1.0.0.tgz. Extracting by manifest.
5811 silly tarball no local data for path-parse@https://registry.npmjs.org/path-parse/-/path-parse-1.0.7.tgz. Extracting by manifest.
5812 silly tarball no local data for domelementtype@https://registry.npmjs.org/domelementtype/-/domelementtype-2.3.0.tgz. Extracting by manifest.
5813 silly tarball no local data for dom-serializer@https://registry.npmjs.org/dom-serializer/-/dom-serializer-1.4.1.tgz. Extracting by manifest.
5814 silly tarball no local data for entities@https://registry.npmjs.org/entities/-/entities-2.2.0.tgz. Extracting by manifest.
5815 silly tarball no local data for utila@https://registry.npmjs.org/utila/-/utila-0.4.0.tgz. Extracting by manifest.
5816 silly tarball no local data for domutils@https://registry.npmjs.org/domutils/-/domutils-2.8.0.tgz. Extracting by manifest.
5817 silly tarball no local data for css-what@https://registry.npmjs.org/css-what/-/css-what-6.1.0.tgz. Extracting by manifest.
5818 silly tarball no local data for nth-check@https://registry.npmjs.org/nth-check/-/nth-check-2.1.1.tgz. Extracting by manifest.
5819 silly tarball no local data for domhandler@https://registry.npmjs.org/domhandler/-/domhandler-4.3.1.tgz. Extracting by manifest.
5820 silly tarball no local data for dom-converter@https://registry.npmjs.org/dom-converter/-/dom-converter-0.2.0.tgz. Extracting by manifest.
5821 silly tarball no local data for boolbase@https://registry.npmjs.org/boolbase/-/boolbase-1.0.0.tgz. Extracting by manifest.
5822 silly tarball no local data for htmlparser2@https://registry.npmjs.org/htmlparser2/-/htmlparser2-6.1.0.tgz. Extracting by manifest.
5823 silly tarball no local data for unicode-match-property-ecmascript@https://registry.npmjs.org/unicode-match-property-ecmascript/-/unicode-match-property-ecmascript-2.0.0.tgz. Extracting by manifest.
5824 silly tarball no local data for css-select@https://registry.npmjs.org/css-select/-/css-select-4.3.0.tgz. Extracting by manifest.
5825 silly tarball no local data for unicode-match-property-value-ecmascript@https://registry.npmjs.org/unicode-match-property-value-ecmascript/-/unicode-match-property-value-ecmascript-2.1.0.tgz. Extracting by manifest.
5826 silly tarball no local data for @babel/regjsgen@https://registry.npmjs.org/@babel/regjsgen/-/regjsgen-0.8.0.tgz. Extracting by manifest.
5827 silly tarball no local data for regenerate@https://registry.npmjs.org/regenerate/-/regenerate-1.4.2.tgz. Extracting by manifest.
5828 silly tarball no local data for regenerate-unicode-properties@https://registry.npmjs.org/regenerate-unicode-properties/-/regenerate-unicode-properties-10.1.1.tgz. Extracting by manifest.
5829 silly tarball no local data for which-builtin-type@https://registry.npmjs.org/which-builtin-type/-/which-builtin-type-1.1.3.tgz. Extracting by manifest.
5830 silly tarball no local data for is-wsl@https://registry.npmjs.org/is-wsl/-/is-wsl-2.2.0.tgz. Extracting by manifest.
5831 silly tarball no local data for regjsparser@https://registry.npmjs.org/regjsparser/-/regjsparser-0.9.1.tgz. Extracting by manifest.
5832 silly tarball no local data for is-docker@https://registry.npmjs.org/is-docker/-/is-docker-2.2.1.tgz. Extracting by manifest.
5833 silly tarball no local data for fs-monkey@https://registry.npmjs.org/fs-monkey/-/fs-monkey-1.0.5.tgz. Extracting by manifest.
5834 silly tarball no local data for define-lazy-prop@https://registry.npmjs.org/define-lazy-prop/-/define-lazy-prop-2.0.0.tgz. Extracting by manifest.
5835 silly tarball no local data for ini@https://registry.npmjs.org/ini/-/ini-1.3.8.tgz. Extracting by manifest.
5836 silly tarball no local data for binary-extensions@https://registry.npmjs.org/binary-extensions/-/binary-extensions-2.2.0.tgz. Extracting by manifest.
5837 silly tarball no local data for duplexer@https://registry.npmjs.org/duplexer/-/duplexer-0.1.2.tgz. Extracting by manifest.
5838 silly tarball no local data for readdirp@https://registry.npmjs.org/readdirp/-/readdirp-3.6.0.tgz. Extracting by manifest.
5839 silly tarball no local data for kind-of@https://registry.npmjs.org/kind-of/-/kind-of-6.0.3.tgz. Extracting by manifest.
5840 silly tarball no local data for global-prefix@https://registry.npmjs.org/global-prefix/-/global-prefix-3.0.0.tgz. Extracting by manifest.
5841 silly tarball no local data for memfs@https://registry.npmjs.org/memfs/-/memfs-3.5.3.tgz. Extracting by manifest.
5842 silly tarball no local data for is-binary-path@https://registry.npmjs.org/is-binary-path/-/is-binary-path-2.1.0.tgz. Extracting by manifest.
5843 silly tarball no local data for recursive-readdir@https://registry.npmjs.org/recursive-readdir/-/recursive-readdir-2.2.3.tgz. Extracting by manifest.
5844 silly tarball no local data for chokidar@https://registry.npmjs.org/chokidar/-/chokidar-3.5.3.tgz. Extracting by manifest.
5845 silly tarball no local data for shell-quote@https://registry.npmjs.org/shell-quote/-/shell-quote-1.8.1.tgz. Extracting by manifest.
5846 silly tarball no local data for pkg-up@https://registry.npmjs.org/pkg-up/-/pkg-up-3.1.0.tgz. Extracting by manifest.
5847 silly tarball no local data for immer@https://registry.npmjs.org/immer/-/immer-9.0.21.tgz. Extracting by manifest.
5848 silly tarball no local data for react-error-overlay@https://registry.npmjs.org/react-error-overlay/-/react-error-overlay-6.0.11.tgz. Extracting by manifest.
5849 silly tarball no local data for open@https://registry.npmjs.org/open/-/open-8.4.2.tgz. Extracting by manifest.
5850 silly tarball no local data for gzip-size@https://registry.npmjs.org/gzip-size/-/gzip-size-6.0.0.tgz. Extracting by manifest.
5851 silly tarball no local data for is-root@https://registry.npmjs.org/is-root/-/is-root-2.1.0.tgz. Extracting by manifest.
5852 silly tarball no local data for global-modules@https://registry.npmjs.org/global-modules/-/global-modules-2.0.0.tgz. Extracting by manifest.
5853 silly tarball no local data for filesize@https://registry.npmjs.org/filesize/-/filesize-8.0.7.tgz. Extracting by manifest.
5854 silly tarball no local data for fork-ts-checker-webpack-plugin@https://registry.npmjs.org/fork-ts-checker-webpack-plugin/-/fork-ts-checker-webpack-plugin-6.5.3.tgz. Extracting by manifest.
5855 silly tarball no local data for detect-port-alt@https://registry.npmjs.org/detect-port-alt/-/detect-port-alt-1.1.6.tgz. Extracting by manifest.
5856 silly tarball no local data for address@https://registry.npmjs.org/address/-/address-1.2.2.tgz. Extracting by manifest.
5857 silly tarball no local data for performance-now@https://registry.npmjs.org/performance-now/-/performance-now-2.1.0.tgz. Extracting by manifest.
5858 silly tarball no local data for asap@https://registry.npmjs.org/asap/-/asap-2.0.6.tgz. Extracting by manifest.
5859 silly tarball no local data for promise@https://registry.npmjs.org/promise/-/promise-8.3.0.tgz. Extracting by manifest.
5860 silly tarball no local data for raf@https://registry.npmjs.org/raf/-/raf-3.4.1.tgz. Extracting by manifest.
5861 silly tarball no local data for whatwg-fetch@https://registry.npmjs.org/whatwg-fetch/-/whatwg-fetch-3.6.20.tgz. Extracting by manifest.
5862 silly tarball no local data for core-js@https://registry.npmjs.org/core-js/-/core-js-3.34.0.tgz. Extracting by manifest.
5863 silly tarball no local data for object-assign@https://registry.npmjs.org/object-assign/-/object-assign-4.1.1.tgz. Extracting by manifest.
5864 silly tarball no local data for react-is@https://registry.npmjs.org/react-is/-/react-is-17.0.2.tgz. Extracting by manifest.
5865 silly tarball no local data for ansi-regex@https://registry.npmjs.org/ansi-regex/-/ansi-regex-5.0.1.tgz. Extracting by manifest.
5866 silly tarball no local data for renderkid@https://registry.npmjs.org/renderkid/-/renderkid-3.0.0.tgz. Extracting by manifest.
5867 silly tarball no local data for normalize-range@https://registry.npmjs.org/normalize-range/-/normalize-range-0.1.2.tgz. Extracting by manifest.
5868 silly tarball no local data for cssesc@https://registry.npmjs.org/cssesc/-/cssesc-3.0.0.tgz. Extracting by manifest.
5869 silly tarball no local data for @csstools/selector-specificity@https://registry.npmjs.org/@csstools/selector-specificity/-/selector-specificity-2.2.0.tgz. Extracting by manifest.
5870 silly tarball no local data for fraction.js@https://registry.npmjs.org/fraction.js/-/fraction.js-4.3.7.tgz. Extracting by manifest.
5871 silly tarball no local data for postcss-selector-not@https://registry.npmjs.org/postcss-selector-not/-/postcss-selector-not-6.0.1.tgz. Extracting by manifest.
5872 silly tarball no local data for postcss-replace-overflow-wrap@https://registry.npmjs.org/postcss-replace-overflow-wrap/-/postcss-replace-overflow-wrap-4.0.0.tgz. Extracting by manifest.
5873 silly tarball no local data for postcss-opacity-percentage@https://registry.npmjs.org/postcss-opacity-percentage/-/postcss-opacity-percentage-1.1.3.tgz. Extracting by manifest.
5874 silly tarball no local data for postcss-overflow-shorthand@https://registry.npmjs.org/postcss-overflow-shorthand/-/postcss-overflow-shorthand-3.0.4.tgz. Extracting by manifest.
5875 silly tarball no local data for postcss-place@https://registry.npmjs.org/postcss-place/-/postcss-place-7.0.5.tgz. Extracting by manifest.
5876 silly tarball no local data for postcss-pseudo-class-any-link@https://registry.npmjs.org/postcss-pseudo-class-any-link/-/postcss-pseudo-class-any-link-7.1.6.tgz. Extracting by manifest.
5877 silly tarball no local data for postcss-nesting@https://registry.npmjs.org/postcss-nesting/-/postcss-nesting-10.2.0.tgz. Extracting by manifest.
5878 silly tarball no local data for postcss-page-break@https://registry.npmjs.org/postcss-page-break/-/postcss-page-break-3.0.4.tgz. Extracting by manifest.
5879 silly tarball no local data for postcss-media-minmax@https://registry.npmjs.org/postcss-media-minmax/-/postcss-media-minmax-5.0.0.tgz. Extracting by manifest.
5880 silly tarball no local data for postcss-logical@https://registry.npmjs.org/postcss-logical/-/postcss-logical-5.0.4.tgz. Extracting by manifest.
5881 silly tarball no local data for postcss-image-set-function@https://registry.npmjs.org/postcss-image-set-function/-/postcss-image-set-function-4.0.7.tgz. Extracting by manifest.
5882 silly tarball no local data for postcss-initial@https://registry.npmjs.org/postcss-initial/-/postcss-initial-4.0.1.tgz. Extracting by manifest.
5883 silly tarball no local data for postcss-lab-function@https://registry.npmjs.org/postcss-lab-function/-/postcss-lab-function-4.2.1.tgz. Extracting by manifest.
5884 silly tarball no local data for postcss-gap-properties@https://registry.npmjs.org/postcss-gap-properties/-/postcss-gap-properties-3.0.5.tgz. Extracting by manifest.
5885 silly tarball no local data for postcss-focus-within@https://registry.npmjs.org/postcss-focus-within/-/postcss-focus-within-5.0.4.tgz. Extracting by manifest.
5886 silly tarball no local data for postcss-font-variant@https://registry.npmjs.org/postcss-font-variant/-/postcss-font-variant-5.0.0.tgz. Extracting by manifest.
5887 silly tarball no local data for postcss-double-position-gradients@https://registry.npmjs.org/postcss-double-position-gradients/-/postcss-double-position-gradients-3.1.2.tgz. Extracting by manifest.
5888 silly tarball no local data for postcss-focus-visible@https://registry.npmjs.org/postcss-focus-visible/-/postcss-focus-visible-6.0.4.tgz. Extracting by manifest.
5889 silly tarball no local data for postcss-env-function@https://registry.npmjs.org/postcss-env-function/-/postcss-env-function-4.0.6.tgz. Extracting by manifest.
5890 silly tarball no local data for postcss-dir-pseudo-class@https://registry.npmjs.org/postcss-dir-pseudo-class/-/postcss-dir-pseudo-class-6.0.5.tgz. Extracting by manifest.
5891 silly tarball no local data for postcss-custom-selectors@https://registry.npmjs.org/postcss-custom-selectors/-/postcss-custom-selectors-6.0.3.tgz. Extracting by manifest.
5892 silly tarball no local data for postcss-color-hex-alpha@https://registry.npmjs.org/postcss-color-hex-alpha/-/postcss-color-hex-alpha-8.0.4.tgz. Extracting by manifest.
5893 silly tarball no local data for postcss-color-rebeccapurple@https://registry.npmjs.org/postcss-color-rebeccapurple/-/postcss-color-rebeccapurple-7.1.1.tgz. Extracting by manifest.
5894 silly tarball no local data for postcss-custom-properties@https://registry.npmjs.org/postcss-custom-properties/-/postcss-custom-properties-12.1.11.tgz. Extracting by manifest.
5895 silly tarball no local data for postcss-custom-media@https://registry.npmjs.org/postcss-custom-media/-/postcss-custom-media-8.0.2.tgz. Extracting by manifest.
5896 silly tarball no local data for postcss-color-functional-notation@https://registry.npmjs.org/postcss-color-functional-notation/-/postcss-color-functional-notation-4.2.4.tgz. Extracting by manifest.
5897 silly tarball no local data for postcss-clamp@https://registry.npmjs.org/postcss-clamp/-/postcss-clamp-4.1.0.tgz. Extracting by manifest.
5898 silly tarball no local data for css-prefers-color-scheme@https://registry.npmjs.org/css-prefers-color-scheme/-/css-prefers-color-scheme-6.0.3.tgz. Extracting by manifest.
5899 silly tarball no local data for postcss-attribute-case-insensitive@https://registry.npmjs.org/postcss-attribute-case-insensitive/-/postcss-attribute-case-insensitive-5.0.2.tgz. Extracting by manifest.
5900 silly tarball no local data for cssdb@https://registry.npmjs.org/cssdb/-/cssdb-7.9.1.tgz. Extracting by manifest.
5901 silly tarball no local data for css-blank-pseudo@https://registry.npmjs.org/css-blank-pseudo/-/css-blank-pseudo-3.0.3.tgz. Extracting by manifest.
5902 silly tarball no local data for autoprefixer@https://registry.npmjs.org/autoprefixer/-/autoprefixer-10.4.16.tgz. Extracting by manifest.
5903 silly tarball no local data for css-has-pseudo@https://registry.npmjs.org/css-has-pseudo/-/css-has-pseudo-3.0.4.tgz. Extracting by manifest.
5904 silly tarball no local data for @csstools/postcss-trigonometric-functions@https://registry.npmjs.org/@csstools/postcss-trigonometric-functions/-/postcss-trigonometric-functions-1.0.2.tgz. Extracting by manifest.
5905 silly tarball no local data for @csstools/postcss-text-decoration-shorthand@https://registry.npmjs.org/@csstools/postcss-text-decoration-shorthand/-/postcss-text-decoration-shorthand-1.0.0.tgz. Extracting by manifest.
5906 silly tarball no local data for @csstools/postcss-unset-value@https://registry.npmjs.org/@csstools/postcss-unset-value/-/postcss-unset-value-1.0.2.tgz. Extracting by manifest.
5907 silly tarball no local data for @csstools/postcss-stepped-value-functions@https://registry.npmjs.org/@csstools/postcss-stepped-value-functions/-/postcss-stepped-value-functions-1.0.1.tgz. Extracting by manifest.
5908 silly tarball no local data for @csstools/postcss-oklab-function@https://registry.npmjs.org/@csstools/postcss-oklab-function/-/postcss-oklab-function-1.1.1.tgz. Extracting by manifest.
5909 silly tarball no local data for @csstools/postcss-progressive-custom-properties@https://registry.npmjs.org/@csstools/postcss-progressive-custom-properties/-/postcss-progressive-custom-properties-1.3.0.tgz. Extracting by manifest.
5910 silly tarball no local data for @csstools/postcss-normalize-display-values@https://registry.npmjs.org/@csstools/postcss-normalize-display-values/-/postcss-normalize-display-values-1.0.1.tgz. Extracting by manifest.
5911 silly tarball no local data for @csstools/postcss-nested-calc@https://registry.npmjs.org/@csstools/postcss-nested-calc/-/postcss-nested-calc-1.0.0.tgz. Extracting by manifest.
5912 silly tarball no local data for @csstools/postcss-ic-unit@https://registry.npmjs.org/@csstools/postcss-ic-unit/-/postcss-ic-unit-1.0.1.tgz. Extracting by manifest.
5913 silly tarball no local data for @csstools/postcss-is-pseudo-class@https://registry.npmjs.org/@csstools/postcss-is-pseudo-class/-/postcss-is-pseudo-class-2.0.7.tgz. Extracting by manifest.
5914 silly tarball no local data for @csstools/postcss-hwb-function@https://registry.npmjs.org/@csstools/postcss-hwb-function/-/postcss-hwb-function-1.0.2.tgz. Extracting by manifest.
5915 silly tarball no local data for @csstools/postcss-color-function@https://registry.npmjs.org/@csstools/postcss-color-function/-/postcss-color-function-1.1.1.tgz. Extracting by manifest.
5916 silly tarball no local data for @csstools/postcss-cascade-layers@https://registry.npmjs.org/@csstools/postcss-cascade-layers/-/postcss-cascade-layers-1.1.1.tgz. Extracting by manifest.
5917 silly tarball no local data for normalize-url@https://registry.npmjs.org/normalize-url/-/normalize-url-6.1.0.tgz. Extracting by manifest.
5918 silly tarball no local data for @csstools/postcss-font-format-keywords@https://registry.npmjs.org/@csstools/postcss-font-format-keywords/-/postcss-font-format-keywords-1.0.1.tgz. Extracting by manifest.
5919 silly tarball no local data for sanitize.css@https://registry.npmjs.org/sanitize.css/-/sanitize.css-13.0.0.tgz. Extracting by manifest.
5920 silly tarball no local data for @csstools/normalize.css@https://registry.npmjs.org/@csstools/normalize.css/-/normalize.css-12.0.0.tgz. Extracting by manifest.
5921 silly tarball no local data for stylehacks@https://registry.npmjs.org/stylehacks/-/stylehacks-5.1.1.tgz. Extracting by manifest.
5922 silly tarball no local data for klona@https://registry.npmjs.org/klona/-/klona-2.0.6.tgz. Extracting by manifest.
5923 silly tarball no local data for postcss-browser-comments@https://registry.npmjs.org/postcss-browser-comments/-/postcss-browser-comments-4.0.0.tgz. Extracting by manifest.
5924 silly tarball no local data for colord@https://registry.npmjs.org/colord/-/colord-2.9.3.tgz. Extracting by manifest.
5925 silly tarball no local data for lodash.memoize@https://registry.npmjs.org/lodash.memoize/-/lodash.memoize-4.1.2.tgz. Extracting by manifest.
5926 silly tarball no local data for lodash.uniq@https://registry.npmjs.org/lodash.uniq/-/lodash.uniq-4.5.0.tgz. Extracting by manifest.
5927 silly tarball no local data for caniuse-api@https://registry.npmjs.org/caniuse-api/-/caniuse-api-3.0.0.tgz. Extracting by manifest.
5928 silly tarball no local data for postcss-selector-parser@https://registry.npmjs.org/postcss-selector-parser/-/postcss-selector-parser-6.0.13.tgz. Extracting by manifest.
5929 silly tarball no local data for lines-and-columns@https://registry.npmjs.org/lines-and-columns/-/lines-and-columns-1.2.4.tgz. Extracting by manifest.
5930 silly tarball no local data for source-map-js@https://registry.npmjs.org/source-map-js/-/source-map-js-1.0.2.tgz. Extracting by manifest.
5931 silly tarball no local data for picocolors@https://registry.npmjs.org/picocolors/-/picocolors-1.0.0.tgz. Extracting by manifest.
5932 silly tarball no local data for json-parse-even-better-errors@https://registry.npmjs.org/json-parse-even-better-errors/-/json-parse-even-better-errors-2.3.1.tgz. Extracting by manifest.
5933 silly tarball no local data for error-ex@https://registry.npmjs.org/error-ex/-/error-ex-1.3.2.tgz. Extracting by manifest.
5934 silly tarball no local data for is-arrayish@https://registry.npmjs.org/is-arrayish/-/is-arrayish-0.2.1.tgz. Extracting by manifest.
5935 silly tarball no local data for lower-case@https://registry.npmjs.org/lower-case/-/lower-case-2.0.2.tgz. Extracting by manifest.
5936 silly tarball no local data for nanoid@https://registry.npmjs.org/nanoid/-/nanoid-3.3.7.tgz. Extracting by manifest.
5937 silly tarball no local data for no-case@https://registry.npmjs.org/no-case/-/no-case-3.0.4.tgz. Extracting by manifest.
5938 silly tarball no local data for yocto-queue@https://registry.npmjs.org/yocto-queue/-/yocto-queue-0.1.0.tgz. Extracting by manifest.
5939 silly tarball no local data for dot-case@https://registry.npmjs.org/dot-case/-/dot-case-3.0.4.tgz. Extracting by manifest.
5940 silly tarball no local data for p-limit@https://registry.npmjs.org/p-limit/-/p-limit-3.1.0.tgz. Extracting by manifest.
5941 silly tarball no local data for @aashutoshrathi/word-wrap@https://registry.npmjs.org/@aashutoshrathi/word-wrap/-/word-wrap-1.2.6.tgz. Extracting by manifest.
5942 silly tarball no local data for deep-is@https://registry.npmjs.org/deep-is/-/deep-is-0.1.4.tgz. Extracting by manifest.
5943 silly tarball no local data for mimic-fn@https://registry.npmjs.org/mimic-fn/-/mimic-fn-2.1.0.tgz. Extracting by manifest.
5944 silly tarball no local data for fast-levenshtein@https://registry.npmjs.org/fast-levenshtein/-/fast-levenshtein-2.0.6.tgz. Extracting by manifest.
5945 silly tarball no local data for fill-range@https://registry.npmjs.org/fill-range/-/fill-range-7.0.1.tgz. Extracting by manifest.
5946 silly tarball no local data for mime-db@https://registry.npmjs.org/mime-db/-/mime-db-1.52.0.tgz. Extracting by manifest.
5947 silly tarball no local data for braces@https://registry.npmjs.org/braces/-/braces-3.0.2.tgz. Extracting by manifest.
5948 silly tarball no local data for to-regex-range@https://registry.npmjs.org/to-regex-range/-/to-regex-range-5.0.1.tgz. Extracting by manifest.
5949 silly tarball no local data for emojis-list@https://registry.npmjs.org/emojis-list/-/emojis-list-3.0.0.tgz. Extracting by manifest.
5950 silly tarball no local data for yallist@https://registry.npmjs.org/yallist/-/yallist-3.1.1.tgz. Extracting by manifest.
5951 silly tarball no local data for p-locate@https://registry.npmjs.org/p-locate/-/p-locate-5.0.0.tgz. Extracting by manifest.
5952 silly tarball no local data for type-check@https://registry.npmjs.org/type-check/-/type-check-0.4.0.tgz. Extracting by manifest.
5953 silly tarball no local data for big.js@https://registry.npmjs.org/big.js/-/big.js-5.2.2.tgz. Extracting by manifest.
5954 silly tarball no local data for prelude-ls@https://registry.npmjs.org/prelude-ls/-/prelude-ls-1.2.1.tgz. Extracting by manifest.
5955 silly tarball no local data for language-subtag-registry@https://registry.npmjs.org/language-subtag-registry/-/language-subtag-registry-0.3.22.tgz. Extracting by manifest.
5956 silly tarball no local data for json-buffer@https://registry.npmjs.org/json-buffer/-/json-buffer-3.0.1.tgz. Extracting by manifest.
5957 silly tarball no local data for underscore@https://registry.npmjs.org/underscore/-/underscore-1.12.1.tgz. Extracting by manifest.
5958 silly tarball no local data for agent-base@https://registry.npmjs.org/agent-base/-/agent-base-6.0.2.tgz. Extracting by manifest.
5959 silly tarball no local data for static-eval@https://registry.npmjs.org/static-eval/-/static-eval-2.0.2.tgz. Extracting by manifest.
5960 silly tarball no local data for @tootallnate/once@https://registry.npmjs.org/@tootallnate/once/-/once-1.1.2.tgz. Extracting by manifest.
5961 silly tarball no local data for combined-stream@https://registry.npmjs.org/combined-stream/-/combined-stream-1.0.8.tgz. Extracting by manifest.
5962 silly tarball no local data for delayed-stream@https://registry.npmjs.org/delayed-stream/-/delayed-stream-1.0.0.tgz. Extracting by manifest.
5963 silly tarball no local data for asynckit@https://registry.npmjs.org/asynckit/-/asynckit-0.4.0.tgz. Extracting by manifest.
5964 silly tarball no local data for xml-name-validator@https://registry.npmjs.org/xml-name-validator/-/xml-name-validator-3.0.0.tgz. Extracting by manifest.
5965 silly tarball no local data for acorn-walk@https://registry.npmjs.org/acorn-walk/-/acorn-walk-7.2.0.tgz. Extracting by manifest.
5966 silly tarball no local data for mime-types@https://registry.npmjs.org/mime-types/-/mime-types-2.1.35.tgz. Extracting by manifest.
5967 silly tarball no local data for whatwg-url@https://registry.npmjs.org/whatwg-url/-/whatwg-url-8.7.0.tgz. Extracting by manifest.
5968 silly tarball no local data for whatwg-mimetype@https://registry.npmjs.org/whatwg-mimetype/-/whatwg-mimetype-2.3.0.tgz. Extracting by manifest.
5969 silly tarball no local data for ws@https://registry.npmjs.org/ws/-/ws-7.5.9.tgz. Extracting by manifest.
5970 silly tarball no local data for whatwg-encoding@https://registry.npmjs.org/whatwg-encoding/-/whatwg-encoding-1.0.5.tgz. Extracting by manifest.
5971 silly tarball no local data for symbol-tree@https://registry.npmjs.org/symbol-tree/-/symbol-tree-3.2.4.tgz. Extracting by manifest.
5972 silly tarball no local data for webidl-conversions@https://registry.npmjs.org/webidl-conversions/-/webidl-conversions-6.1.0.tgz. Extracting by manifest.
5973 silly tarball no local data for w3c-hr-time@https://registry.npmjs.org/w3c-hr-time/-/w3c-hr-time-1.0.2.tgz. Extracting by manifest.
5974 silly tarball no local data for w3c-xmlserializer@https://registry.npmjs.org/w3c-xmlserializer/-/w3c-xmlserializer-2.0.0.tgz. Extracting by manifest.
5975 silly tarball no local data for tough-cookie@https://registry.npmjs.org/tough-cookie/-/tough-cookie-4.1.3.tgz. Extracting by manifest.
5976 silly tarball no local data for nwsapi@https://registry.npmjs.org/nwsapi/-/nwsapi-2.2.7.tgz. Extracting by manifest.
5977 silly tarball no local data for saxes@https://registry.npmjs.org/saxes/-/saxes-5.0.1.tgz. Extracting by manifest.
5978 silly tarball no local data for parse5@https://registry.npmjs.org/parse5/-/parse5-6.0.1.tgz. Extracting by manifest.
5979 silly tarball no local data for is-potential-custom-element-name@https://registry.npmjs.org/is-potential-custom-element-name/-/is-potential-custom-element-name-1.0.1.tgz. Extracting by manifest.
5980 silly tarball no local data for https-proxy-agent@https://registry.npmjs.org/https-proxy-agent/-/https-proxy-agent-5.0.1.tgz. Extracting by manifest.
5981 silly tarball no local data for http-proxy-agent@https://registry.npmjs.org/http-proxy-agent/-/http-proxy-agent-4.0.1.tgz. Extracting by manifest.
5982 silly tarball no local data for html-encoding-sniffer@https://registry.npmjs.org/html-encoding-sniffer/-/html-encoding-sniffer-2.0.1.tgz. Extracting by manifest.
5983 silly tarball no local data for form-data@https://registry.npmjs.org/form-data/-/form-data-3.0.1.tgz. Extracting by manifest.
5984 silly tarball no local data for escodegen@https://registry.npmjs.org/escodegen/-/escodegen-2.1.0.tgz. Extracting by manifest.
5985 silly tarball no local data for domexception@https://registry.npmjs.org/domexception/-/domexception-2.0.1.tgz. Extracting by manifest.
5986 silly tarball no local data for data-urls@https://registry.npmjs.org/data-urls/-/data-urls-2.0.0.tgz. Extracting by manifest.
5987 silly tarball no local data for decimal.js@https://registry.npmjs.org/decimal.js/-/decimal.js-10.4.3.tgz. Extracting by manifest.
5988 silly tarball no local data for cssom@https://registry.npmjs.org/cssom/-/cssom-0.4.4.tgz. Extracting by manifest.
5989 silly tarball no local data for sprintf-js@https://registry.npmjs.org/sprintf-js/-/sprintf-js-1.0.3.tgz. Extracting by manifest.
5990 silly tarball no local data for abab@https://registry.npmjs.org/abab/-/abab-2.0.6.tgz. Extracting by manifest.
5991 silly tarball no local data for cssstyle@https://registry.npmjs.org/cssstyle/-/cssstyle-2.3.0.tgz. Extracting by manifest.
5992 silly tarball no local data for esprima@https://registry.npmjs.org/esprima/-/esprima-4.0.1.tgz. Extracting by manifest.
5993 silly tarball no local data for @types/prettier@https://registry.npmjs.org/@types/prettier/-/prettier-2.7.3.tgz. Extracting by manifest.
5994 silly tarball no local data for acorn-globals@https://registry.npmjs.org/acorn-globals/-/acorn-globals-6.0.0.tgz. Extracting by manifest.
5995 silly tarball no local data for argparse@https://registry.npmjs.org/argparse/-/argparse-1.0.10.tgz. Extracting by manifest.
5996 silly tarball no local data for leven@https://registry.npmjs.org/leven/-/leven-3.1.0.tgz. Extracting by manifest.
5997 silly tarball no local data for cjs-module-lexer@https://registry.npmjs.org/cjs-module-lexer/-/cjs-module-lexer-1.2.3.tgz. Extracting by manifest.
5998 silly tarball no local data for strip-bom@https://registry.npmjs.org/strip-bom/-/strip-bom-4.0.0.tgz. Extracting by manifest.
5999 silly tarball no local data for detect-newline@https://registry.npmjs.org/detect-newline/-/detect-newline-3.1.0.tgz. Extracting by manifest.
6000 silly tarball no local data for @jest/globals@https://registry.npmjs.org/@jest/globals/-/globals-27.5.1.tgz. Extracting by manifest.
6001 silly tarball no local data for jest-leak-detector@https://registry.npmjs.org/jest-leak-detector/-/jest-leak-detector-27.5.1.tgz. Extracting by manifest.
6002 silly tarball no local data for resolve.exports@https://registry.npmjs.org/resolve.exports/-/resolve.exports-1.1.1.tgz. Extracting by manifest.
6003 silly tarball no local data for jest-pnp-resolver@https://registry.npmjs.org/jest-pnp-resolver/-/jest-pnp-resolver-1.2.3.tgz. Extracting by manifest.
6004 silly tarball no local data for jest-docblock@https://registry.npmjs.org/jest-docblock/-/jest-docblock-27.5.1.tgz. Extracting by manifest.
6005 silly tarball no local data for source-map-support@https://registry.npmjs.org/source-map-support/-/source-map-support-0.5.21.tgz. Extracting by manifest.
6006 silly tarball no local data for @types/stack-utils@https://registry.npmjs.org/@types/stack-utils/-/stack-utils-2.0.3.tgz. Extracting by manifest.
6007 silly tarball no local data for jest-diff@https://registry.npmjs.org/jest-diff/-/jest-diff-27.5.1.tgz. Extracting by manifest.
6008 silly tarball no local data for diff-sequences@https://registry.npmjs.org/diff-sequences/-/diff-sequences-27.5.1.tgz. Extracting by manifest.
6009 silly tarball no local data for callsites@https://registry.npmjs.org/callsites/-/callsites-3.1.0.tgz. Extracting by manifest.
6010 silly tarball no local data for bser@https://registry.npmjs.org/bser/-/bser-2.1.1.tgz. Extracting by manifest.
6011 silly tarball no local data for @jest/source-map@https://registry.npmjs.org/@jest/source-map/-/source-map-27.5.1.tgz. Extracting by manifest.
6012 silly tarball no local data for node-int64@https://registry.npmjs.org/node-int64/-/node-int64-0.4.0.tgz. Extracting by manifest.
6013 silly tarball no local data for picomatch@https://registry.npmjs.org/picomatch/-/picomatch-2.3.1.tgz. Extracting by manifest.
6014 silly tarball no local data for walker@https://registry.npmjs.org/walker/-/walker-1.0.8.tgz. Extracting by manifest.
6015 silly tarball no local data for anymatch@https://registry.npmjs.org/anymatch/-/anymatch-3.1.3.tgz. Extracting by manifest.
6016 silly tarball no local data for jest-serializer@https://registry.npmjs.org/jest-serializer/-/jest-serializer-27.5.1.tgz. Extracting by manifest.
6017 silly tarball no local data for @types/graceful-fs@https://registry.npmjs.org/@types/graceful-fs/-/graceful-fs-4.1.9.tgz. Extracting by manifest.
6018 silly tarball no local data for type-detect@https://registry.npmjs.org/type-detect/-/type-detect-4.0.8.tgz. Extracting by manifest.
6019 silly tarball no local data for jsdom@https://registry.npmjs.org/jsdom/-/jsdom-16.7.0.tgz. Extracting by manifest.
6020 silly tarball no local data for @sinonjs/commons@https://registry.npmjs.org/@sinonjs/commons/-/commons-1.8.6.tgz. Extracting by manifest.
6021 silly tarball no local data for fb-watchman@https://registry.npmjs.org/fb-watchman/-/fb-watchman-2.0.2.tgz. Extracting by manifest.
6022 silly tarball no local data for jest-mock@https://registry.npmjs.org/jest-mock/-/jest-mock-27.5.1.tgz. Extracting by manifest.
6023 silly tarball no local data for @sinonjs/fake-timers@https://registry.npmjs.org/@sinonjs/fake-timers/-/fake-timers-8.1.0.tgz. Extracting by manifest.
6024 silly tarball no local data for @jest/fake-timers@https://registry.npmjs.org/@jest/fake-timers/-/fake-timers-27.5.1.tgz. Extracting by manifest.
6025 silly tarball no local data for jest-matcher-utils@https://registry.npmjs.org/jest-matcher-utils/-/jest-matcher-utils-27.5.1.tgz. Extracting by manifest.
6026 silly tarball no local data for stack-utils@https://registry.npmjs.org/stack-utils/-/stack-utils-2.0.6.tgz. Extracting by manifest.
6027 silly tarball no local data for jest-each@https://registry.npmjs.org/jest-each/-/jest-each-27.5.1.tgz. Extracting by manifest.
6028 silly tarball no local data for dedent@https://registry.npmjs.org/dedent/-/dedent-0.7.0.tgz. Extracting by manifest.
6029 silly tarball no local data for is-generator-fn@https://registry.npmjs.org/is-generator-fn/-/is-generator-fn-2.1.0.tgz. Extracting by manifest.
6030 silly tarball no local data for expect@https://registry.npmjs.org/expect/-/expect-27.5.1.tgz. Extracting by manifest.
6031 silly tarball no local data for co@https://registry.npmjs.org/co/-/co-4.6.0.tgz. Extracting by manifest.
6032 silly tarball no local data for @jest/environment@https://registry.npmjs.org/@jest/environment/-/environment-27.5.1.tgz. Extracting by manifest.
6033 silly tarball no local data for jest-jasmine2@https://registry.npmjs.org/jest-jasmine2/-/jest-jasmine2-27.5.1.tgz. Extracting by manifest.
6034 silly tarball no local data for pretty-format@https://registry.npmjs.org/pretty-format/-/pretty-format-27.5.1.tgz. Extracting by manifest.
6035 silly tarball no local data for jest-environment-node@https://registry.npmjs.org/jest-environment-node/-/jest-environment-node-27.5.1.tgz. Extracting by manifest.
6036 silly tarball no local data for jest-get-type@https://registry.npmjs.org/jest-get-type/-/jest-get-type-27.5.1.tgz. Extracting by manifest.
6037 silly tarball no local data for jest-circus@https://registry.npmjs.org/jest-circus/-/jest-circus-27.5.1.tgz. Extracting by manifest.
6038 silly tarball no local data for ci-info@https://registry.npmjs.org/ci-info/-/ci-info-3.9.0.tgz. Extracting by manifest.
6039 silly tarball no local data for @jest/test-sequencer@https://registry.npmjs.org/@jest/test-sequencer/-/test-sequencer-27.5.1.tgz. Extracting by manifest.
6040 silly tarball no local data for yargs@https://registry.npmjs.org/yargs/-/yargs-16.2.0.tgz. Extracting by manifest.
6041 silly tarball no local data for jest-environment-jsdom@https://registry.npmjs.org/jest-environment-jsdom/-/jest-environment-jsdom-27.5.1.tgz. Extracting by manifest.
6042 silly tarball no local data for strip-final-newline@https://registry.npmjs.org/strip-final-newline/-/strip-final-newline-2.0.0.tgz. Extracting by manifest.
6043 silly tarball no local data for signal-exit@https://registry.npmjs.org/signal-exit/-/signal-exit-3.0.7.tgz. Extracting by manifest.
6044 silly tarball no local data for onetime@https://registry.npmjs.org/onetime/-/onetime-5.1.2.tgz. Extracting by manifest.
6045 silly tarball no local data for merge-stream@https://registry.npmjs.org/merge-stream/-/merge-stream-2.0.0.tgz. Extracting by manifest.
6046 silly tarball no local data for get-stream@https://registry.npmjs.org/get-stream/-/get-stream-6.0.1.tgz. Extracting by manifest.
6047 silly tarball no local data for human-signals@https://registry.npmjs.org/human-signals/-/human-signals-2.1.0.tgz. Extracting by manifest.
6048 silly tarball no local data for npm-run-path@https://registry.npmjs.org/npm-run-path/-/npm-run-path-4.0.1.tgz. Extracting by manifest.
6049 silly tarball no local data for is-stream@https://registry.npmjs.org/is-stream/-/is-stream-2.0.1.tgz. Extracting by manifest.
6050 silly tarball no local data for execa@https://registry.npmjs.org/execa/-/execa-5.1.1.tgz. Extracting by manifest.
6051 silly tarball no local data for throat@https://registry.npmjs.org/throat/-/throat-6.0.2.tgz. Extracting by manifest.
6052 silly tarball no local data for html-escaper@https://registry.npmjs.org/html-escaper/-/html-escaper-2.0.2.tgz. Extracting by manifest.
6053 silly tarball no local data for resolve-cwd@https://registry.npmjs.org/resolve-cwd/-/resolve-cwd-3.0.0.tgz. Extracting by manifest.
6054 silly tarball no local data for v8-to-istanbul@https://registry.npmjs.org/v8-to-istanbul/-/v8-to-istanbul-8.1.1.tgz. Extracting by manifest.
6055 silly tarball no local data for type-fest@https://registry.npmjs.org/type-fest/-/type-fest-0.21.3.tgz. Extracting by manifest.
6056 silly tarball no local data for terminal-link@https://registry.npmjs.org/terminal-link/-/terminal-link-2.1.1.tgz. Extracting by manifest.
6057 silly tarball no local data for istanbul-reports@https://registry.npmjs.org/istanbul-reports/-/istanbul-reports-3.1.6.tgz. Extracting by manifest.
6058 silly tarball no local data for istanbul-lib-source-maps@https://registry.npmjs.org/istanbul-lib-source-maps/-/istanbul-lib-source-maps-4.0.1.tgz. Extracting by manifest.
6059 silly tarball no local data for string-length@https://registry.npmjs.org/string-length/-/string-length-4.0.2.tgz. Extracting by manifest.
6060 silly tarball no local data for istanbul-lib-report@https://registry.npmjs.org/istanbul-lib-report/-/istanbul-lib-report-3.0.1.tgz. Extracting by manifest.
6061 silly tarball no local data for jest-watcher@https://registry.npmjs.org/jest-watcher/-/jest-watcher-27.5.1.tgz. Extracting by manifest.
6062 silly tarball no local data for collect-v8-coverage@https://registry.npmjs.org/collect-v8-coverage/-/collect-v8-coverage-1.0.2.tgz. Extracting by manifest.
6063 silly tarball no local data for @bcoe/v8-coverage@https://registry.npmjs.org/@bcoe/v8-coverage/-/v8-coverage-0.2.3.tgz. Extracting by manifest.
6064 silly tarball no local data for jest-validate@https://registry.npmjs.org/jest-validate/-/jest-validate-27.5.1.tgz. Extracting by manifest.
6065 silly tarball no local data for jest-snapshot@https://registry.npmjs.org/jest-snapshot/-/jest-snapshot-27.5.1.tgz. Extracting by manifest.
6066 silly tarball no local data for jest-runner@https://registry.npmjs.org/jest-runner/-/jest-runner-27.5.1.tgz. Extracting by manifest.
6067 silly tarball no local data for jest-resolve-dependencies@https://registry.npmjs.org/jest-resolve-dependencies/-/jest-resolve-dependencies-27.5.1.tgz. Extracting by manifest.
6068 silly tarball no local data for jest-runtime@https://registry.npmjs.org/jest-runtime/-/jest-runtime-27.5.1.tgz. Extracting by manifest.
6069 silly tarball no local data for jest-message-util@https://registry.npmjs.org/jest-message-util/-/jest-message-util-27.5.1.tgz. Extracting by manifest.
6070 silly tarball no local data for jest-config@https://registry.npmjs.org/jest-config/-/jest-config-27.5.1.tgz. Extracting by manifest.
6071 silly tarball no local data for exit@https://registry.npmjs.org/exit/-/exit-0.1.2.tgz. Extracting by manifest.
6072 silly tarball no local data for emittery@https://registry.npmjs.org/emittery/-/emittery-0.8.1.tgz. Extracting by manifest.
6073 silly tarball no local data for jest-changed-files@https://registry.npmjs.org/jest-changed-files/-/jest-changed-files-27.5.1.tgz. Extracting by manifest.
6074 silly tarball no local data for ansi-escapes@https://registry.npmjs.org/ansi-escapes/-/ansi-escapes-4.3.2.tgz. Extracting by manifest.
6075 silly tarball no local data for @jest/console@https://registry.npmjs.org/@jest/console/-/console-27.5.1.tgz. Extracting by manifest.
6076 silly tarball no local data for @jest/test-result@https://registry.npmjs.org/@jest/test-result/-/test-result-27.5.1.tgz. Extracting by manifest.
6077 silly tarball no local data for @jest/reporters@https://registry.npmjs.org/@jest/reporters/-/reporters-27.5.1.tgz. Extracting by manifest.
6078 silly tarball no local data for import-local@https://registry.npmjs.org/import-local/-/import-local-3.1.0.tgz. Extracting by manifest.
6079 silly tarball no local data for jest-cli@https://registry.npmjs.org/jest-cli/-/jest-cli-27.5.1.tgz. Extracting by manifest.
6080 silly tarball no local data for set-function-name@https://registry.npmjs.org/set-function-name/-/set-function-name-2.0.1.tgz. Extracting by manifest.
6081 silly tarball no local data for reflect.getprototypeof@https://registry.npmjs.org/reflect.getprototypeof/-/reflect.getprototypeof-1.0.4.tgz. Extracting by manifest.
6082 silly tarball no local data for @jest/core@https://registry.npmjs.org/@jest/core/-/core-27.5.1.tgz. Extracting by manifest.
6083 silly tarball no local data for istanbul-lib-coverage@https://registry.npmjs.org/istanbul-lib-coverage/-/istanbul-lib-coverage-3.2.2.tgz. Extracting by manifest.
6084 silly tarball no local data for side-channel@https://registry.npmjs.org/side-channel/-/side-channel-1.0.4.tgz. Extracting by manifest.
6085 silly tarball no local data for is-extglob@https://registry.npmjs.org/is-extglob/-/is-extglob-2.1.1.tgz. Extracting by manifest.
6086 silly tarball no local data for parent-module@https://registry.npmjs.org/parent-module/-/parent-module-1.0.1.tgz. Extracting by manifest.
6087 silly tarball no local data for harmony-reflect@https://registry.npmjs.org/harmony-reflect/-/harmony-reflect-1.6.2.tgz. Extracting by manifest.
6088 silly tarball no local data for tslib@https://registry.npmjs.org/tslib/-/tslib-2.6.2.tgz. Extracting by manifest.
6089 silly tarball no local data for pascal-case@https://registry.npmjs.org/pascal-case/-/pascal-case-3.1.2.tgz. Extracting by manifest.
6090 silly tarball no local data for relateurl@https://registry.npmjs.org/relateurl/-/relateurl-0.2.7.tgz. Extracting by manifest.
6091 silly tarball no local data for terser@https://registry.npmjs.org/terser/-/terser-5.26.0.tgz. Extracting by manifest.
6092 silly tarball no local data for param-case@https://registry.npmjs.org/param-case/-/param-case-3.0.4.tgz. Extracting by manifest.
6093 silly tarball no local data for commander@https://registry.npmjs.org/commander/-/commander-8.3.0.tgz. Extracting by manifest.
6094 silly tarball no local data for he@https://registry.npmjs.org/he/-/he-1.2.0.tgz. Extracting by manifest.
6095 silly tarball no local data for camel-case@https://registry.npmjs.org/camel-case/-/camel-case-4.1.2.tgz. Extracting by manifest.
6096 silly tarball no local data for clean-css@https://registry.npmjs.org/clean-css/-/clean-css-5.3.3.tgz. Extracting by manifest.
6097 silly tarball no local data for html-minifier-terser@https://registry.npmjs.org/html-minifier-terser/-/html-minifier-terser-6.1.0.tgz. Extracting by manifest.
6098 silly tarball no local data for merge2@https://registry.npmjs.org/merge2/-/merge2-1.4.1.tgz. Extracting by manifest.
6099 silly tarball no local data for pretty-error@https://registry.npmjs.org/pretty-error/-/pretty-error-4.0.0.tgz. Extracting by manifest.
6100 silly tarball no local data for tapable@https://registry.npmjs.org/tapable/-/tapable-2.2.1.tgz. Extracting by manifest.
6101 silly tarball no local data for @types/html-minifier-terser@https://registry.npmjs.org/@types/html-minifier-terser/-/html-minifier-terser-6.1.0.tgz. Extracting by manifest.
6102 silly tarball no local data for dir-glob@https://registry.npmjs.org/dir-glob/-/dir-glob-3.0.1.tgz. Extracting by manifest.
6103 silly tarball no local data for array-union@https://registry.npmjs.org/array-union/-/array-union-2.1.0.tgz. Extracting by manifest.
6104 silly tarball no local data for fast-glob@https://registry.npmjs.org/fast-glob/-/fast-glob-3.3.2.tgz. Extracting by manifest.
6105 silly tarball no local data for functions-have-names@https://registry.npmjs.org/functions-have-names/-/functions-have-names-1.2.3.tgz. Extracting by manifest.
6106 silly tarball no local data for keyv@https://registry.npmjs.org/keyv/-/keyv-4.5.4.tgz. Extracting by manifest.
6107 silly tarball no local data for path-exists@https://registry.npmjs.org/path-exists/-/path-exists-4.0.0.tgz. Extracting by manifest.
6108 silly tarball no local data for flatted@https://registry.npmjs.org/flatted/-/flatted-3.2.9.tgz. Extracting by manifest.
6109 silly tarball no local data for locate-path@https://registry.npmjs.org/locate-path/-/locate-path-6.0.0.tgz. Extracting by manifest.
6110 silly tarball no local data for commondir@https://registry.npmjs.org/commondir/-/commondir-1.0.1.tgz. Extracting by manifest.
6111 silly tarball no local data for pkg-dir@https://registry.npmjs.org/pkg-dir/-/pkg-dir-4.2.0.tgz. Extracting by manifest.
6112 silly tarball no local data for acorn-jsx@https://registry.npmjs.org/acorn-jsx/-/acorn-jsx-5.3.2.tgz. Extracting by manifest.
6113 silly tarball no local data for acorn@https://registry.npmjs.org/acorn/-/acorn-8.11.2.tgz. Extracting by manifest.
6114 silly tarball no local data for flat-cache@https://registry.npmjs.org/flat-cache/-/flat-cache-3.2.0.tgz. Extracting by manifest.
6115 silly tarball no local data for normalize-path@https://registry.npmjs.org/normalize-path/-/normalize-path-3.0.0.tgz. Extracting by manifest.
6116 silly tarball no local data for reusify@https://registry.npmjs.org/reusify/-/reusify-1.0.4.tgz. Extracting by manifest.
6117 silly tarball no local data for @types/eslint@https://registry.npmjs.org/@types/eslint/-/eslint-8.44.9.tgz. Extracting by manifest.
6118 silly tarball no local data for @types/estree@https://registry.npmjs.org/@types/estree/-/estree-1.0.5.tgz. Extracting by manifest.
6119 silly tarball no local data for string.prototype.matchall@https://registry.npmjs.org/string.prototype.matchall/-/string.prototype.matchall-4.0.10.tgz. Extracting by manifest.
6120 silly tarball no local data for object.hasown@https://registry.npmjs.org/object.hasown/-/object.hasown-1.1.3.tgz. Extracting by manifest.
6121 silly tarball no local data for esrecurse@https://registry.npmjs.org/esrecurse/-/esrecurse-4.3.0.tgz. Extracting by manifest.
6122 silly tarball no local data for iterator.prototype@https://registry.npmjs.org/iterator.prototype/-/iterator.prototype-1.1.2.tgz. Extracting by manifest.
6123 silly tarball no local data for estraverse@https://registry.npmjs.org/estraverse/-/estraverse-5.3.0.tgz. Extracting by manifest.
6124 silly tarball no local data for prop-types@https://registry.npmjs.org/prop-types/-/prop-types-15.8.1.tgz. Extracting by manifest.
6125 silly tarball no local data for array.prototype.tosorted@https://registry.npmjs.org/array.prototype.tosorted/-/array.prototype.tosorted-1.1.2.tgz. Extracting by manifest.
6126 silly tarball no local data for asynciterator.prototype@https://registry.npmjs.org/asynciterator.prototype/-/asynciterator.prototype-1.0.0.tgz. Extracting by manifest.
6127 silly tarball no local data for object.entries@https://registry.npmjs.org/object.entries/-/object.entries-1.1.7.tgz. Extracting by manifest.
6128 silly tarball no local data for dequal@https://registry.npmjs.org/dequal/-/dequal-2.0.3.tgz. Extracting by manifest.
6129 silly tarball no local data for jsx-ast-utils@https://registry.npmjs.org/jsx-ast-utils/-/jsx-ast-utils-3.3.5.tgz. Extracting by manifest.
6130 silly tarball no local data for emoji-regex@https://registry.npmjs.org/emoji-regex/-/emoji-regex-9.2.2.tgz. Extracting by manifest.
6131 silly tarball no local data for language-tags@https://registry.npmjs.org/language-tags/-/language-tags-1.0.9.tgz. Extracting by manifest.
6132 silly tarball no local data for es-iterator-helpers@https://registry.npmjs.org/es-iterator-helpers/-/es-iterator-helpers-1.0.15.tgz. Extracting by manifest.
6133 silly tarball no local data for damerau-levenshtein@https://registry.npmjs.org/damerau-levenshtein/-/damerau-levenshtein-1.0.8.tgz. Extracting by manifest.
6134 silly tarball no local data for axe-core@https://registry.npmjs.org/axe-core/-/axe-core-4.7.0.tgz. Extracting by manifest.
6135 silly tarball no local data for axobject-query@https://registry.npmjs.org/axobject-query/-/axobject-query-3.2.1.tgz. Extracting by manifest.
6136 silly tarball no local data for ast-types-flow@https://registry.npmjs.org/ast-types-flow/-/ast-types-flow-0.0.8.tgz. Extracting by manifest.
6137 silly tarball no local data for @typescript-eslint/experimental-utils@https://registry.npmjs.org/@typescript-eslint/experimental-utils/-/experimental-utils-5.62.0.tgz. Extracting by manifest.
6138 silly tarball no local data for aria-query@https://registry.npmjs.org/aria-query/-/aria-query-5.3.0.tgz. Extracting by manifest.
6139 silly tarball no local data for is-symbol@https://registry.npmjs.org/is-symbol/-/is-symbol-1.0.4.tgz. Extracting by manifest.
6140 silly tarball no local data for is-date-object@https://registry.npmjs.org/is-date-object/-/is-date-object-1.0.5.tgz. Extracting by manifest.
6141 silly tarball no local data for has-tostringtag@https://registry.npmjs.org/has-tostringtag/-/has-tostringtag-1.0.0.tgz. Extracting by manifest.
6142 silly tarball no local data for which-typed-array@https://registry.npmjs.org/which-typed-array/-/which-typed-array-1.1.13.tgz. Extracting by manifest.
6143 silly tarball no local data for unbox-primitive@https://registry.npmjs.org/unbox-primitive/-/unbox-primitive-1.0.2.tgz. Extracting by manifest.
6144 silly tarball no local data for typed-array-length@https://registry.npmjs.org/typed-array-length/-/typed-array-length-1.0.4.tgz. Extracting by manifest.
6145 silly tarball no local data for typed-array-byte-offset@https://registry.npmjs.org/typed-array-byte-offset/-/typed-array-byte-offset-1.0.0.tgz. Extracting by manifest.
6146 silly tarball no local data for string.prototype.trimstart@https://registry.npmjs.org/string.prototype.trimstart/-/string.prototype.trimstart-1.0.7.tgz. Extracting by manifest.
6147 silly tarball no local data for typed-array-byte-length@https://registry.npmjs.org/typed-array-byte-length/-/typed-array-byte-length-1.0.0.tgz. Extracting by manifest.
6148 silly tarball no local data for string.prototype.trimend@https://registry.npmjs.org/string.prototype.trimend/-/string.prototype.trimend-1.0.7.tgz. Extracting by manifest.
6149 silly tarball no local data for typed-array-buffer@https://registry.npmjs.org/typed-array-buffer/-/typed-array-buffer-1.0.0.tgz. Extracting by manifest.
6150 silly tarball no local data for string.prototype.trim@https://registry.npmjs.org/string.prototype.trim/-/string.prototype.trim-1.2.8.tgz. Extracting by manifest.
6151 silly tarball no local data for safe-array-concat@https://registry.npmjs.org/safe-array-concat/-/safe-array-concat-1.0.1.tgz. Extracting by manifest.
6152 silly tarball no local data for safe-regex-test@https://registry.npmjs.org/safe-regex-test/-/safe-regex-test-1.0.0.tgz. Extracting by manifest.
6153 silly tarball no local data for object.assign@https://registry.npmjs.org/object.assign/-/object.assign-4.1.5.tgz. Extracting by manifest.
6154 silly tarball no local data for object-inspect@https://registry.npmjs.org/object-inspect/-/object-inspect-1.13.1.tgz. Extracting by manifest.
6155 silly tarball no local data for regexp.prototype.flags@https://registry.npmjs.org/regexp.prototype.flags/-/regexp.prototype.flags-1.5.1.tgz. Extracting by manifest.
6156 silly tarball no local data for is-weakref@https://registry.npmjs.org/is-weakref/-/is-weakref-1.0.2.tgz. Extracting by manifest.
6157 silly tarball no local data for is-typed-array@https://registry.npmjs.org/is-typed-array/-/is-typed-array-1.1.12.tgz. Extracting by manifest.
6158 silly tarball no local data for is-shared-array-buffer@https://registry.npmjs.org/is-shared-array-buffer/-/is-shared-array-buffer-1.0.2.tgz. Extracting by manifest.
6159 silly tarball no local data for is-regex@https://registry.npmjs.org/is-regex/-/is-regex-1.1.4.tgz. Extracting by manifest.
6160 silly tarball no local data for is-negative-zero@https://registry.npmjs.org/is-negative-zero/-/is-negative-zero-2.0.2.tgz. Extracting by manifest.
6161 silly tarball no local data for is-callable@https://registry.npmjs.org/is-callable/-/is-callable-1.2.7.tgz. Extracting by manifest.
6162 silly tarball no local data for is-array-buffer@https://registry.npmjs.org/is-array-buffer/-/is-array-buffer-3.0.2.tgz. Extracting by manifest.
6163 silly tarball no local data for internal-slot@https://registry.npmjs.org/internal-slot/-/internal-slot-1.0.6.tgz. Extracting by manifest.
6164 silly tarball no local data for has-symbols@https://registry.npmjs.org/has-symbols/-/has-symbols-1.0.3.tgz. Extracting by manifest.
6165 silly tarball no local data for has-proto@https://registry.npmjs.org/has-proto/-/has-proto-1.0.1.tgz. Extracting by manifest.
6166 silly tarball no local data for function.prototype.name@https://registry.npmjs.org/function.prototype.name/-/function.prototype.name-1.1.6.tgz. Extracting by manifest.
6167 silly tarball no local data for es-to-primitive@https://registry.npmjs.org/es-to-primitive/-/es-to-primitive-1.2.1.tgz. Extracting by manifest.
6168 silly tarball no local data for get-symbol-description@https://registry.npmjs.org/get-symbol-description/-/get-symbol-description-1.0.0.tgz. Extracting by manifest.
6169 silly tarball no local data for globalthis@https://registry.npmjs.org/globalthis/-/globalthis-1.0.3.tgz. Extracting by manifest.
6170 silly tarball no local data for es-set-tostringtag@https://registry.npmjs.org/es-set-tostringtag/-/es-set-tostringtag-2.0.2.tgz. Extracting by manifest.
6171 silly tarball no local data for gopd@https://registry.npmjs.org/gopd/-/gopd-1.0.1.tgz. Extracting by manifest.
6172 silly tarball no local data for available-typed-arrays@https://registry.npmjs.org/available-typed-arrays/-/available-typed-arrays-1.0.5.tgz. Extracting by manifest.
6173 silly tarball no local data for array-buffer-byte-length@https://registry.npmjs.org/array-buffer-byte-length/-/array-buffer-byte-length-1.0.0.tgz. Extracting by manifest.
6174 silly tarball no local data for object-keys@https://registry.npmjs.org/object-keys/-/object-keys-1.1.1.tgz. Extracting by manifest.
6175 silly tarball no local data for arraybuffer.prototype.slice@https://registry.npmjs.org/arraybuffer.prototype.slice/-/arraybuffer.prototype.slice-1.0.2.tgz. Extracting by manifest.
6176 silly tarball no local data for has-property-descriptors@https://registry.npmjs.org/has-property-descriptors/-/has-property-descriptors-1.0.1.tgz. Extracting by manifest.
6177 silly tarball no local data for define-data-property@https://registry.npmjs.org/define-data-property/-/define-data-property-1.1.1.tgz. Extracting by manifest.
6178 silly tarball no local data for set-function-length@https://registry.npmjs.org/set-function-length/-/set-function-length-1.1.1.tgz. Extracting by manifest.
6179 silly tarball no local data for get-intrinsic@https://registry.npmjs.org/get-intrinsic/-/get-intrinsic-1.2.2.tgz. Extracting by manifest.
6180 silly tarball no local data for function-bind@https://registry.npmjs.org/function-bind/-/function-bind-1.1.2.tgz. Extracting by manifest.
6181 silly tarball no local data for es-shim-unscopables@https://registry.npmjs.org/es-shim-unscopables/-/es-shim-unscopables-1.0.2.tgz. Extracting by manifest.
6182 silly tarball no local data for is-string@https://registry.npmjs.org/is-string/-/is-string-1.0.7.tgz. Extracting by manifest.
6183 silly tarball no local data for call-bind@https://registry.npmjs.org/call-bind/-/call-bind-1.0.5.tgz. Extracting by manifest.
6184 silly tarball no local data for define-properties@https://registry.npmjs.org/define-properties/-/define-properties-1.2.1.tgz. Extracting by manifest.
6185 silly tarball no local data for es-abstract@https://registry.npmjs.org/es-abstract/-/es-abstract-1.22.3.tgz. Extracting by manifest.
6186 silly tarball no local data for object.values@https://registry.npmjs.org/object.values/-/object.values-1.1.7.tgz. Extracting by manifest.
6187 silly tarball no local data for tsconfig-paths@https://registry.npmjs.org/tsconfig-paths/-/tsconfig-paths-3.15.0.tgz. Extracting by manifest.
6188 silly tarball no local data for object.groupby@https://registry.npmjs.org/object.groupby/-/object.groupby-1.0.1.tgz. Extracting by manifest.
6189 silly tarball no local data for object.fromentries@https://registry.npmjs.org/object.fromentries/-/object.fromentries-2.0.7.tgz. Extracting by manifest.
6190 silly tarball no local data for hasown@https://registry.npmjs.org/hasown/-/hasown-2.0.0.tgz. Extracting by manifest.
6191 silly tarball no local data for is-core-module@https://registry.npmjs.org/is-core-module/-/is-core-module-2.13.1.tgz. Extracting by manifest.
6192 silly tarball no local data for eslint-module-utils@https://registry.npmjs.org/eslint-module-utils/-/eslint-module-utils-2.8.0.tgz. Extracting by manifest.
6193 silly tarball no local data for array.prototype.flatmap@https://registry.npmjs.org/array.prototype.flatmap/-/array.prototype.flatmap-1.3.2.tgz. Extracting by manifest.
6194 silly tarball no local data for array.prototype.flat@https://registry.npmjs.org/array.prototype.flat/-/array.prototype.flat-1.3.2.tgz. Extracting by manifest.
6195 silly tarball no local data for eslint-import-resolver-node@https://registry.npmjs.org/eslint-import-resolver-node/-/eslint-import-resolver-node-0.3.9.tgz. Extracting by manifest.
6196 silly tarball no local data for string-natural-compare@https://registry.npmjs.org/string-natural-compare/-/string-natural-compare-3.0.1.tgz. Extracting by manifest.
6197 silly tarball no local data for array-includes@https://registry.npmjs.org/array-includes/-/array-includes-3.1.7.tgz. Extracting by manifest.
6198 silly tarball no local data for array.prototype.findlastindex@https://registry.npmjs.org/array.prototype.findlastindex/-/array.prototype.findlastindex-1.2.3.tgz. Extracting by manifest.
6199 silly tarball no local data for lodash@https://registry.npmjs.org/lodash/-/lodash-4.17.21.tgz. Extracting by manifest.
6200 silly tarball no local data for @types/semver@https://registry.npmjs.org/@types/semver/-/semver-7.5.6.tgz. Extracting by manifest.
6201 silly tarball no local data for @types/json-schema@https://registry.npmjs.org/@types/json-schema/-/json-schema-7.0.15.tgz. Extracting by manifest.
6202 silly tarball no local data for globby@https://registry.npmjs.org/globby/-/globby-11.1.0.tgz. Extracting by manifest.
6203 silly tarball no local data for @typescript-eslint/typescript-estree@https://registry.npmjs.org/@typescript-eslint/typescript-estree/-/typescript-estree-5.62.0.tgz. Extracting by manifest.
6204 silly tarball no local data for @typescript-eslint/visitor-keys@https://registry.npmjs.org/@typescript-eslint/visitor-keys/-/visitor-keys-5.62.0.tgz. Extracting by manifest.
6205 silly tarball no local data for typescript@https://registry.npmjs.org/typescript/-/typescript-5.3.3.tgz. Extracting by manifest.
6206 silly tarball no local data for natural-compare-lite@https://registry.npmjs.org/natural-compare-lite/-/natural-compare-lite-1.4.0.tgz. Extracting by manifest.
6207 silly tarball no local data for @typescript-eslint/types@https://registry.npmjs.org/@typescript-eslint/types/-/types-5.62.0.tgz. Extracting by manifest.
6208 silly tarball no local data for @typescript-eslint/utils@https://registry.npmjs.org/@typescript-eslint/utils/-/utils-5.62.0.tgz. Extracting by manifest.
6209 silly tarball no local data for tsutils@https://registry.npmjs.org/tsutils/-/tsutils-3.21.0.tgz. Extracting by manifest.
6210 silly tarball no local data for @typescript-eslint/type-utils@https://registry.npmjs.org/@typescript-eslint/type-utils/-/type-utils-5.62.0.tgz. Extracting by manifest.
6211 silly tarball no local data for eslint-plugin-testing-library@https://registry.npmjs.org/eslint-plugin-testing-library/-/eslint-plugin-testing-library-5.11.1.tgz. Extracting by manifest.
6212 silly tarball no local data for eslint-plugin-react-hooks@https://registry.npmjs.org/eslint-plugin-react-hooks/-/eslint-plugin-react-hooks-4.6.0.tgz. Extracting by manifest.
6213 silly tarball no local data for @typescript-eslint/scope-manager@https://registry.npmjs.org/@typescript-eslint/scope-manager/-/scope-manager-5.62.0.tgz. Extracting by manifest.
6214 silly tarball no local data for @nicolo-ribaudo/eslint-scope-5-internals@https://registry.npmjs.org/@nicolo-ribaudo/eslint-scope-5-internals/-/eslint-scope-5-internals-5.1.1-v1.tgz. Extracting by manifest.
6215 silly tarball no local data for eslint-plugin-react@https://registry.npmjs.org/eslint-plugin-react/-/eslint-plugin-react-7.33.2.tgz. Extracting by manifest.
6216 silly tarball no local data for eslint-plugin-jsx-a11y@https://registry.npmjs.org/eslint-plugin-jsx-a11y/-/eslint-plugin-jsx-a11y-6.8.0.tgz. Extracting by manifest.
6217 silly tarball no local data for eslint-plugin-jest@https://registry.npmjs.org/eslint-plugin-jest/-/eslint-plugin-jest-25.7.0.tgz. Extracting by manifest.
6218 silly tarball no local data for eslint-plugin-import@https://registry.npmjs.org/eslint-plugin-import/-/eslint-plugin-import-2.29.1.tgz. Extracting by manifest.
6219 silly tarball no local data for @typescript-eslint/parser@https://registry.npmjs.org/@typescript-eslint/parser/-/parser-5.62.0.tgz. Extracting by manifest.
6220 silly tarball no local data for confusing-browser-globals@https://registry.npmjs.org/confusing-browser-globals/-/confusing-browser-globals-1.0.11.tgz. Extracting by manifest.
6221 silly tarball no local data for @typescript-eslint/eslint-plugin@https://registry.npmjs.org/@typescript-eslint/eslint-plugin/-/eslint-plugin-5.62.0.tgz. Extracting by manifest.
6222 silly tarball no local data for @rushstack/eslint-patch@https://registry.npmjs.org/@rushstack/eslint-patch/-/eslint-patch-1.6.1.tgz. Extracting by manifest.
6223 silly tarball no local data for eslint-plugin-flowtype@https://registry.npmjs.org/eslint-plugin-flowtype/-/eslint-plugin-flowtype-8.0.3.tgz. Extracting by manifest.
6224 silly tarball no local data for @babel/eslint-parser@https://registry.npmjs.org/@babel/eslint-parser/-/eslint-parser-7.23.3.tgz. Extracting by manifest.
6225 silly tarball no local data for uri-js@https://registry.npmjs.org/uri-js/-/uri-js-4.4.1.tgz. Extracting by manifest.
6226 silly tarball no local data for run-parallel@https://registry.npmjs.org/run-parallel/-/run-parallel-1.2.0.tgz. Extracting by manifest.
6227 silly tarball no local data for json-schema-traverse@https://registry.npmjs.org/json-schema-traverse/-/json-schema-traverse-0.4.1.tgz. Extracting by manifest.
6228 silly tarball no local data for @nodelib/fs.stat@https://registry.npmjs.org/@nodelib/fs.stat/-/fs.stat-2.0.5.tgz. Extracting by manifest.
6229 silly tarball no local data for @humanwhocodes/object-schema@https://registry.npmjs.org/@humanwhocodes/object-schema/-/object-schema-2.0.1.tgz. Extracting by manifest.
6230 silly tarball no local data for text-table@https://registry.npmjs.org/text-table/-/text-table-0.2.0.tgz. Extracting by manifest.
6231 silly tarball no local data for fastq@https://registry.npmjs.org/fastq/-/fastq-1.15.0.tgz. Extracting by manifest.
6232 silly tarball no local data for @nodelib/fs.scandir@https://registry.npmjs.org/@nodelib/fs.scandir/-/fs.scandir-2.1.5.tgz. Extracting by manifest.
6233 silly tarball no local data for strip-json-comments@https://registry.npmjs.org/strip-json-comments/-/strip-json-comments-3.1.1.tgz. Extracting by manifest.
6234 silly tarball no local data for strip-ansi@https://registry.npmjs.org/strip-ansi/-/strip-ansi-6.0.1.tgz. Extracting by manifest.
6235 silly tarball no local data for optionator@https://registry.npmjs.org/optionator/-/optionator-0.9.3.tgz. Extracting by manifest.
6236 silly tarball no local data for natural-compare@https://registry.npmjs.org/natural-compare/-/natural-compare-1.4.0.tgz. Extracting by manifest.
6237 silly tarball no local data for lodash.merge@https://registry.npmjs.org/lodash.merge/-/lodash.merge-4.6.2.tgz. Extracting by manifest.
6238 silly tarball no local data for levn@https://registry.npmjs.org/levn/-/levn-0.4.1.tgz. Extracting by manifest.
6239 silly tarball no local data for json-stable-stringify-without-jsonify@https://registry.npmjs.org/json-stable-stringify-without-jsonify/-/json-stable-stringify-without-jsonify-1.0.1.tgz. Extracting by manifest.
6240 silly tarball no local data for imurmurhash@https://registry.npmjs.org/imurmurhash/-/imurmurhash-0.1.4.tgz. Extracting by manifest.
6241 silly tarball no local data for ignore@https://registry.npmjs.org/ignore/-/ignore-5.3.0.tgz. Extracting by manifest.
6242 silly tarball no local data for is-path-inside@https://registry.npmjs.org/is-path-inside/-/is-path-inside-3.0.3.tgz. Extracting by manifest.
6243 silly tarball no local data for glob-parent@https://registry.npmjs.org/glob-parent/-/glob-parent-6.0.2.tgz. Extracting by manifest.
6244 silly tarball no local data for is-glob@https://registry.npmjs.org/is-glob/-/is-glob-4.0.3.tgz. Extracting by manifest.
6245 silly tarball no local data for graphemer@https://registry.npmjs.org/graphemer/-/graphemer-1.4.0.tgz. Extracting by manifest.
6246 silly tarball no local data for file-entry-cache@https://registry.npmjs.org/file-entry-cache/-/file-entry-cache-6.0.1.tgz. Extracting by manifest.
6247 silly tarball no local data for esquery@https://registry.npmjs.org/esquery/-/esquery-1.5.0.tgz. Extracting by manifest.
6248 silly tarball no local data for fast-deep-equal@https://registry.npmjs.org/fast-deep-equal/-/fast-deep-equal-3.1.3.tgz. Extracting by manifest.
6249 silly tarball no local data for eslint-visitor-keys@https://registry.npmjs.org/eslint-visitor-keys/-/eslint-visitor-keys-3.4.3.tgz. Extracting by manifest.
6250 silly tarball no local data for espree@https://registry.npmjs.org/espree/-/espree-9.6.1.tgz. Extracting by manifest.
6251 silly tarball no local data for eslint-scope@https://registry.npmjs.org/eslint-scope/-/eslint-scope-7.2.2.tgz. Extracting by manifest.
6252 silly tarball no local data for doctrine@https://registry.npmjs.org/doctrine/-/doctrine-3.0.0.tgz. Extracting by manifest.
6253 silly tarball no local data for ajv@https://registry.npmjs.org/ajv/-/ajv-6.12.6.tgz. Extracting by manifest.
6254 silly tarball no local data for @ungap/structured-clone@https://registry.npmjs.org/@ungap/structured-clone/-/structured-clone-1.2.0.tgz. Extracting by manifest.
6255 silly tarball no local data for @nodelib/fs.walk@https://registry.npmjs.org/@nodelib/fs.walk/-/fs.walk-1.2.8.tgz. Extracting by manifest.
6256 silly tarball no local data for @humanwhocodes/module-importer@https://registry.npmjs.org/@humanwhocodes/module-importer/-/module-importer-1.0.1.tgz. Extracting by manifest.
6257 silly tarball no local data for @humanwhocodes/config-array@https://registry.npmjs.org/@humanwhocodes/config-array/-/config-array-0.11.13.tgz. Extracting by manifest.
6258 silly tarball no local data for @eslint/eslintrc@https://registry.npmjs.org/@eslint/eslintrc/-/eslintrc-2.1.4.tgz. Extracting by manifest.
6259 silly tarball no local data for @eslint/js@https://registry.npmjs.org/@eslint/js/-/js-8.56.0.tgz. Extracting by manifest.
6260 silly tarball no local data for @eslint-community/regexpp@https://registry.npmjs.org/@eslint-community/regexpp/-/regexpp-4.10.0.tgz. Extracting by manifest.
6261 silly tarball no local data for @eslint-community/eslint-utils@https://registry.npmjs.org/@eslint-community/eslint-utils/-/eslint-utils-4.4.0.tgz. Extracting by manifest.
6262 silly tarball no local data for stackframe@https://registry.npmjs.org/stackframe/-/stackframe-1.3.4.tgz. Extracting by manifest.
6263 silly tarball no local data for postcss-svgo@https://registry.npmjs.org/postcss-svgo/-/postcss-svgo-5.1.0.tgz. Extracting by manifest.
6264 silly tarball no local data for ms@https://registry.npmjs.org/ms/-/ms-2.1.2.tgz. Extracting by manifest.
6265 silly tarball no local data for postcss-unique-selectors@https://registry.npmjs.org/postcss-unique-selectors/-/postcss-unique-selectors-5.1.1.tgz. Extracting by manifest.
6266 silly tarball no local data for postcss-reduce-initial@https://registry.npmjs.org/postcss-reduce-initial/-/postcss-reduce-initial-5.1.2.tgz. Extracting by manifest.
6267 silly tarball no local data for postcss-reduce-transforms@https://registry.npmjs.org/postcss-reduce-transforms/-/postcss-reduce-transforms-5.1.0.tgz. Extracting by manifest.
6268 silly tarball no local data for postcss-ordered-values@https://registry.npmjs.org/postcss-ordered-values/-/postcss-ordered-values-5.1.3.tgz. Extracting by manifest.
6269 silly tarball no local data for postcss-normalize-whitespace@https://registry.npmjs.org/postcss-normalize-whitespace/-/postcss-normalize-whitespace-5.1.1.tgz. Extracting by manifest.
6270 silly tarball no local data for postcss-normalize-url@https://registry.npmjs.org/postcss-normalize-url/-/postcss-normalize-url-5.1.0.tgz. Extracting by manifest.
6271 silly tarball no local data for postcss-normalize-timing-functions@https://registry.npmjs.org/postcss-normalize-timing-functions/-/postcss-normalize-timing-functions-5.1.0.tgz. Extracting by manifest.
6272 silly tarball no local data for postcss-normalize-string@https://registry.npmjs.org/postcss-normalize-string/-/postcss-normalize-string-5.1.0.tgz. Extracting by manifest.
6273 silly tarball no local data for postcss-normalize-repeat-style@https://registry.npmjs.org/postcss-normalize-repeat-style/-/postcss-normalize-repeat-style-5.1.1.tgz. Extracting by manifest.
6274 silly tarball no local data for postcss-normalize-positions@https://registry.npmjs.org/postcss-normalize-positions/-/postcss-normalize-positions-5.1.1.tgz. Extracting by manifest.
6275 silly tarball no local data for postcss-normalize-unicode@https://registry.npmjs.org/postcss-normalize-unicode/-/postcss-normalize-unicode-5.1.1.tgz. Extracting by manifest.
6276 silly tarball no local data for postcss-minify-selectors@https://registry.npmjs.org/postcss-minify-selectors/-/postcss-minify-selectors-5.2.1.tgz. Extracting by manifest.
6277 silly tarball no local data for postcss-minify-params@https://registry.npmjs.org/postcss-minify-params/-/postcss-minify-params-5.1.4.tgz. Extracting by manifest.
6278 silly tarball no local data for postcss-normalize-charset@https://registry.npmjs.org/postcss-normalize-charset/-/postcss-normalize-charset-5.1.0.tgz. Extracting by manifest.
6279 silly tarball no local data for postcss-normalize-display-values@https://registry.npmjs.org/postcss-normalize-display-values/-/postcss-normalize-display-values-5.1.0.tgz. Extracting by manifest.
6280 silly tarball no local data for postcss-minify-gradients@https://registry.npmjs.org/postcss-minify-gradients/-/postcss-minify-gradients-5.1.1.tgz. Extracting by manifest.
6281 silly tarball no local data for postcss-merge-rules@https://registry.npmjs.org/postcss-merge-rules/-/postcss-merge-rules-5.1.4.tgz. Extracting by manifest.
6282 silly tarball no local data for postcss-merge-longhand@https://registry.npmjs.org/postcss-merge-longhand/-/postcss-merge-longhand-5.1.7.tgz. Extracting by manifest.
6283 silly tarball no local data for postcss-minify-font-values@https://registry.npmjs.org/postcss-minify-font-values/-/postcss-minify-font-values-5.1.0.tgz. Extracting by manifest.
6284 silly tarball no local data for postcss-discard-overridden@https://registry.npmjs.org/postcss-discard-overridden/-/postcss-discard-overridden-5.1.0.tgz. Extracting by manifest.
6285 silly tarball no local data for postcss-discard-empty@https://registry.npmjs.org/postcss-discard-empty/-/postcss-discard-empty-5.1.1.tgz. Extracting by manifest.
6286 silly tarball no local data for postcss-discard-duplicates@https://registry.npmjs.org/postcss-discard-duplicates/-/postcss-discard-duplicates-5.1.0.tgz. Extracting by manifest.
6287 silly tarball no local data for postcss-colormin@https://registry.npmjs.org/postcss-colormin/-/postcss-colormin-5.3.1.tgz. Extracting by manifest.
6288 silly tarball no local data for postcss-convert-values@https://registry.npmjs.org/postcss-convert-values/-/postcss-convert-values-5.1.3.tgz. Extracting by manifest.
6289 silly tarball no local data for postcss-discard-comments@https://registry.npmjs.org/postcss-discard-comments/-/postcss-discard-comments-5.1.2.tgz. Extracting by manifest.
6290 silly tarball no local data for lilconfig@https://registry.npmjs.org/lilconfig/-/lilconfig-2.1.0.tgz. Extracting by manifest.
6291 silly tarball no local data for postcss-calc@https://registry.npmjs.org/postcss-calc/-/postcss-calc-8.2.4.tgz. Extracting by manifest.
6292 silly tarball no local data for cssnano-utils@https://registry.npmjs.org/cssnano-utils/-/cssnano-utils-3.1.0.tgz. Extracting by manifest.
6293 silly tarball no local data for css-declaration-sorter@https://registry.npmjs.org/css-declaration-sorter/-/css-declaration-sorter-6.4.1.tgz. Extracting by manifest.
6294 silly tarball no local data for cssnano-preset-default@https://registry.npmjs.org/cssnano-preset-default/-/cssnano-preset-default-5.2.14.tgz. Extracting by manifest.
6295 silly tarball no local data for jest-worker@https://registry.npmjs.org/jest-worker/-/jest-worker-27.5.1.tgz. Extracting by manifest.
6296 silly tarball no local data for postcss-value-parser@https://registry.npmjs.org/postcss-value-parser/-/postcss-value-parser-4.2.0.tgz. Extracting by manifest.
6297 silly tarball no local data for serialize-javascript@https://registry.npmjs.org/serialize-javascript/-/serialize-javascript-6.0.1.tgz. Extracting by manifest.
6298 silly tarball no local data for postcss-modules-values@https://registry.npmjs.org/postcss-modules-values/-/postcss-modules-values-4.0.0.tgz. Extracting by manifest.
6299 silly tarball no local data for cssnano@https://registry.npmjs.org/cssnano/-/cssnano-5.1.15.tgz. Extracting by manifest.
6300 silly tarball no local data for postcss-modules-local-by-default@https://registry.npmjs.org/postcss-modules-local-by-default/-/postcss-modules-local-by-default-4.0.3.tgz. Extracting by manifest.
6301 silly tarball no local data for postcss-modules-scope@https://registry.npmjs.org/postcss-modules-scope/-/postcss-modules-scope-3.0.0.tgz. Extracting by manifest.
6302 silly tarball no local data for path-type@https://registry.npmjs.org/path-type/-/path-type-4.0.0.tgz. Extracting by manifest.
6303 silly tarball no local data for postcss-modules-extract-imports@https://registry.npmjs.org/postcss-modules-extract-imports/-/postcss-modules-extract-imports-3.0.0.tgz. Extracting by manifest.
6304 silly tarball no local data for yaml@https://registry.npmjs.org/yaml/-/yaml-1.10.2.tgz. Extracting by manifest.
6305 silly tarball no local data for parse-json@https://registry.npmjs.org/parse-json/-/parse-json-5.2.0.tgz. Extracting by manifest.
6306 silly tarball no local data for icss-utils@https://registry.npmjs.org/icss-utils/-/icss-utils-5.1.0.tgz. Extracting by manifest.
6307 silly tarball no local data for import-fresh@https://registry.npmjs.org/import-fresh/-/import-fresh-3.3.0.tgz. Extracting by manifest.
6308 silly tarball no local data for @types/parse-json@https://registry.npmjs.org/@types/parse-json/-/parse-json-4.0.2.tgz. Extracting by manifest.
6309 silly tarball no local data for color-name@https://registry.npmjs.org/color-name/-/color-name-1.1.3.tgz. Extracting by manifest.
6310 silly tarball no local data for color-convert@https://registry.npmjs.org/color-convert/-/color-convert-1.9.3.tgz. Extracting by manifest.
6311 silly tarball no local data for supports-color@https://registry.npmjs.org/supports-color/-/supports-color-5.5.0.tgz. Extracting by manifest.
6312 silly tarball no local data for ansi-styles@https://registry.npmjs.org/ansi-styles/-/ansi-styles-3.2.1.tgz. Extracting by manifest.
6313 silly tarball no local data for escape-string-regexp@https://registry.npmjs.org/escape-string-regexp/-/escape-string-regexp-1.0.5.tgz. Extracting by manifest.
6314 silly tarball no local data for node-releases@https://registry.npmjs.org/node-releases/-/node-releases-2.0.14.tgz. Extracting by manifest.
6315 silly tarball no local data for electron-to-chromium@https://registry.npmjs.org/electron-to-chromium/-/electron-to-chromium-1.4.614.tgz. Extracting by manifest.
6316 silly tarball no local data for update-browserslist-db@https://registry.npmjs.org/update-browserslist-db/-/update-browserslist-db-1.0.13.tgz. Extracting by manifest.
6317 silly tarball no local data for tryer@https://registry.npmjs.org/tryer/-/tryer-1.0.1.tgz. Extracting by manifest.
6318 silly tarball no local data for caniuse-lite@https://registry.npmjs.org/caniuse-lite/-/caniuse-lite-1.0.30001570.tgz. Extracting by manifest.
6319 silly tarball no local data for check-types@https://registry.npmjs.org/check-types/-/check-types-11.2.3.tgz. Extracting by manifest.
6320 silly tarball no local data for jsonpath@https://registry.npmjs.org/jsonpath/-/jsonpath-1.1.1.tgz. Extracting by manifest.
6321 silly tarball no local data for hoopy@https://registry.npmjs.org/hoopy/-/hoopy-0.1.4.tgz. Extracting by manifest.
6322 silly tarball no local data for regenerator-runtime@https://registry.npmjs.org/regenerator-runtime/-/regenerator-runtime-0.14.1.tgz. Extracting by manifest.
6323 silly tarball no local data for bluebird@https://registry.npmjs.org/bluebird/-/bluebird-3.7.2.tgz. Extracting by manifest.
6324 silly tarball no local data for @babel/plugin-syntax-typescript@https://registry.npmjs.org/@babel/plugin-syntax-typescript/-/plugin-syntax-typescript-7.23.3.tgz. Extracting by manifest.
6325 silly tarball no local data for @babel/plugin-syntax-flow@https://registry.npmjs.org/@babel/plugin-syntax-flow/-/plugin-syntax-flow-7.23.3.tgz. Extracting by manifest.
6326 silly tarball no local data for @babel/plugin-transform-typescript@https://registry.npmjs.org/@babel/plugin-transform-typescript/-/plugin-transform-typescript-7.23.6.tgz. Extracting by manifest.
6327 silly tarball no local data for babel-plugin-transform-react-remove-prop-types@https://registry.npmjs.org/babel-plugin-transform-react-remove-prop-types/-/babel-plugin-transform-react-remove-prop-types-0.4.24.tgz. Extracting by manifest.
6328 silly tarball no local data for @babel/plugin-syntax-decorators@https://registry.npmjs.org/@babel/plugin-syntax-decorators/-/plugin-syntax-decorators-7.23.3.tgz. Extracting by manifest.
6329 silly tarball no local data for babel-plugin-macros@https://registry.npmjs.org/babel-plugin-macros/-/babel-plugin-macros-3.1.0.tgz. Extracting by manifest.
6330 silly tarball no local data for @babel/runtime@https://registry.npmjs.org/@babel/runtime/-/runtime-7.23.6.tgz. Extracting by manifest.
6331 silly tarball no local data for @babel/preset-typescript@https://registry.npmjs.org/@babel/preset-typescript/-/preset-typescript-7.23.3.tgz. Extracting by manifest.
6332 silly tarball no local data for @babel/plugin-transform-flow-strip-types@https://registry.npmjs.org/@babel/plugin-transform-flow-strip-types/-/plugin-transform-flow-strip-types-7.23.3.tgz. Extracting by manifest.
6333 silly tarball no local data for @babel/plugin-transform-runtime@https://registry.npmjs.org/@babel/plugin-transform-runtime/-/plugin-transform-runtime-7.23.6.tgz. Extracting by manifest.
6334 silly tarball no local data for @babel/plugin-proposal-private-methods@https://registry.npmjs.org/@babel/plugin-proposal-private-methods/-/plugin-proposal-private-methods-7.18.6.tgz. Extracting by manifest.
6335 silly tarball no local data for @babel/plugin-proposal-optional-chaining@https://registry.npmjs.org/@babel/plugin-proposal-optional-chaining/-/plugin-proposal-optional-chaining-7.21.0.tgz. Extracting by manifest.
6336 silly tarball no local data for @babel/plugin-proposal-numeric-separator@https://registry.npmjs.org/@babel/plugin-proposal-numeric-separator/-/plugin-proposal-numeric-separator-7.18.6.tgz. Extracting by manifest.
6337 silly tarball no local data for @babel/plugin-proposal-nullish-coalescing-operator@https://registry.npmjs.org/@babel/plugin-proposal-nullish-coalescing-operator/-/plugin-proposal-nullish-coalescing-operator-7.18.6.tgz. Extracting by manifest.
6338 silly tarball no local data for @babel/plugin-proposal-decorators@https://registry.npmjs.org/@babel/plugin-proposal-decorators/-/plugin-proposal-decorators-7.23.6.tgz. Extracting by manifest.
6339 silly tarball no local data for babel-preset-current-node-syntax@https://registry.npmjs.org/babel-preset-current-node-syntax/-/babel-preset-current-node-syntax-1.0.1.tgz. Extracting by manifest.
6340 silly tarball no local data for @babel/plugin-proposal-class-properties@https://registry.npmjs.org/@babel/plugin-proposal-class-properties/-/plugin-proposal-class-properties-7.18.6.tgz. Extracting by manifest.
6341 silly tarball no local data for babel-plugin-jest-hoist@https://registry.npmjs.org/babel-plugin-jest-hoist/-/babel-plugin-jest-hoist-27.5.1.tgz. Extracting by manifest.
6342 silly tarball no local data for @babel/plugin-syntax-bigint@https://registry.npmjs.org/@babel/plugin-syntax-bigint/-/plugin-syntax-bigint-7.8.3.tgz. Extracting by manifest.
6343 silly tarball no local data for resolve-from@https://registry.npmjs.org/resolve-from/-/resolve-from-5.0.0.tgz. Extracting by manifest.
6344 silly tarball no local data for @babel/helper-define-polyfill-provider@https://registry.npmjs.org/@babel/helper-define-polyfill-provider/-/helper-define-polyfill-provider-0.4.4.tgz. Extracting by manifest.
6345 silly tarball no local data for get-package-type@https://registry.npmjs.org/get-package-type/-/get-package-type-0.1.0.tgz. Extracting by manifest.
6346 silly tarball no local data for lodash.debounce@https://registry.npmjs.org/lodash.debounce/-/lodash.debounce-4.0.8.tgz. Extracting by manifest.
6347 silly tarball no local data for test-exclude@https://registry.npmjs.org/test-exclude/-/test-exclude-6.0.0.tgz. Extracting by manifest.
6348 silly tarball no local data for istanbul-lib-instrument@https://registry.npmjs.org/istanbul-lib-instrument/-/istanbul-lib-instrument-5.2.1.tgz. Extracting by manifest.
6349 silly tarball no local data for js-yaml@https://registry.npmjs.org/js-yaml/-/js-yaml-3.14.1.tgz. Extracting by manifest.
6350 silly tarball no local data for @istanbuljs/load-nyc-config@https://registry.npmjs.org/@istanbuljs/load-nyc-config/-/load-nyc-config-1.1.0.tgz. Extracting by manifest.
6351 silly tarball no local data for @istanbuljs/schema@https://registry.npmjs.org/@istanbuljs/schema/-/schema-0.1.3.tgz. Extracting by manifest.
6352 silly tarball no local data for make-dir@https://registry.npmjs.org/make-dir/-/make-dir-3.1.0.tgz. Extracting by manifest.
6353 silly tarball no local data for @types/yargs-parser@https://registry.npmjs.org/@types/yargs-parser/-/yargs-parser-21.0.3.tgz. Extracting by manifest.
6354 silly tarball no local data for find-cache-dir@https://registry.npmjs.org/find-cache-dir/-/find-cache-dir-3.3.2.tgz. Extracting by manifest.
6355 silly tarball no local data for undici-types@https://registry.npmjs.org/undici-types/-/undici-types-5.26.5.tgz. Extracting by manifest.
6356 silly tarball no local data for @types/istanbul-lib-report@https://registry.npmjs.org/@types/istanbul-lib-report/-/istanbul-lib-report-3.0.3.tgz. Extracting by manifest.
6357 silly tarball no local data for @types/babel__template@https://registry.npmjs.org/@types/babel__template/-/babel__template-7.4.4.tgz. Extracting by manifest.
6358 silly tarball no local data for @types/babel__traverse@https://registry.npmjs.org/@types/babel__traverse/-/babel__traverse-7.20.4.tgz. Extracting by manifest.
6359 silly tarball no local data for @types/babel__generator@https://registry.npmjs.org/@types/babel__generator/-/babel__generator-7.6.8.tgz. Extracting by manifest.
6360 silly tarball no local data for @types/yargs@https://registry.npmjs.org/@types/yargs/-/yargs-16.0.9.tgz. Extracting by manifest.
6361 silly tarball no local data for @types/node@https://registry.npmjs.org/@types/node/-/node-20.10.5.tgz. Extracting by manifest.
6362 silly tarball no local data for write-file-atomic@https://registry.npmjs.org/write-file-atomic/-/write-file-atomic-3.0.3.tgz. Extracting by manifest.
6363 silly tarball no local data for @types/istanbul-lib-coverage@https://registry.npmjs.org/@types/istanbul-lib-coverage/-/istanbul-lib-coverage-2.0.6.tgz. Extracting by manifest.
6364 silly tarball no local data for @types/istanbul-reports@https://registry.npmjs.org/@types/istanbul-reports/-/istanbul-reports-3.0.4.tgz. Extracting by manifest.
6365 silly tarball no local data for jest-util@https://registry.npmjs.org/jest-util/-/jest-util-27.5.1.tgz. Extracting by manifest.
6366 silly tarball no local data for pirates@https://registry.npmjs.org/pirates/-/pirates-4.0.6.tgz. Extracting by manifest.
6367 silly tarball no local data for jest-regex-util@https://registry.npmjs.org/jest-regex-util/-/jest-regex-util-27.5.1.tgz. Extracting by manifest.
6368 silly tarball no local data for fast-json-stable-stringify@https://registry.npmjs.org/fast-json-stable-stringify/-/fast-json-stable-stringify-2.1.0.tgz. Extracting by manifest.
6369 silly tarball no local data for micromatch@https://registry.npmjs.org/micromatch/-/micromatch-4.0.5.tgz. Extracting by manifest.
6370 silly tarball no local data for slash@https://registry.npmjs.org/slash/-/slash-3.0.0.tgz. Extracting by manifest.
6371 silly tarball no local data for jest-haste-map@https://registry.npmjs.org/jest-haste-map/-/jest-haste-map-27.5.1.tgz. Extracting by manifest.
6372 silly tarball no local data for babel-plugin-istanbul@https://registry.npmjs.org/babel-plugin-istanbul/-/babel-plugin-istanbul-6.1.1.tgz. Extracting by manifest.
6373 silly tarball no local data for @types/babel__core@https://registry.npmjs.org/@types/babel__core/-/babel__core-7.20.5.tgz. Extracting by manifest.
6374 silly tarball no local data for babel-preset-jest@https://registry.npmjs.org/babel-preset-jest/-/babel-preset-jest-27.5.1.tgz. Extracting by manifest.
6375 silly tarball no local data for @jest/types@https://registry.npmjs.org/@jest/types/-/types-27.5.1.tgz. Extracting by manifest.
6376 silly tarball no local data for @jest/transform@https://registry.npmjs.org/@jest/transform/-/transform-27.5.1.tgz. Extracting by manifest.
6377 silly tarball no local data for svgo@https://registry.npmjs.org/svgo/-/svgo-1.3.2.tgz. Extracting by manifest.
6378 silly tarball no local data for @svgr/babel-plugin-svg-em-dimensions@https://registry.npmjs.org/@svgr/babel-plugin-svg-em-dimensions/-/babel-plugin-svg-em-dimensions-5.4.0.tgz. Extracting by manifest.
6379 silly tarball no local data for deepmerge@https://registry.npmjs.org/deepmerge/-/deepmerge-4.3.1.tgz. Extracting by manifest.
6380 silly tarball no local data for @svgr/babel-plugin-transform-react-native-svg@https://registry.npmjs.org/@svgr/babel-plugin-transform-react-native-svg/-/babel-plugin-transform-react-native-svg-5.4.0.tgz. Extracting by manifest.
6381 silly tarball no local data for @svgr/babel-plugin-transform-svg-component@https://registry.npmjs.org/@svgr/babel-plugin-transform-svg-component/-/babel-plugin-transform-svg-component-5.5.0.tgz. Extracting by manifest.
6382 silly tarball no local data for @svgr/babel-plugin-svg-dynamic-title@https://registry.npmjs.org/@svgr/babel-plugin-svg-dynamic-title/-/babel-plugin-svg-dynamic-title-5.4.0.tgz. Extracting by manifest.
6383 silly tarball no local data for @svgr/babel-plugin-replace-jsx-attribute-value@https://registry.npmjs.org/@svgr/babel-plugin-replace-jsx-attribute-value/-/babel-plugin-replace-jsx-attribute-value-5.0.1.tgz. Extracting by manifest.
6384 silly tarball no local data for @svgr/babel-plugin-remove-jsx-empty-expression@https://registry.npmjs.org/@svgr/babel-plugin-remove-jsx-empty-expression/-/babel-plugin-remove-jsx-empty-expression-5.0.1.tgz. Extracting by manifest.
6385 silly tarball no local data for @svgr/babel-plugin-remove-jsx-attribute@https://registry.npmjs.org/@svgr/babel-plugin-remove-jsx-attribute/-/babel-plugin-remove-jsx-attribute-5.4.0.tgz. Extracting by manifest.
6386 silly tarball no local data for @svgr/hast-util-to-babel-ast@https://registry.npmjs.org/@svgr/hast-util-to-babel-ast/-/hast-util-to-babel-ast-5.5.0.tgz. Extracting by manifest.
6387 silly tarball no local data for svg-parser@https://registry.npmjs.org/svg-parser/-/svg-parser-2.0.4.tgz. Extracting by manifest.
6388 silly tarball no local data for @svgr/babel-preset@https://registry.npmjs.org/@svgr/babel-preset/-/babel-preset-5.5.0.tgz. Extracting by manifest.
6389 silly tarball no local data for @svgr/babel-plugin-add-jsx-attribute@https://registry.npmjs.org/@svgr/babel-plugin-add-jsx-attribute/-/babel-plugin-add-jsx-attribute-5.4.0.tgz. Extracting by manifest.
6390 silly tarball no local data for cosmiconfig@https://registry.npmjs.org/cosmiconfig/-/cosmiconfig-7.1.0.tgz. Extracting by manifest.
6391 silly tarball no local data for @babel/plugin-syntax-jsx@https://registry.npmjs.org/@babel/plugin-syntax-jsx/-/plugin-syntax-jsx-7.23.3.tgz. Extracting by manifest.
6392 silly tarball no local data for @babel/plugin-transform-react-jsx-development@https://registry.npmjs.org/@babel/plugin-transform-react-jsx-development/-/plugin-transform-react-jsx-development-7.22.5.tgz. Extracting by manifest.
6393 silly tarball no local data for @babel/plugin-transform-react-pure-annotations@https://registry.npmjs.org/@babel/plugin-transform-react-pure-annotations/-/plugin-transform-react-pure-annotations-7.23.3.tgz. Extracting by manifest.
6394 silly tarball no local data for @babel/plugin-transform-react-jsx@https://registry.npmjs.org/@babel/plugin-transform-react-jsx/-/plugin-transform-react-jsx-7.23.4.tgz. Extracting by manifest.
6395 silly tarball no local data for @babel/helper-builder-binary-assignment-operator-visitor@https://registry.npmjs.org/@babel/helper-builder-binary-assignment-operator-visitor/-/helper-builder-binary-assignment-operator-visitor-7.22.15.tgz. Extracting by manifest.
6396 silly tarball no local data for @babel/plugin-transform-react-display-name@https://registry.npmjs.org/@babel/plugin-transform-react-display-name/-/plugin-transform-react-display-name-7.23.3.tgz. Extracting by manifest.
6397 silly tarball no local data for regenerator-transform@https://registry.npmjs.org/regenerator-transform/-/regenerator-transform-0.15.2.tgz. Extracting by manifest.
6398 silly tarball no local data for esutils@https://registry.npmjs.org/esutils/-/esutils-2.0.3.tgz. Extracting by manifest.
6399 silly tarball no local data for @babel/helper-optimise-call-expression@https://registry.npmjs.org/@babel/helper-optimise-call-expression/-/helper-optimise-call-expression-7.22.5.tgz. Extracting by manifest.
6400 silly tarball no local data for @babel/helper-wrap-function@https://registry.npmjs.org/@babel/helper-wrap-function/-/helper-wrap-function-7.22.20.tgz. Extracting by manifest.
6401 silly tarball no local data for @babel/helper-remap-async-to-generator@https://registry.npmjs.org/@babel/helper-remap-async-to-generator/-/helper-remap-async-to-generator-7.22.20.tgz. Extracting by manifest.
6402 silly tarball no local data for @babel/helper-replace-supers@https://registry.npmjs.org/@babel/helper-replace-supers/-/helper-replace-supers-7.22.20.tgz. Extracting by manifest.
6403 silly tarball no local data for @babel/helper-member-expression-to-functions@https://registry.npmjs.org/@babel/helper-member-expression-to-functions/-/helper-member-expression-to-functions-7.23.0.tgz. Extracting by manifest.
6404 silly tarball no local data for @babel/helper-create-class-features-plugin@https://registry.npmjs.org/@babel/helper-create-class-features-plugin/-/helper-create-class-features-plugin-7.23.6.tgz. Extracting by manifest.
6405 silly tarball no local data for @babel/helper-skip-transparent-expression-wrappers@https://registry.npmjs.org/@babel/helper-skip-transparent-expression-wrappers/-/helper-skip-transparent-expression-wrappers-7.22.5.tgz. Extracting by manifest.
6406 silly tarball no local data for regexpu-core@https://registry.npmjs.org/regexpu-core/-/regexpu-core-5.3.2.tgz. Extracting by manifest.
6407 silly tarball no local data for @babel/helper-annotate-as-pure@https://registry.npmjs.org/@babel/helper-annotate-as-pure/-/helper-annotate-as-pure-7.22.5.tgz. Extracting by manifest.
6408 silly tarball no local data for @babel/helper-create-regexp-features-plugin@https://registry.npmjs.org/@babel/helper-create-regexp-features-plugin/-/helper-create-regexp-features-plugin-7.22.15.tgz. Extracting by manifest.
6409 silly tarball no local data for core-js-compat@https://registry.npmjs.org/core-js-compat/-/core-js-compat-3.34.0.tgz. Extracting by manifest.
6410 silly tarball no local data for @babel/plugin-transform-unicode-sets-regex@https://registry.npmjs.org/@babel/plugin-transform-unicode-sets-regex/-/plugin-transform-unicode-sets-regex-7.23.3.tgz. Extracting by manifest.
6411 silly tarball no local data for babel-plugin-polyfill-corejs2@https://registry.npmjs.org/babel-plugin-polyfill-corejs2/-/babel-plugin-polyfill-corejs2-0.4.7.tgz. Extracting by manifest.
6412 silly tarball no local data for babel-plugin-polyfill-regenerator@https://registry.npmjs.org/babel-plugin-polyfill-regenerator/-/babel-plugin-polyfill-regenerator-0.5.4.tgz. Extracting by manifest.
6413 silly tarball no local data for babel-plugin-polyfill-corejs3@https://registry.npmjs.org/babel-plugin-polyfill-corejs3/-/babel-plugin-polyfill-corejs3-0.8.7.tgz. Extracting by manifest.
6414 silly tarball no local data for @babel/preset-modules@https://registry.npmjs.org/@babel/preset-modules/-/preset-modules-0.1.6-no-external-plugins.tgz. Extracting by manifest.
6415 silly tarball no local data for @babel/plugin-transform-unicode-regex@https://registry.npmjs.org/@babel/plugin-transform-unicode-regex/-/plugin-transform-unicode-regex-7.23.3.tgz. Extracting by manifest.
6416 silly tarball no local data for @babel/plugin-transform-unicode-property-regex@https://registry.npmjs.org/@babel/plugin-transform-unicode-property-regex/-/plugin-transform-unicode-property-regex-7.23.3.tgz. Extracting by manifest.
6417 silly tarball no local data for @babel/plugin-transform-unicode-escapes@https://registry.npmjs.org/@babel/plugin-transform-unicode-escapes/-/plugin-transform-unicode-escapes-7.23.3.tgz. Extracting by manifest.
6418 silly tarball no local data for @babel/plugin-transform-typeof-symbol@https://registry.npmjs.org/@babel/plugin-transform-typeof-symbol/-/plugin-transform-typeof-symbol-7.23.3.tgz. Extracting by manifest.
6419 silly tarball no local data for @babel/plugin-transform-template-literals@https://registry.npmjs.org/@babel/plugin-transform-template-literals/-/plugin-transform-template-literals-7.23.3.tgz. Extracting by manifest.
6420 silly tarball no local data for @babel/plugin-transform-sticky-regex@https://registry.npmjs.org/@babel/plugin-transform-sticky-regex/-/plugin-transform-sticky-regex-7.23.3.tgz. Extracting by manifest.
6421 silly tarball no local data for @babel/plugin-transform-spread@https://registry.npmjs.org/@babel/plugin-transform-spread/-/plugin-transform-spread-7.23.3.tgz. Extracting by manifest.
6422 silly tarball no local data for @babel/plugin-transform-reserved-words@https://registry.npmjs.org/@babel/plugin-transform-reserved-words/-/plugin-transform-reserved-words-7.23.3.tgz. Extracting by manifest.
6423 silly tarball no local data for @babel/plugin-transform-shorthand-properties@https://registry.npmjs.org/@babel/plugin-transform-shorthand-properties/-/plugin-transform-shorthand-properties-7.23.3.tgz. Extracting by manifest.
6424 silly tarball no local data for @babel/plugin-transform-regenerator@https://registry.npmjs.org/@babel/plugin-transform-regenerator/-/plugin-transform-regenerator-7.23.3.tgz. Extracting by manifest.
6425 silly tarball no local data for @babel/plugin-transform-property-literals@https://registry.npmjs.org/@babel/plugin-transform-property-literals/-/plugin-transform-property-literals-7.23.3.tgz. Extracting by manifest.
6426 silly tarball no local data for @babel/plugin-transform-private-property-in-object@https://registry.npmjs.org/@babel/plugin-transform-private-property-in-object/-/plugin-transform-private-property-in-object-7.23.4.tgz. Extracting by manifest.
6427 silly tarball no local data for @babel/plugin-transform-parameters@https://registry.npmjs.org/@babel/plugin-transform-parameters/-/plugin-transform-parameters-7.23.3.tgz. Extracting by manifest.
6428 silly tarball no local data for @babel/plugin-transform-private-methods@https://registry.npmjs.org/@babel/plugin-transform-private-methods/-/plugin-transform-private-methods-7.23.3.tgz. Extracting by manifest.
6429 silly tarball no local data for @babel/plugin-transform-optional-catch-binding@https://registry.npmjs.org/@babel/plugin-transform-optional-catch-binding/-/plugin-transform-optional-catch-binding-7.23.4.tgz. Extracting by manifest.
6430 silly tarball no local data for @babel/plugin-transform-object-super@https://registry.npmjs.org/@babel/plugin-transform-object-super/-/plugin-transform-object-super-7.23.3.tgz. Extracting by manifest.
6431 silly tarball no local data for @babel/plugin-transform-numeric-separator@https://registry.npmjs.org/@babel/plugin-transform-numeric-separator/-/plugin-transform-numeric-separator-7.23.4.tgz. Extracting by manifest.
6432 silly tarball no local data for @babel/plugin-transform-optional-chaining@https://registry.npmjs.org/@babel/plugin-transform-optional-chaining/-/plugin-transform-optional-chaining-7.23.4.tgz. Extracting by manifest.
6433 silly tarball no local data for @babel/plugin-transform-nullish-coalescing-operator@https://registry.npmjs.org/@babel/plugin-transform-nullish-coalescing-operator/-/plugin-transform-nullish-coalescing-operator-7.23.4.tgz. Extracting by manifest.
6434 silly tarball no local data for @babel/plugin-transform-object-rest-spread@https://registry.npmjs.org/@babel/plugin-transform-object-rest-spread/-/plugin-transform-object-rest-spread-7.23.4.tgz. Extracting by manifest.
6435 silly tarball no local data for @babel/plugin-transform-new-target@https://registry.npmjs.org/@babel/plugin-transform-new-target/-/plugin-transform-new-target-7.23.3.tgz. Extracting by manifest.
6436 silly tarball no local data for @babel/plugin-transform-modules-systemjs@https://registry.npmjs.org/@babel/plugin-transform-modules-systemjs/-/plugin-transform-modules-systemjs-7.23.3.tgz. Extracting by manifest.
6437 silly tarball no local data for @babel/plugin-transform-modules-commonjs@https://registry.npmjs.org/@babel/plugin-transform-modules-commonjs/-/plugin-transform-modules-commonjs-7.23.3.tgz. Extracting by manifest.
6438 silly tarball no local data for @babel/plugin-transform-named-capturing-groups-regex@https://registry.npmjs.org/@babel/plugin-transform-named-capturing-groups-regex/-/plugin-transform-named-capturing-groups-regex-7.22.5.tgz. Extracting by manifest.
6439 silly tarball no local data for @babel/plugin-transform-modules-umd@https://registry.npmjs.org/@babel/plugin-transform-modules-umd/-/plugin-transform-modules-umd-7.23.3.tgz. Extracting by manifest.
6440 silly tarball no local data for @babel/plugin-transform-modules-amd@https://registry.npmjs.org/@babel/plugin-transform-modules-amd/-/plugin-transform-modules-amd-7.23.3.tgz. Extracting by manifest.
6441 silly tarball no local data for @babel/plugin-transform-member-expression-literals@https://registry.npmjs.org/@babel/plugin-transform-member-expression-literals/-/plugin-transform-member-expression-literals-7.23.3.tgz. Extracting by manifest.
6442 silly tarball no local data for @babel/plugin-transform-json-strings@https://registry.npmjs.org/@babel/plugin-transform-json-strings/-/plugin-transform-json-strings-7.23.4.tgz. Extracting by manifest.
6443 silly tarball no local data for @babel/plugin-transform-literals@https://registry.npmjs.org/@babel/plugin-transform-literals/-/plugin-transform-literals-7.23.3.tgz. Extracting by manifest.
6444 silly tarball no local data for @babel/plugin-transform-logical-assignment-operators@https://registry.npmjs.org/@babel/plugin-transform-logical-assignment-operators/-/plugin-transform-logical-assignment-operators-7.23.4.tgz. Extracting by manifest.
6445 silly tarball no local data for @babel/plugin-transform-function-name@https://registry.npmjs.org/@babel/plugin-transform-function-name/-/plugin-transform-function-name-7.23.3.tgz. Extracting by manifest.
6446 silly tarball no local data for @babel/plugin-transform-export-namespace-from@https://registry.npmjs.org/@babel/plugin-transform-export-namespace-from/-/plugin-transform-export-namespace-from-7.23.4.tgz. Extracting by manifest.
6447 silly tarball no local data for @babel/plugin-transform-for-of@https://registry.npmjs.org/@babel/plugin-transform-for-of/-/plugin-transform-for-of-7.23.6.tgz. Extracting by manifest.
6448 silly tarball no local data for @babel/plugin-transform-dynamic-import@https://registry.npmjs.org/@babel/plugin-transform-dynamic-import/-/plugin-transform-dynamic-import-7.23.4.tgz. Extracting by manifest.
6449 silly tarball no local data for @babel/plugin-transform-exponentiation-operator@https://registry.npmjs.org/@babel/plugin-transform-exponentiation-operator/-/plugin-transform-exponentiation-operator-7.23.3.tgz. Extracting by manifest.
6450 silly tarball no local data for @babel/plugin-transform-destructuring@https://registry.npmjs.org/@babel/plugin-transform-destructuring/-/plugin-transform-destructuring-7.23.3.tgz. Extracting by manifest.
6451 silly tarball no local data for @babel/plugin-transform-dotall-regex@https://registry.npmjs.org/@babel/plugin-transform-dotall-regex/-/plugin-transform-dotall-regex-7.23.3.tgz. Extracting by manifest.
6452 silly tarball no local data for @babel/plugin-transform-duplicate-keys@https://registry.npmjs.org/@babel/plugin-transform-duplicate-keys/-/plugin-transform-duplicate-keys-7.23.3.tgz. Extracting by manifest.
6453 silly tarball no local data for @babel/plugin-transform-computed-properties@https://registry.npmjs.org/@babel/plugin-transform-computed-properties/-/plugin-transform-computed-properties-7.23.3.tgz. Extracting by manifest.
6454 silly tarball no local data for @babel/plugin-transform-classes@https://registry.npmjs.org/@babel/plugin-transform-classes/-/plugin-transform-classes-7.23.5.tgz. Extracting by manifest.
6455 silly tarball no local data for @babel/plugin-transform-class-static-block@https://registry.npmjs.org/@babel/plugin-transform-class-static-block/-/plugin-transform-class-static-block-7.23.4.tgz. Extracting by manifest.
6456 silly tarball no local data for @babel/plugin-transform-class-properties@https://registry.npmjs.org/@babel/plugin-transform-class-properties/-/plugin-transform-class-properties-7.23.3.tgz. Extracting by manifest.
6457 silly tarball no local data for @babel/plugin-transform-block-scoped-functions@https://registry.npmjs.org/@babel/plugin-transform-block-scoped-functions/-/plugin-transform-block-scoped-functions-7.23.3.tgz. Extracting by manifest.
6458 silly tarball no local data for @babel/plugin-transform-block-scoping@https://registry.npmjs.org/@babel/plugin-transform-block-scoping/-/plugin-transform-block-scoping-7.23.4.tgz. Extracting by manifest.
6459 silly tarball no local data for @babel/plugin-transform-async-generator-functions@https://registry.npmjs.org/@babel/plugin-transform-async-generator-functions/-/plugin-transform-async-generator-functions-7.23.4.tgz. Extracting by manifest.
6460 silly tarball no local data for @babel/plugin-transform-arrow-functions@https://registry.npmjs.org/@babel/plugin-transform-arrow-functions/-/plugin-transform-arrow-functions-7.23.3.tgz. Extracting by manifest.
6461 silly tarball no local data for @babel/plugin-transform-async-to-generator@https://registry.npmjs.org/@babel/plugin-transform-async-to-generator/-/plugin-transform-async-to-generator-7.23.3.tgz. Extracting by manifest.
6462 silly tarball no local data for @babel/plugin-syntax-top-level-await@https://registry.npmjs.org/@babel/plugin-syntax-top-level-await/-/plugin-syntax-top-level-await-7.14.5.tgz. Extracting by manifest.
6463 silly tarball no local data for @babel/plugin-syntax-private-property-in-object@https://registry.npmjs.org/@babel/plugin-syntax-private-property-in-object/-/plugin-syntax-private-property-in-object-7.14.5.tgz. Extracting by manifest.
6464 silly tarball no local data for @babel/plugin-syntax-optional-catch-binding@https://registry.npmjs.org/@babel/plugin-syntax-optional-catch-binding/-/plugin-syntax-optional-catch-binding-7.8.3.tgz. Extracting by manifest.
6465 silly tarball no local data for @babel/plugin-syntax-optional-chaining@https://registry.npmjs.org/@babel/plugin-syntax-optional-chaining/-/plugin-syntax-optional-chaining-7.8.3.tgz. Extracting by manifest.
6466 silly tarball no local data for @babel/plugin-syntax-unicode-sets-regex@https://registry.npmjs.org/@babel/plugin-syntax-unicode-sets-regex/-/plugin-syntax-unicode-sets-regex-7.18.6.tgz. Extracting by manifest.
6467 silly tarball no local data for @babel/plugin-syntax-numeric-separator@https://registry.npmjs.org/@babel/plugin-syntax-numeric-separator/-/plugin-syntax-numeric-separator-7.10.4.tgz. Extracting by manifest.
6468 silly tarball no local data for @babel/plugin-syntax-object-rest-spread@https://registry.npmjs.org/@babel/plugin-syntax-object-rest-spread/-/plugin-syntax-object-rest-spread-7.8.3.tgz. Extracting by manifest.
6469 silly tarball no local data for @babel/plugin-syntax-nullish-coalescing-operator@https://registry.npmjs.org/@babel/plugin-syntax-nullish-coalescing-operator/-/plugin-syntax-nullish-coalescing-operator-7.8.3.tgz. Extracting by manifest.
6470 silly tarball no local data for @babel/plugin-syntax-json-strings@https://registry.npmjs.org/@babel/plugin-syntax-json-strings/-/plugin-syntax-json-strings-7.8.3.tgz. Extracting by manifest.
6471 silly tarball no local data for @babel/plugin-syntax-logical-assignment-operators@https://registry.npmjs.org/@babel/plugin-syntax-logical-assignment-operators/-/plugin-syntax-logical-assignment-operators-7.10.4.tgz. Extracting by manifest.
6472 silly tarball no local data for @babel/plugin-syntax-import-attributes@https://registry.npmjs.org/@babel/plugin-syntax-import-attributes/-/plugin-syntax-import-attributes-7.23.3.tgz. Extracting by manifest.
6473 silly tarball no local data for @babel/plugin-syntax-import-meta@https://registry.npmjs.org/@babel/plugin-syntax-import-meta/-/plugin-syntax-import-meta-7.10.4.tgz. Extracting by manifest.
6474 silly tarball no local data for @babel/plugin-syntax-dynamic-import@https://registry.npmjs.org/@babel/plugin-syntax-dynamic-import/-/plugin-syntax-dynamic-import-7.8.3.tgz. Extracting by manifest.
6475 silly tarball no local data for @babel/plugin-syntax-export-namespace-from@https://registry.npmjs.org/@babel/plugin-syntax-export-namespace-from/-/plugin-syntax-export-namespace-from-7.8.3.tgz. Extracting by manifest.
6476 silly tarball no local data for @babel/plugin-syntax-import-assertions@https://registry.npmjs.org/@babel/plugin-syntax-import-assertions/-/plugin-syntax-import-assertions-7.23.3.tgz. Extracting by manifest.
6477 silly tarball no local data for @babel/plugin-syntax-class-static-block@https://registry.npmjs.org/@babel/plugin-syntax-class-static-block/-/plugin-syntax-class-static-block-7.14.5.tgz. Extracting by manifest.
6478 silly tarball no local data for @babel/plugin-syntax-class-properties@https://registry.npmjs.org/@babel/plugin-syntax-class-properties/-/plugin-syntax-class-properties-7.12.13.tgz. Extracting by manifest.
6479 silly tarball no local data for @babel/plugin-syntax-async-generators@https://registry.npmjs.org/@babel/plugin-syntax-async-generators/-/plugin-syntax-async-generators-7.8.4.tgz. Extracting by manifest.
6480 silly tarball no local data for @babel/plugin-proposal-private-property-in-object@https://registry.npmjs.org/@babel/plugin-proposal-private-property-in-object/-/plugin-proposal-private-property-in-object-7.21.0-placeholder-for-preset-env.2.tgz. Extracting by manifest.
6481 silly tarball no local data for @babel/plugin-bugfix-v8-spread-parameters-in-optional-chaining@https://registry.npmjs.org/@babel/plugin-bugfix-v8-spread-parameters-in-optional-chaining/-/plugin-bugfix-v8-spread-parameters-in-optional-chaining-7.23.3.tgz. Extracting by manifest.
6482 silly tarball no local data for @babel/plugin-bugfix-v8-static-class-fields-redefine-readonly@https://registry.npmjs.org/@babel/plugin-bugfix-v8-static-class-fields-redefine-readonly/-/plugin-bugfix-v8-static-class-fields-redefine-readonly-7.23.3.tgz. Extracting by manifest.
6483 silly tarball no local data for @babel/helper-plugin-utils@https://registry.npmjs.org/@babel/helper-plugin-utils/-/helper-plugin-utils-7.22.5.tgz. Extracting by manifest.
6484 silly tarball no local data for @svgr/plugin-svgo@https://registry.npmjs.org/@svgr/plugin-svgo/-/plugin-svgo-5.5.0.tgz. Extracting by manifest.
6485 silly tarball no local data for @babel/plugin-bugfix-safari-id-destructuring-collision-in-function-expression@https://registry.npmjs.org/@babel/plugin-bugfix-safari-id-destructuring-collision-in-function-expression/-/plugin-bugfix-safari-id-destructuring-collision-in-function-expression-7.23.3.tgz. Extracting by manifest.
6486 silly tarball no local data for @svgr/plugin-jsx@https://registry.npmjs.org/@svgr/plugin-jsx/-/plugin-jsx-5.5.0.tgz. Extracting by manifest.
6487 silly tarball no local data for @svgr/core@https://registry.npmjs.org/@svgr/core/-/core-5.5.0.tgz. Extracting by manifest.
6488 silly tarball no local data for @babel/preset-react@https://registry.npmjs.org/@babel/preset-react/-/preset-react-7.23.3.tgz. Extracting by manifest.
6489 silly tarball no local data for @babel/plugin-transform-react-constant-elements@https://registry.npmjs.org/@babel/plugin-transform-react-constant-elements/-/plugin-transform-react-constant-elements-7.23.3.tgz. Extracting by manifest.
6490 silly tarball no local data for source-map@https://registry.npmjs.org/source-map/-/source-map-0.7.4.tgz. Extracting by manifest.
6491 silly tarball no local data for @babel/preset-env@https://registry.npmjs.org/@babel/preset-env/-/preset-env-7.23.6.tgz. Extracting by manifest.
6492 silly tarball no local data for schema-utils@https://registry.npmjs.org/schema-utils/-/schema-utils-3.3.0.tgz. Extracting by manifest.
6493 silly tarball no local data for loader-utils@https://registry.npmjs.org/loader-utils/-/loader-utils-2.0.4.tgz. Extracting by manifest.
6494 silly tarball no local data for find-up@https://registry.npmjs.org/find-up/-/find-up-5.0.0.tgz. Extracting by manifest.
6495 silly tarball no local data for error-stack-parser@https://registry.npmjs.org/error-stack-parser/-/error-stack-parser-2.1.4.tgz. Extracting by manifest.
6496 silly tarball no local data for html-entities@https://registry.npmjs.org/html-entities/-/html-entities-2.4.0.tgz. Extracting by manifest.
6497 silly tarball no local data for core-js-pure@https://registry.npmjs.org/core-js-pure/-/core-js-pure-3.34.0.tgz. Extracting by manifest.
6498 silly tarball no local data for @jridgewell/resolve-uri@https://registry.npmjs.org/@jridgewell/resolve-uri/-/resolve-uri-3.1.1.tgz. Extracting by manifest.
6499 silly tarball no local data for common-path-prefix@https://registry.npmjs.org/common-path-prefix/-/common-path-prefix-3.0.0.tgz. Extracting by manifest.
6500 silly tarball no local data for @jridgewell/set-array@https://registry.npmjs.org/@jridgewell/set-array/-/set-array-1.1.2.tgz. Extracting by manifest.
6501 silly tarball no local data for @jridgewell/sourcemap-codec@https://registry.npmjs.org/@jridgewell/sourcemap-codec/-/sourcemap-codec-1.4.15.tgz. Extracting by manifest.
6502 silly tarball no local data for ansi-html-community@https://registry.npmjs.org/ansi-html-community/-/ansi-html-community-0.0.8.tgz. Extracting by manifest.
6503 silly tarball no local data for @babel/helper-string-parser@https://registry.npmjs.org/@babel/helper-string-parser/-/helper-string-parser-7.23.4.tgz. Extracting by manifest.
6504 silly tarball no local data for @babel/helper-function-name@https://registry.npmjs.org/@babel/helper-function-name/-/helper-function-name-7.23.0.tgz. Extracting by manifest.
6505 silly tarball no local data for @babel/helper-hoist-variables@https://registry.npmjs.org/@babel/helper-hoist-variables/-/helper-hoist-variables-7.22.5.tgz. Extracting by manifest.
6506 silly tarball no local data for globals@https://registry.npmjs.org/globals/-/globals-11.12.0.tgz. Extracting by manifest.
6507 silly tarball no local data for to-fast-properties@https://registry.npmjs.org/to-fast-properties/-/to-fast-properties-2.0.0.tgz. Extracting by manifest.
6508 silly tarball no local data for @babel/helper-validator-identifier@https://registry.npmjs.org/@babel/helper-validator-identifier/-/helper-validator-identifier-7.22.20.tgz. Extracting by manifest.
6509 silly tarball no local data for @babel/helper-validator-option@https://registry.npmjs.org/@babel/helper-validator-option/-/helper-validator-option-7.23.5.tgz. Extracting by manifest.
6510 silly tarball no local data for @babel/helper-simple-access@https://registry.npmjs.org/@babel/helper-simple-access/-/helper-simple-access-7.22.5.tgz. Extracting by manifest.
6511 silly tarball no local data for @babel/helper-module-imports@https://registry.npmjs.org/@babel/helper-module-imports/-/helper-module-imports-7.22.15.tgz. Extracting by manifest.
6512 silly tarball no local data for @babel/helper-split-export-declaration@https://registry.npmjs.org/@babel/helper-split-export-declaration/-/helper-split-export-declaration-7.22.6.tgz. Extracting by manifest.
6513 silly tarball no local data for @babel/helper-environment-visitor@https://registry.npmjs.org/@babel/helper-environment-visitor/-/helper-environment-visitor-7.22.20.tgz. Extracting by manifest.
6514 silly tarball no local data for lru-cache@https://registry.npmjs.org/lru-cache/-/lru-cache-5.1.1.tgz. Extracting by manifest.
6515 silly tarball no local data for jsesc@https://registry.npmjs.org/jsesc/-/jsesc-2.5.2.tgz. Extracting by manifest.
6516 silly tarball no local data for @babel/compat-data@https://registry.npmjs.org/@babel/compat-data/-/compat-data-7.23.5.tgz. Extracting by manifest.
6517 silly tarball no local data for @babel/highlight@https://registry.npmjs.org/@babel/highlight/-/highlight-7.23.4.tgz. Extracting by manifest.
6518 silly tarball no local data for chalk@https://registry.npmjs.org/chalk/-/chalk-2.4.2.tgz. Extracting by manifest.
6519 silly tarball no local data for @jridgewell/trace-mapping@https://registry.npmjs.org/@jridgewell/trace-mapping/-/trace-mapping-0.3.20.tgz. Extracting by manifest.
6520 silly tarball no local data for json5@https://registry.npmjs.org/json5/-/json5-2.2.3.tgz. Extracting by manifest.
6521 silly tarball no local data for gensync@https://registry.npmjs.org/gensync/-/gensync-1.0.0-beta.2.tgz. Extracting by manifest.
6522 silly tarball no local data for @jridgewell/gen-mapping@https://registry.npmjs.org/@jridgewell/gen-mapping/-/gen-mapping-0.3.3.tgz. Extracting by manifest.
6523 silly tarball no local data for debug@https://registry.npmjs.org/debug/-/debug-4.3.4.tgz. Extracting by manifest.
6524 silly tarball no local data for @babel/types@https://registry.npmjs.org/@babel/types/-/types-7.23.6.tgz. Extracting by manifest.
6525 silly tarball no local data for @babel/traverse@https://registry.npmjs.org/@babel/traverse/-/traverse-7.23.6.tgz. Extracting by manifest.
6526 silly tarball no local data for @babel/template@https://registry.npmjs.org/@babel/template/-/template-7.22.15.tgz. Extracting by manifest.
6527 silly tarball no local data for convert-source-map@https://registry.npmjs.org/convert-source-map/-/convert-source-map-2.0.0.tgz. Extracting by manifest.
6528 silly tarball no local data for @babel/parser@https://registry.npmjs.org/@babel/parser/-/parser-7.23.6.tgz. Extracting by manifest.
6529 silly tarball no local data for @babel/helpers@https://registry.npmjs.org/@babel/helpers/-/helpers-7.23.6.tgz. Extracting by manifest.
6530 silly tarball no local data for @babel/code-frame@https://registry.npmjs.org/@babel/code-frame/-/code-frame-7.23.5.tgz. Extracting by manifest.
6531 silly tarball no local data for @babel/helper-module-transforms@https://registry.npmjs.org/@babel/helper-module-transforms/-/helper-module-transforms-7.23.3.tgz. Extracting by manifest.
6532 silly tarball no local data for @babel/generator@https://registry.npmjs.org/@babel/generator/-/generator-7.23.6.tgz. Extracting by manifest.
6533 silly tarball no local data for webpack-manifest-plugin@https://registry.npmjs.org/webpack-manifest-plugin/-/webpack-manifest-plugin-4.1.1.tgz. Extracting by manifest.
6534 silly tarball no local data for @babel/helper-compilation-targets@https://registry.npmjs.org/@babel/helper-compilation-targets/-/helper-compilation-targets-7.23.6.tgz. Extracting by manifest.
6535 silly tarball no local data for workbox-webpack-plugin@https://registry.npmjs.org/workbox-webpack-plugin/-/workbox-webpack-plugin-6.6.0.tgz. Extracting by manifest.
6536 silly tarball no local data for webpack-dev-server@https://registry.npmjs.org/webpack-dev-server/-/webpack-dev-server-4.15.1.tgz. Extracting by manifest.
6537 silly tarball no local data for @ampproject/remapping@https://registry.npmjs.org/@ampproject/remapping/-/remapping-2.2.1.tgz. Extracting by manifest.
6538 silly tarball no local data for tailwindcss@https://registry.npmjs.org/tailwindcss/-/tailwindcss-3.3.6.tgz. Extracting by manifest.
6539 silly tarball no local data for terser-webpack-plugin@https://registry.npmjs.org/terser-webpack-plugin/-/terser-webpack-plugin-5.3.9.tgz. Extracting by manifest.
6540 silly tarball no local data for style-loader@https://registry.npmjs.org/style-loader/-/style-loader-3.3.3.tgz. Extracting by manifest.
6541 silly tarball no local data for source-map-loader@https://registry.npmjs.org/source-map-loader/-/source-map-loader-3.0.2.tgz. Extracting by manifest.
6542 silly tarball no local data for sass-loader@https://registry.npmjs.org/sass-loader/-/sass-loader-12.6.0.tgz. Extracting by manifest.
6543 silly tarball no local data for resolve@https://registry.npmjs.org/resolve/-/resolve-1.22.8.tgz. Extracting by manifest.
6544 silly tarball no local data for resolve-url-loader@https://registry.npmjs.org/resolve-url-loader/-/resolve-url-loader-4.0.0.tgz. Extracting by manifest.
6545 silly tarball no local data for react-dev-utils@https://registry.npmjs.org/react-dev-utils/-/react-dev-utils-12.0.1.tgz. Extracting by manifest.
6546 silly tarball no local data for react-app-polyfill@https://registry.npmjs.org/react-app-polyfill/-/react-app-polyfill-3.0.0.tgz. Extracting by manifest.
6547 silly tarball no local data for postcss-preset-env@https://registry.npmjs.org/postcss-preset-env/-/postcss-preset-env-7.8.3.tgz. Extracting by manifest.
6548 silly tarball no local data for postcss-normalize@https://registry.npmjs.org/postcss-normalize/-/postcss-normalize-10.0.1.tgz. Extracting by manifest.
6549 silly tarball no local data for postcss-loader@https://registry.npmjs.org/postcss-loader/-/postcss-loader-6.2.1.tgz. Extracting by manifest.
6550 silly tarball no local data for postcss-flexbugs-fixes@https://registry.npmjs.org/postcss-flexbugs-fixes/-/postcss-flexbugs-fixes-5.0.2.tgz. Extracting by manifest.
6551 silly tarball no local data for postcss@https://registry.npmjs.org/postcss/-/postcss-8.4.32.tgz. Extracting by manifest.
6552 silly tarball no local data for jest-watch-typeahead@https://registry.npmjs.org/jest-watch-typeahead/-/jest-watch-typeahead-1.1.0.tgz. Extracting by manifest.
6553 silly tarball no local data for mini-css-extract-plugin@https://registry.npmjs.org/mini-css-extract-plugin/-/mini-css-extract-plugin-2.7.6.tgz. Extracting by manifest.
6554 silly tarball no local data for jest-resolve@https://registry.npmjs.org/jest-resolve/-/jest-resolve-27.5.1.tgz. Extracting by manifest.
6555 silly tarball no local data for jest@https://registry.npmjs.org/jest/-/jest-27.5.1.tgz. Extracting by manifest.
6556 silly tarball no local data for html-webpack-plugin@https://registry.npmjs.org/html-webpack-plugin/-/html-webpack-plugin-5.5.4.tgz. Extracting by manifest.
6557 silly tarball no local data for identity-obj-proxy@https://registry.npmjs.org/identity-obj-proxy/-/identity-obj-proxy-3.0.0.tgz. Extracting by manifest.
6558 silly tarball no local data for file-loader@https://registry.npmjs.org/file-loader/-/file-loader-6.2.0.tgz. Extracting by manifest.
6559 silly tarball no local data for eslint-webpack-plugin@https://registry.npmjs.org/eslint-webpack-plugin/-/eslint-webpack-plugin-3.2.0.tgz. Extracting by manifest.
6560 silly tarball no local data for eslint-config-react-app@https://registry.npmjs.org/eslint-config-react-app/-/eslint-config-react-app-7.0.1.tgz. Extracting by manifest.
6561 silly tarball no local data for dotenv@https://registry.npmjs.org/dotenv/-/dotenv-10.0.0.tgz. Extracting by manifest.
6562 silly tarball no local data for dotenv-expand@https://registry.npmjs.org/dotenv-expand/-/dotenv-expand-5.1.0.tgz. Extracting by manifest.
6563 silly tarball no local data for css-minimizer-webpack-plugin@https://registry.npmjs.org/css-minimizer-webpack-plugin/-/css-minimizer-webpack-plugin-3.4.1.tgz. Extracting by manifest.
6564 silly tarball no local data for eslint@https://registry.npmjs.org/eslint/-/eslint-8.56.0.tgz. Extracting by manifest.
6565 silly tarball no local data for css-loader@https://registry.npmjs.org/css-loader/-/css-loader-6.8.1.tgz. Extracting by manifest.
6566 silly tarball no local data for case-sensitive-paths-webpack-plugin@https://registry.npmjs.org/case-sensitive-paths-webpack-plugin/-/case-sensitive-paths-webpack-plugin-2.4.0.tgz. Extracting by manifest.
6567 silly tarball no local data for camelcase@https://registry.npmjs.org/camelcase/-/camelcase-6.3.0.tgz. Extracting by manifest.
6568 silly tarball no local data for bfj@https://registry.npmjs.org/bfj/-/bfj-7.1.0.tgz. Extracting by manifest.
6569 silly tarball no local data for browserslist@https://registry.npmjs.org/browserslist/-/browserslist-4.22.2.tgz. Extracting by manifest.
6570 silly tarball no local data for babel-plugin-named-asset-import@https://registry.npmjs.org/babel-plugin-named-asset-import/-/babel-plugin-named-asset-import-0.3.8.tgz. Extracting by manifest.
6571 silly tarball no local data for babel-preset-react-app@https://registry.npmjs.org/babel-preset-react-app/-/babel-preset-react-app-10.0.1.tgz. Extracting by manifest.
6572 silly tarball no local data for @svgr/webpack@https://registry.npmjs.org/@svgr/webpack/-/webpack-5.5.0.tgz. Extracting by manifest.
6573 silly tarball no local data for webpack@https://registry.npmjs.org/webpack/-/webpack-5.89.0.tgz. Extracting by manifest.
6574 silly tarball no local data for babel-loader@https://registry.npmjs.org/babel-loader/-/babel-loader-8.3.0.tgz. Extracting by manifest.
6575 silly tarball no local data for react-refresh@https://registry.npmjs.org/react-refresh/-/react-refresh-0.11.0.tgz. Extracting by manifest.
6576 silly tarball no local data for @pmmmwh/react-refresh-webpack-plugin@https://registry.npmjs.org/@pmmmwh/react-refresh-webpack-plugin/-/react-refresh-webpack-plugin-0.5.11.tgz. Extracting by manifest.
6577 silly tarball no local data for babel-jest@https://registry.npmjs.org/babel-jest/-/babel-jest-27.5.1.tgz. Extracting by manifest.
6578 silly tarball no local data for @babel/core@https://registry.npmjs.org/@babel/core/-/core-7.23.6.tgz. Extracting by manifest.
6579 silly tarball no local data for js-tokens@https://registry.npmjs.org/js-tokens/-/js-tokens-4.0.0.tgz. Extracting by manifest.
6580 silly tarball no local data for scheduler@https://registry.npmjs.org/scheduler/-/scheduler-0.23.0.tgz. Extracting by manifest.
6581 silly tarball no local data for loose-envify@https://registry.npmjs.org/loose-envify/-/loose-envify-1.4.0.tgz. Extracting by manifest.
6582 silly tarball no local data for react-scripts@https://registry.npmjs.org/react-scripts/-/react-scripts-5.0.1.tgz. Extracting by manifest.
6583 silly tarball no local data for react@https://registry.npmjs.org/react/-/react-18.2.0.tgz. Extracting by manifest.
6584 silly tarball no local data for cra-template@https://registry.npmjs.org/cra-template/-/cra-template-1.2.0.tgz. Extracting by manifest.
6585 silly tarball no local data for react-dom@https://registry.npmjs.org/react-dom/-/react-dom-18.2.0.tgz. Extracting by manifest.
6586 silly tarball no local data for ajv@https://registry.npmjs.org/ajv/-/ajv-8.12.0.tgz. Extracting by manifest.
6587 silly tarball no local data for json-schema-traverse@https://registry.npmjs.org/json-schema-traverse/-/json-schema-traverse-1.0.0.tgz. Extracting by manifest.
6588 silly tarball no local data for emoji-regex@https://registry.npmjs.org/emoji-regex/-/emoji-regex-8.0.0.tgz. Extracting by manifest.
6589 silly tarball no local data for minimatch@https://registry.npmjs.org/minimatch/-/minimatch-5.1.6.tgz. Extracting by manifest.
6590 silly tarball no local data for brace-expansion@https://registry.npmjs.org/brace-expansion/-/brace-expansion-2.0.1.tgz. Extracting by manifest.
6591 silly tarball no local data for type-fest@https://registry.npmjs.org/type-fest/-/type-fest-0.16.0.tgz. Extracting by manifest.
6592 silly tarball no local data for @types/estree@https://registry.npmjs.org/@types/estree/-/estree-0.0.39.tgz. Extracting by manifest.
6593 silly tarball no local data for jest-worker@https://registry.npmjs.org/jest-worker/-/jest-worker-26.6.2.tgz. Extracting by manifest.
6594 silly tarball no local data for serialize-javascript@https://registry.npmjs.org/serialize-javascript/-/serialize-javascript-4.0.0.tgz. Extracting by manifest.
6595 silly tarball no local data for webidl-conversions@https://registry.npmjs.org/webidl-conversions/-/webidl-conversions-4.0.2.tgz. Extracting by manifest.
6596 silly tarball no local data for tr46@https://registry.npmjs.org/tr46/-/tr46-1.0.1.tgz. Extracting by manifest.
6597 silly tarball no local data for whatwg-url@https://registry.npmjs.org/whatwg-url/-/whatwg-url-7.1.0.tgz. Extracting by manifest.
6598 silly tarball no local data for json-schema-traverse@https://registry.npmjs.org/json-schema-traverse/-/json-schema-traverse-1.0.0.tgz. Extracting by manifest.
6599 silly tarball no local data for fs-extra@https://registry.npmjs.org/fs-extra/-/fs-extra-9.1.0.tgz. Extracting by manifest.
6600 silly tarball no local data for source-map@https://registry.npmjs.org/source-map/-/source-map-0.8.0-beta.0.tgz. Extracting by manifest.
6601 silly tarball no local data for ajv@https://registry.npmjs.org/ajv/-/ajv-8.12.0.tgz. Extracting by manifest.
6602 silly tarball no local data for @apideck/better-ajv-errors@https://registry.npmjs.org/@apideck/better-ajv-errors/-/better-ajv-errors-0.3.6.tgz. Extracting by manifest.
6603 silly tarball no local data for iconv-lite@https://registry.npmjs.org/iconv-lite/-/iconv-lite-0.4.24.tgz. Extracting by manifest.
6604 silly tarball no local data for bytes@https://registry.npmjs.org/bytes/-/bytes-3.1.2.tgz. Extracting by manifest.
6605 silly tarball no local data for ms@https://registry.npmjs.org/ms/-/ms-2.1.3.tgz. Extracting by manifest.
6606 silly tarball no local data for ipaddr.js@https://registry.npmjs.org/ipaddr.js/-/ipaddr.js-1.9.1.tgz. Extracting by manifest.
6607 silly tarball no local data for json-schema-traverse@https://registry.npmjs.org/json-schema-traverse/-/json-schema-traverse-1.0.0.tgz. Extracting by manifest.
6608 silly tarball no local data for iconv-lite@https://registry.npmjs.org/iconv-lite/-/iconv-lite-0.4.24.tgz. Extracting by manifest.
6609 silly tarball no local data for bytes@https://registry.npmjs.org/bytes/-/bytes-3.1.2.tgz. Extracting by manifest.
6610 silly tarball no local data for ajv-keywords@https://registry.npmjs.org/ajv-keywords/-/ajv-keywords-5.1.0.tgz. Extracting by manifest.
6611 silly tarball no local data for ajv@https://registry.npmjs.org/ajv/-/ajv-8.12.0.tgz. Extracting by manifest.
6612 silly tarball no local data for statuses@https://registry.npmjs.org/statuses/-/statuses-1.5.0.tgz. Extracting by manifest.
6613 silly tarball no local data for setprototypeof@https://registry.npmjs.org/setprototypeof/-/setprototypeof-1.1.0.tgz. Extracting by manifest.
6614 silly tarball no local data for schema-utils@https://registry.npmjs.org/schema-utils/-/schema-utils-4.2.0.tgz. Extracting by manifest.
6615 silly tarball no local data for inherits@https://registry.npmjs.org/inherits/-/inherits-2.0.3.tgz. Extracting by manifest.
6616 silly tarball no local data for depd@https://registry.npmjs.org/depd/-/depd-1.1.2.tgz. Extracting by manifest.
6617 silly tarball no local data for http-errors@https://registry.npmjs.org/http-errors/-/http-errors-1.6.3.tgz. Extracting by manifest.
6618 silly tarball no local data for array-flatten@https://registry.npmjs.org/array-flatten/-/array-flatten-1.1.1.tgz. Extracting by manifest.
6619 silly tarball no local data for glob@https://registry.npmjs.org/glob/-/glob-7.1.6.tgz. Extracting by manifest.
6620 silly tarball no local data for lilconfig@https://registry.npmjs.org/lilconfig/-/lilconfig-3.0.0.tgz. Extracting by manifest.
6621 silly tarball no local data for source-map@https://registry.npmjs.org/source-map/-/source-map-0.6.1.tgz. Extracting by manifest.
6622 silly tarball no local data for yaml@https://registry.npmjs.org/yaml/-/yaml-2.3.4.tgz. Extracting by manifest.
6623 silly tarball no local data for mdn-data@https://registry.npmjs.org/mdn-data/-/mdn-data-2.0.14.tgz. Extracting by manifest.
6624 silly tarball no local data for css-tree@https://registry.npmjs.org/css-tree/-/css-tree-1.1.3.tgz. Extracting by manifest.
6625 silly tarball no local data for source-map@https://registry.npmjs.org/source-map/-/source-map-0.6.1.tgz. Extracting by manifest.
6626 silly tarball no local data for jsesc@https://registry.npmjs.org/jsesc/-/jsesc-0.5.0.tgz. Extracting by manifest.
6627 silly tarball no local data for glob-parent@https://registry.npmjs.org/glob-parent/-/glob-parent-5.1.2.tgz. Extracting by manifest.
6628 silly tarball no local data for which@https://registry.npmjs.org/which/-/which-1.3.1.tgz. Extracting by manifest.
6629 silly tarball no local data for p-limit@https://registry.npmjs.org/p-limit/-/p-limit-2.3.0.tgz. Extracting by manifest.
6630 silly tarball no local data for path-exists@https://registry.npmjs.org/path-exists/-/path-exists-3.0.0.tgz. Extracting by manifest.
6631 silly tarball no local data for find-up@https://registry.npmjs.org/find-up/-/find-up-3.0.0.tgz. Extracting by manifest.
6632 silly tarball no local data for p-locate@https://registry.npmjs.org/p-locate/-/p-locate-3.0.0.tgz. Extracting by manifest.
6633 silly tarball no local data for locate-path@https://registry.npmjs.org/locate-path/-/locate-path-3.0.0.tgz. Extracting by manifest.
6634 silly tarball no local data for tapable@https://registry.npmjs.org/tapable/-/tapable-1.1.3.tgz. Extracting by manifest.
6635 silly tarball no local data for schema-utils@https://registry.npmjs.org/schema-utils/-/schema-utils-2.7.0.tgz. Extracting by manifest.
6636 silly tarball no local data for fs-extra@https://registry.npmjs.org/fs-extra/-/fs-extra-9.1.0.tgz. Extracting by manifest.
6637 silly tarball no local data for cosmiconfig@https://registry.npmjs.org/cosmiconfig/-/cosmiconfig-6.0.0.tgz. Extracting by manifest.
6638 silly tarball no local data for prelude-ls@https://registry.npmjs.org/prelude-ls/-/prelude-ls-1.1.2.tgz. Extracting by manifest.
6639 silly tarball no local data for source-map@https://registry.npmjs.org/source-map/-/source-map-0.6.1.tgz. Extracting by manifest.
6640 silly tarball no local data for type-check@https://registry.npmjs.org/type-check/-/type-check-0.3.2.tgz. Extracting by manifest.
6641 silly tarball no local data for levn@https://registry.npmjs.org/levn/-/levn-0.3.0.tgz. Extracting by manifest.
6642 silly tarball no local data for optionator@https://registry.npmjs.org/optionator/-/optionator-0.8.3.tgz. Extracting by manifest.
6643 silly tarball no local data for escodegen@https://registry.npmjs.org/escodegen/-/escodegen-1.14.3.tgz. Extracting by manifest.
6644 silly tarball no local data for estraverse@https://registry.npmjs.org/estraverse/-/estraverse-4.3.0.tgz. Extracting by manifest.
6645 silly tarball no local data for iconv-lite@https://registry.npmjs.org/iconv-lite/-/iconv-lite-0.4.24.tgz. Extracting by manifest.
6646 silly tarball no local data for universalify@https://registry.npmjs.org/universalify/-/universalify-0.2.0.tgz. Extracting by manifest.
6647 silly tarball no local data for source-map@https://registry.npmjs.org/source-map/-/source-map-0.6.1.tgz. Extracting by manifest.
6648 silly tarball no local data for source-map@https://registry.npmjs.org/source-map/-/source-map-0.6.1.tgz. Extracting by manifest.
6649 silly tarball no local data for cssom@https://registry.npmjs.org/cssom/-/cssom-0.3.8.tgz. Extracting by manifest.
6650 silly tarball no local data for webidl-conversions@https://registry.npmjs.org/webidl-conversions/-/webidl-conversions-5.0.0.tgz. Extracting by manifest.
6651 silly tarball no local data for acorn@https://registry.npmjs.org/acorn/-/acorn-7.4.1.tgz. Extracting by manifest.
6652 silly tarball no local data for escape-string-regexp@https://registry.npmjs.org/escape-string-regexp/-/escape-string-regexp-2.0.0.tgz. Extracting by manifest.
6653 silly tarball no local data for source-map@https://registry.npmjs.org/source-map/-/source-map-0.6.1.tgz. Extracting by manifest.
6654 silly tarball no local data for ansi-styles@https://registry.npmjs.org/ansi-styles/-/ansi-styles-5.2.0.tgz. Extracting by manifest.
6655 silly tarball no local data for convert-source-map@https://registry.npmjs.org/convert-source-map/-/convert-source-map-1.9.0.tgz. Extracting by manifest.
6656 silly tarball no local data for source-map@https://registry.npmjs.org/source-map/-/source-map-0.6.1.tgz. Extracting by manifest.
6657 silly tarball no local data for make-dir@https://registry.npmjs.org/make-dir/-/make-dir-4.0.0.tgz. Extracting by manifest.
6658 silly tarball no local data for source-map@https://registry.npmjs.org/source-map/-/source-map-0.6.1.tgz. Extracting by manifest.
6659 silly tarball no local data for commander@https://registry.npmjs.org/commander/-/commander-2.20.3.tgz. Extracting by manifest.
6660 silly tarball no local data for glob-parent@https://registry.npmjs.org/glob-parent/-/glob-parent-5.1.2.tgz. Extracting by manifest.
6661 silly tarball no local data for source-map@https://registry.npmjs.org/source-map/-/source-map-0.6.1.tgz. Extracting by manifest.
6662 silly tarball no local data for p-limit@https://registry.npmjs.org/p-limit/-/p-limit-2.3.0.tgz. Extracting by manifest.
6663 silly tarball no local data for p-locate@https://registry.npmjs.org/p-locate/-/p-locate-4.1.0.tgz. Extracting by manifest.
6664 silly tarball no local data for find-up@https://registry.npmjs.org/find-up/-/find-up-4.1.0.tgz. Extracting by manifest.
6665 silly tarball no local data for locate-path@https://registry.npmjs.org/locate-path/-/locate-path-5.0.0.tgz. Extracting by manifest.
6666 silly tarball no local data for react-is@https://registry.npmjs.org/react-is/-/react-is-16.13.1.tgz. Extracting by manifest.
6667 silly tarball no local data for debug@https://registry.npmjs.org/debug/-/debug-3.2.7.tgz. Extracting by manifest.
6668 silly tarball no local data for strip-bom@https://registry.npmjs.org/strip-bom/-/strip-bom-3.0.0.tgz. Extracting by manifest.
6669 silly tarball no local data for debug@https://registry.npmjs.org/debug/-/debug-3.2.7.tgz. Extracting by manifest.
6670 silly tarball no local data for json5@https://registry.npmjs.org/json5/-/json5-1.0.2.tgz. Extracting by manifest.
6671 silly tarball no local data for tslib@https://registry.npmjs.org/tslib/-/tslib-1.14.1.tgz. Extracting by manifest.
6672 silly tarball no local data for eslint-scope@https://registry.npmjs.org/eslint-scope/-/eslint-scope-5.1.1.tgz. Extracting by manifest.
6673 silly tarball no local data for estraverse@https://registry.npmjs.org/estraverse/-/estraverse-4.3.0.tgz. Extracting by manifest.
6674 silly tarball no local data for estraverse@https://registry.npmjs.org/estraverse/-/estraverse-4.3.0.tgz. Extracting by manifest.
6675 silly tarball no local data for eslint-scope@https://registry.npmjs.org/eslint-scope/-/eslint-scope-5.1.1.tgz. Extracting by manifest.
6676 silly tarball no local data for resolve@https://registry.npmjs.org/resolve/-/resolve-2.0.0-next.5.tgz. Extracting by manifest.
6677 silly tarball no local data for semver@https://registry.npmjs.org/semver/-/semver-6.3.1.tgz. Extracting by manifest.
6678 silly tarball no local data for semver@https://registry.npmjs.org/semver/-/semver-6.3.1.tgz. Extracting by manifest.
6679 silly tarball no local data for doctrine@https://registry.npmjs.org/doctrine/-/doctrine-2.1.0.tgz. Extracting by manifest.
6680 silly tarball no local data for doctrine@https://registry.npmjs.org/doctrine/-/doctrine-2.1.0.tgz. Extracting by manifest.
6681 silly tarball no local data for debug@https://registry.npmjs.org/debug/-/debug-3.2.7.tgz. Extracting by manifest.
6682 silly tarball no local data for eslint-visitor-keys@https://registry.npmjs.org/eslint-visitor-keys/-/eslint-visitor-keys-2.1.0.tgz. Extracting by manifest.
6683 silly tarball no local data for semver@https://registry.npmjs.org/semver/-/semver-6.3.1.tgz. Extracting by manifest.
6684 silly tarball no local data for argparse@https://registry.npmjs.org/argparse/-/argparse-2.0.1.tgz. Extracting by manifest.
6685 silly tarball no local data for type-fest@https://registry.npmjs.org/type-fest/-/type-fest-0.20.2.tgz. Extracting by manifest.
6686 silly tarball no local data for globals@https://registry.npmjs.org/globals/-/globals-13.24.0.tgz. Extracting by manifest.
6687 silly tarball no local data for js-yaml@https://registry.npmjs.org/js-yaml/-/js-yaml-4.1.0.tgz. Extracting by manifest.
6688 silly tarball no local data for mdn-data@https://registry.npmjs.org/mdn-data/-/mdn-data-2.0.14.tgz. Extracting by manifest.
6689 silly tarball no local data for commander@https://registry.npmjs.org/commander/-/commander-7.2.0.tgz. Extracting by manifest.
6690 silly tarball no local data for source-map@https://registry.npmjs.org/source-map/-/source-map-0.6.1.tgz. Extracting by manifest.
6691 silly tarball no local data for css-tree@https://registry.npmjs.org/css-tree/-/css-tree-1.1.3.tgz. Extracting by manifest.
6692 silly tarball no local data for svgo@https://registry.npmjs.org/svgo/-/svgo-2.8.0.tgz. Extracting by manifest.
6693 silly tarball no local data for esprima@https://registry.npmjs.org/esprima/-/esprima-1.2.2.tgz. Extracting by manifest.
6694 silly tarball no local data for supports-color@https://registry.npmjs.org/supports-color/-/supports-color-8.1.1.tgz. Extracting by manifest.
6695 silly tarball no local data for semver@https://registry.npmjs.org/semver/-/semver-6.3.1.tgz. Extracting by manifest.
6696 silly tarball no local data for resolve-from@https://registry.npmjs.org/resolve-from/-/resolve-from-4.0.0.tgz. Extracting by manifest.
6697 silly tarball no local data for p-limit@https://registry.npmjs.org/p-limit/-/p-limit-2.3.0.tgz. Extracting by manifest.
6698 silly tarball no local data for locate-path@https://registry.npmjs.org/locate-path/-/locate-path-5.0.0.tgz. Extracting by manifest.
6699 silly tarball no local data for p-locate@https://registry.npmjs.org/p-locate/-/p-locate-4.1.0.tgz. Extracting by manifest.
6700 silly tarball no local data for semver@https://registry.npmjs.org/semver/-/semver-6.3.1.tgz. Extracting by manifest.
6701 silly tarball no local data for semver@https://registry.npmjs.org/semver/-/semver-6.3.1.tgz. Extracting by manifest.
6702 silly tarball no local data for camelcase@https://registry.npmjs.org/camelcase/-/camelcase-5.3.1.tgz. Extracting by manifest.
6703 silly tarball no local data for find-up@https://registry.npmjs.org/find-up/-/find-up-4.1.0.tgz. Extracting by manifest.
6704 silly tarball no local data for convert-source-map@https://registry.npmjs.org/convert-source-map/-/convert-source-map-1.9.0.tgz. Extracting by manifest.
6705 silly tarball no local data for source-map@https://registry.npmjs.org/source-map/-/source-map-0.6.1.tgz. Extracting by manifest.
6706 silly tarball no local data for nth-check@https://registry.npmjs.org/nth-check/-/nth-check-1.0.2.tgz. Extracting by manifest.
6707 silly tarball no local data for dom-serializer@https://registry.npmjs.org/dom-serializer/-/dom-serializer-0.2.2.tgz. Extracting by manifest.
6708 silly tarball no local data for css-what@https://registry.npmjs.org/css-what/-/css-what-3.4.2.tgz. Extracting by manifest.
6709 silly tarball no local data for css-select@https://registry.npmjs.org/css-select/-/css-select-2.1.0.tgz. Extracting by manifest.
6710 silly tarball no local data for domelementtype@https://registry.npmjs.org/domelementtype/-/domelementtype-1.3.1.tgz. Extracting by manifest.
6711 silly tarball no local data for domutils@https://registry.npmjs.org/domutils/-/domutils-1.7.0.tgz. Extracting by manifest.
6712 silly tarball no local data for semver@https://registry.npmjs.org/semver/-/semver-6.3.1.tgz. Extracting by manifest.
6713 silly tarball no local data for semver@https://registry.npmjs.org/semver/-/semver-6.3.1.tgz. Extracting by manifest.
6714 silly tarball no local data for semver@https://registry.npmjs.org/semver/-/semver-6.3.1.tgz. Extracting by manifest.
6715 silly tarball no local data for semver@https://registry.npmjs.org/semver/-/semver-6.3.1.tgz. Extracting by manifest.
6716 silly tarball no local data for source-map@https://registry.npmjs.org/source-map/-/source-map-0.6.1.tgz. Extracting by manifest.
6717 silly tarball no local data for source-map@https://registry.npmjs.org/source-map/-/source-map-0.6.1.tgz. Extracting by manifest.
6718 silly tarball no local data for semver@https://registry.npmjs.org/semver/-/semver-6.3.1.tgz. Extracting by manifest.
6719 silly tarball no local data for webpack-sources@https://registry.npmjs.org/webpack-sources/-/webpack-sources-1.4.3.tgz. Extracting by manifest.
6720 silly tarball no local data for webpack-sources@https://registry.npmjs.org/webpack-sources/-/webpack-sources-2.3.1.tgz. Extracting by manifest.
6721 silly tarball no local data for json-schema-traverse@https://registry.npmjs.org/json-schema-traverse/-/json-schema-traverse-1.0.0.tgz. Extracting by manifest.
6722 silly tarball no local data for ws@https://registry.npmjs.org/ws/-/ws-8.15.1.tgz. Extracting by manifest.
6723 silly tarball no local data for ajv-keywords@https://registry.npmjs.org/ajv-keywords/-/ajv-keywords-5.1.0.tgz. Extracting by manifest.
6724 silly tarball no local data for ajv@https://registry.npmjs.org/ajv/-/ajv-8.12.0.tgz. Extracting by manifest.
6725 silly tarball no local data for picocolors@https://registry.npmjs.org/picocolors/-/picocolors-0.2.1.tgz. Extracting by manifest.
6726 silly tarball no local data for source-map@https://registry.npmjs.org/source-map/-/source-map-0.6.1.tgz. Extracting by manifest.
6727 silly tarball no local data for convert-source-map@https://registry.npmjs.org/convert-source-map/-/convert-source-map-1.9.0.tgz. Extracting by manifest.
6728 silly tarball no local data for postcss@https://registry.npmjs.org/postcss/-/postcss-7.0.39.tgz. Extracting by manifest.
6729 silly tarball no local data for schema-utils@https://registry.npmjs.org/schema-utils/-/schema-utils-4.2.0.tgz. Extracting by manifest.
6730 silly tarball no local data for regenerator-runtime@https://registry.npmjs.org/regenerator-runtime/-/regenerator-runtime-0.13.11.tgz. Extracting by manifest.
6731 silly tarball no local data for escape-string-regexp@https://registry.npmjs.org/escape-string-regexp/-/escape-string-regexp-4.0.0.tgz. Extracting by manifest.
6732 silly tarball no local data for loader-utils@https://registry.npmjs.org/loader-utils/-/loader-utils-3.2.1.tgz. Extracting by manifest.
6733 silly tarball no local data for json-schema-traverse@https://registry.npmjs.org/json-schema-traverse/-/json-schema-traverse-1.0.0.tgz. Extracting by manifest.
6734 silly tarball no local data for schema-utils@https://registry.npmjs.org/schema-utils/-/schema-utils-4.2.0.tgz. Extracting by manifest.
6735 silly tarball no local data for ajv-keywords@https://registry.npmjs.org/ajv-keywords/-/ajv-keywords-5.1.0.tgz. Extracting by manifest.
6736 silly tarball no local data for ajv@https://registry.npmjs.org/ajv/-/ajv-8.12.0.tgz. Extracting by manifest.
6737 silly tarball no local data for ansi-styles@https://registry.npmjs.org/ansi-styles/-/ansi-styles-5.2.0.tgz. Extracting by manifest.
6738 silly tarball no local data for react-is@https://registry.npmjs.org/react-is/-/react-is-18.2.0.tgz. Extracting by manifest.
6739 silly tarball no local data for pretty-format@https://registry.npmjs.org/pretty-format/-/pretty-format-28.1.3.tgz. Extracting by manifest.
6740 silly tarball no local data for @types/yargs@https://registry.npmjs.org/@types/yargs/-/yargs-17.0.32.tgz. Extracting by manifest.
6741 silly tarball no local data for @jest/console@https://registry.npmjs.org/@jest/console/-/console-28.1.3.tgz. Extracting by manifest.
6742 silly tarball no local data for jest-message-util@https://registry.npmjs.org/jest-message-util/-/jest-message-util-28.1.3.tgz. Extracting by manifest.
6743 silly tarball no local data for slash@https://registry.npmjs.org/slash/-/slash-3.0.0.tgz. Extracting by manifest.
6744 silly tarball no local data for slash@https://registry.npmjs.org/slash/-/slash-3.0.0.tgz. Extracting by manifest.
6745 silly tarball no local data for jest-util@https://registry.npmjs.org/jest-util/-/jest-util-28.1.3.tgz. Extracting by manifest.
6746 silly tarball no local data for @jest/types@https://registry.npmjs.org/@jest/types/-/types-28.1.3.tgz. Extracting by manifest.
6747 silly tarball no local data for emittery@https://registry.npmjs.org/emittery/-/emittery-0.10.2.tgz. Extracting by manifest.
6748 silly tarball no local data for @jest/test-result@https://registry.npmjs.org/@jest/test-result/-/test-result-28.1.3.tgz. Extracting by manifest.
6749 silly tarball no local data for strip-ansi@https://registry.npmjs.org/strip-ansi/-/strip-ansi-7.1.0.tgz. Extracting by manifest.
6750 silly tarball no local data for ansi-regex@https://registry.npmjs.org/ansi-regex/-/ansi-regex-6.0.1.tgz. Extracting by manifest.
6751 silly tarball no local data for slash@https://registry.npmjs.org/slash/-/slash-4.0.0.tgz. Extracting by manifest.
6752 silly tarball no local data for string-length@https://registry.npmjs.org/string-length/-/string-length-5.0.1.tgz. Extracting by manifest.
6753 silly tarball no local data for char-regex@https://registry.npmjs.org/char-regex/-/char-regex-2.0.1.tgz. Extracting by manifest.
6754 silly tarball no local data for jest-watcher@https://registry.npmjs.org/jest-watcher/-/jest-watcher-28.1.3.tgz. Extracting by manifest.
6755 silly tarball no local data for jest-regex-util@https://registry.npmjs.org/jest-regex-util/-/jest-regex-util-28.0.2.tgz. Extracting by manifest.
6756 silly tarball no local data for strip-ansi@https://registry.npmjs.org/strip-ansi/-/strip-ansi-6.0.1.tgz. Extracting by manifest.
6757 silly tarball no local data for string-length@https://registry.npmjs.org/string-length/-/string-length-4.0.2.tgz. Extracting by manifest.
6758 silly tarball no local data for ajv@https://registry.npmjs.org/ajv/-/ajv-8.12.0.tgz. Extracting by manifest.
6759 silly tarball no local data for ajv-keywords@https://registry.npmjs.org/ajv-keywords/-/ajv-keywords-5.1.0.tgz. Extracting by manifest.
6760 silly tarball no local data for json-schema-traverse@https://registry.npmjs.org/json-schema-traverse/-/json-schema-traverse-1.0.0.tgz. Extracting by manifest.
6761 silly tarball no local data for schema-utils@https://registry.npmjs.org/schema-utils/-/schema-utils-4.2.0.tgz. Extracting by manifest.
6762 silly tarball no local data for supports-color@https://registry.npmjs.org/supports-color/-/supports-color-8.1.1.tgz. Extracting by manifest.
6763 silly tarball no local data for argparse@https://registry.npmjs.org/argparse/-/argparse-2.0.1.tgz. Extracting by manifest.
6764 silly tarball no local data for jest-worker@https://registry.npmjs.org/jest-worker/-/jest-worker-28.1.3.tgz. Extracting by manifest.
6765 silly tarball no local data for type-fest@https://registry.npmjs.org/type-fest/-/type-fest-0.20.2.tgz. Extracting by manifest.
6766 silly tarball no local data for js-yaml@https://registry.npmjs.org/js-yaml/-/js-yaml-4.1.0.tgz. Extracting by manifest.
6767 silly tarball no local data for escape-string-regexp@https://registry.npmjs.org/escape-string-regexp/-/escape-string-regexp-4.0.0.tgz. Extracting by manifest.
6768 silly tarball no local data for json-schema-traverse@https://registry.npmjs.org/json-schema-traverse/-/json-schema-traverse-1.0.0.tgz. Extracting by manifest.
6769 silly tarball no local data for ajv-keywords@https://registry.npmjs.org/ajv-keywords/-/ajv-keywords-5.1.0.tgz. Extracting by manifest.
6770 silly tarball no local data for globals@https://registry.npmjs.org/globals/-/globals-13.24.0.tgz. Extracting by manifest.
6771 silly tarball no local data for ajv@https://registry.npmjs.org/ajv/-/ajv-8.12.0.tgz. Extracting by manifest.
6772 silly tarball no local data for source-map@https://registry.npmjs.org/source-map/-/source-map-0.6.1.tgz. Extracting by manifest.
6773 silly tarball no local data for schema-utils@https://registry.npmjs.org/schema-utils/-/schema-utils-4.2.0.tgz. Extracting by manifest.
6774 silly tarball no local data for schema-utils@https://registry.npmjs.org/schema-utils/-/schema-utils-2.7.1.tgz. Extracting by manifest.
6775 silly tarball no local data for estraverse@https://registry.npmjs.org/estraverse/-/estraverse-4.3.0.tgz. Extracting by manifest.
6776 silly tarball no local data for semver@https://registry.npmjs.org/semver/-/semver-6.3.1.tgz. Extracting by manifest.
6777 silly tarball no local data for eslint-scope@https://registry.npmjs.org/eslint-scope/-/eslint-scope-5.1.1.tgz. Extracting by manifest.
6778 http fetch GET 200 https://registry.npmjs.org/jsonpointer/-/jsonpointer-5.0.1.tgz 1870ms (cache miss)
6779 http fetch GET 200 https://registry.npmjs.org/at-least-node/-/at-least-node-1.0.0.tgz 1864ms (cache miss)
6780 http fetch GET 200 https://registry.npmjs.org/json-schema/-/json-schema-0.4.0.tgz 1869ms (cache miss)
6781 http fetch GET 200 https://registry.npmjs.org/p-try/-/p-try-2.2.0.tgz 1862ms (cache miss)
6782 http fetch GET 200 https://registry.npmjs.org/word-wrap/-/word-wrap-1.2.5.tgz 1872ms (cache miss)
6783 http fetch GET 200 https://registry.npmjs.org/source-list-map/-/source-list-map-2.0.1.tgz 1868ms (cache miss)
6784 http fetch GET 200 https://registry.npmjs.org/@jest/schemas/-/schemas-28.1.3.tgz 1868ms (cache miss)
6785 http fetch GET 200 https://registry.npmjs.org/wrap-ansi/-/wrap-ansi-7.0.0.tgz 1865ms (cache miss)
6786 http fetch GET 200 https://registry.npmjs.org/ajv-formats/-/ajv-formats-2.1.1.tgz 1863ms (cache miss)
6787 http fetch GET 200 https://registry.npmjs.org/require-from-string/-/require-from-string-2.0.2.tgz 1866ms (cache miss)
6788 http fetch GET 200 https://registry.npmjs.org/is-fullwidth-code-point/-/is-fullwidth-code-point-3.0.0.tgz 1865ms (cache miss)
6789 http fetch GET 200 https://registry.npmjs.org/y18n/-/y18n-5.0.8.tgz 1880ms (cache miss)
6790 timing reifyNode:node_modules/process-nextick-args Completed in 2293ms
6791 timing reifyNode:node_modules/brace-expansion Completed in 2276ms
6792 timing reifyNode:node_modules/wrappy Completed in 2272ms
6793 timing reifyNode:node_modules/path-is-absolute Completed in 2272ms
6794 timing reifyNode:node_modules/once Completed in 2273ms
6795 timing reifyNode:node_modules/inflight Completed in 2273ms
6796 timing reifyNode:node_modules/universalify Completed in 2270ms
6797 timing reifyNode:node_modules/require-from-string Completed in 2298ms
6798 timing reifyNode:node_modules/at-least-node Completed in 2298ms
6799 http fetch GET 200 https://registry.npmjs.org/get-caller-file/-/get-caller-file-2.0.5.tgz 1891ms (cache miss)
6800 http fetch GET 200 https://registry.npmjs.org/string-width/-/string-width-4.2.3.tgz 1888ms (cache miss)
6801 timing reifyNode:node_modules/wrap-ansi Completed in 2300ms
6802 timing reifyNode:node_modules/shebang-command Completed in 2268ms
6803 timing reifyNode:node_modules/wrap-ansi/node_modules/color-name Completed in 2301ms
6804 timing reifyNode:node_modules/jake/node_modules/color-name Completed in 2301ms
6805 timing reifyNode:node_modules/send/node_modules/debug/node_modules/ms Completed in 2298ms
6806 timing reifyNode:node_modules/body-parser/node_modules/ms Completed in 2298ms
6807 timing reifyNode:node_modules/finalhandler/node_modules/ms Completed in 2299ms
6808 timing reifyNode:node_modules/serve-index/node_modules/ms Completed in 2299ms
6809 timing reifyNode:node_modules/compression/node_modules/ms Completed in 2298ms
6810 timing reifyNode:node_modules/express/node_modules/ms Completed in 2299ms
6811 timing reifyNode:node_modules/fork-ts-checker-webpack-plugin/node_modules/color-name Completed in 2295ms
6812 timing reifyNode:node_modules/jest-diff/node_modules/color-name Completed in 2284ms
6813 timing reifyNode:node_modules/detect-port-alt/node_modules/ms Completed in 2295ms
6814 timing reifyNode:node_modules/jest-matcher-utils/node_modules/color-name Completed in 2283ms
6815 http fetch GET 200 https://registry.npmjs.org/cliui/-/cliui-7.0.4.tgz 1896ms (cache miss)
6816 timing reifyNode:node_modules/jest-each/node_modules/color-name Completed in 2284ms
6817 timing reifyNode:node_modules/jest-jasmine2/node_modules/color-name Completed in 2285ms
6818 timing reifyNode:node_modules/jest-circus/node_modules/color-name Completed in 2286ms
6819 timing reifyNode:node_modules/jest-validate/node_modules/color-name Completed in 2284ms
6820 timing reifyNode:node_modules/jest-watcher/node_modules/color-name Completed in 2285ms
6821 timing reifyNode:node_modules/jest-snapshot/node_modules/color-name Completed in 2285ms
6822 timing reifyNode:node_modules/jest-runtime/node_modules/color-name Completed in 2286ms
6823 timing reifyNode:node_modules/jest-message-util/node_modules/color-name Completed in 2286ms
6824 timing reifyNode:node_modules/jest-runner/node_modules/color-name Completed in 2286ms
6825 timing reifyNode:node_modules/jest-config/node_modules/color-name Completed in 2287ms
6826 timing reifyNode:node_modules/@jest/reporters/node_modules/color-name Completed in 2287ms
6827 timing reifyNode:node_modules/jest-cli/node_modules/color-name Completed in 2287ms
6828 timing reifyNode:node_modules/@jest/core/node_modules/color-name Completed in 2287ms
6829 timing reifyNode:node_modules/@jest/console/node_modules/color-name Completed in 2288ms
6830 timing reifyNode:node_modules/@jest/types/node_modules/color-name Completed in 2276ms
6831 timing reifyNode:node_modules/@jest/transform/node_modules/color-name Completed in 2277ms
6832 timing reifyNode:node_modules/jest-util/node_modules/color-name Completed in 2278ms
6833 timing reifyNode:node_modules/react-dev-utils/node_modules/color-name Completed in 2271ms
6834 timing reifyNode:node_modules/jest-watch-typeahead/node_modules/color-name Completed in 2277ms
6835 timing reifyNode:node_modules/jest-resolve/node_modules/color-name Completed in 2277ms
6836 timing reifyNode:node_modules/eslint/node_modules/color-name Completed in 2277ms
6837 timing reifyNode:node_modules/babel-jest/node_modules/color-name Completed in 2270ms
6838 timing reifyNode:node_modules/core-util-is Completed in 2326ms
6839 http fetch GET 200 https://registry.npmjs.org/unique-string/-/unique-string-2.0.0.tgz 1916ms (cache miss)
6840 http fetch GET 200 https://registry.npmjs.org/require-directory/-/require-directory-2.1.1.tgz 1927ms (cache miss)
6841 http fetch GET 200 https://registry.npmjs.org/is-typedarray/-/is-typedarray-1.0.0.tgz 1918ms (cache miss)
6842 http fetch GET 200 https://registry.npmjs.org/typedarray-to-buffer/-/typedarray-to-buffer-3.1.5.tgz 1921ms (cache miss)
6843 http fetch GET 200 https://registry.npmjs.org/temp-dir/-/temp-dir-2.0.0.tgz 1917ms (cache miss)
6844 http fetch GET 200 https://registry.npmjs.org/@types/trusted-types/-/trusted-types-2.0.7.tgz 1920ms (cache miss)
6845 http fetch GET 200 https://registry.npmjs.org/crypto-random-string/-/crypto-random-string-2.0.0.tgz 1916ms (cache miss)
6846 http fetch GET 200 https://registry.npmjs.org/get-own-enumerable-property-symbols/-/get-own-enumerable-property-symbols-3.0.2.tgz 1915ms (cache miss)
6847 http fetch GET 200 https://registry.npmjs.org/is-regexp/-/is-regexp-1.0.0.tgz 1918ms (cache miss)
6848 timing reifyNode:node_modules/is-regexp Completed in 2332ms
6849 timing reifyNode:node_modules/semver/node_modules/lru-cache Completed in 2293ms
6850 http fetch GET 200 https://registry.npmjs.org/@trysound/sax/-/sax-0.2.0.tgz 1947ms (cache miss)
6851 timing reifyNode:node_modules/minimatch Completed in 2308ms
6852 http fetch GET 200 https://registry.npmjs.org/is-obj/-/is-obj-1.0.1.tgz 1927ms (cache miss)
6853 http fetch GET 200 https://registry.npmjs.org/lodash.sortby/-/lodash.sortby-4.7.0.tgz 1970ms (cache miss)
6854 timing reifyNode:node_modules/is-obj Completed in 2363ms
6855 timing reifyNode:node_modules/kleur Completed in 2361ms
6856 timing reifyNode:node_modules/shebang-regex Completed in 2365ms
6857 timing reifyNode:node_modules/inherits Completed in 2356ms
6858 timing reifyNode:node_modules/p-try Completed in 2379ms
6859 timing reifyNode:node_modules/jsonpointer Completed in 2381ms
6860 timing reifyNode:node_modules/word-wrap Completed in 2382ms
6861 timing reifyNode:node_modules/is-fullwidth-code-point Completed in 2381ms
6862 timing reifyNode:node_modules/jake/node_modules/has-flag Completed in 2381ms
6863 timing reifyNode:node_modules/jake/node_modules/supports-color Completed in 2381ms
6864 timing reifyNode:node_modules/path-key Completed in 2350ms
6865 timing reifyNode:node_modules/@trysound/sax Completed in 2384ms
6866 timing reifyNode:node_modules/rollup-plugin-terser/node_modules/has-flag Completed in 2381ms
6867 timing reifyNode:node_modules/rollup-plugin-terser/node_modules/supports-color Completed in 2382ms
6868 timing reifyNode:node_modules/fork-ts-checker-webpack-plugin/node_modules/has-flag Completed in 2374ms
6869 timing reifyNode:node_modules/supports-hyperlinks/node_modules/supports-color Completed in 2377ms
6870 timing reifyNode:node_modules/supports-hyperlinks/node_modules/has-flag Completed in 2378ms
6871 timing reifyNode:node_modules/fork-ts-checker-webpack-plugin/node_modules/supports-color Completed in 2375ms
6872 timing reifyNode:node_modules/jest-diff/node_modules/supports-color Completed in 2365ms
6873 timing reifyNode:node_modules/jest-matcher-utils/node_modules/has-flag Completed in 2364ms
6874 timing reifyNode:node_modules/jest-diff/node_modules/has-flag Completed in 2366ms
6875 timing reifyNode:node_modules/jest-matcher-utils/node_modules/supports-color Completed in 2365ms
6876 timing reifyNode:node_modules/jest-each/node_modules/has-flag Completed in 2366ms
6877 timing reifyNode:node_modules/jest-jasmine2/node_modules/has-flag Completed in 2366ms
6878 timing reifyNode:node_modules/jest-each/node_modules/supports-color Completed in 2367ms
6879 timing reifyNode:node_modules/jest-circus/node_modules/supports-color Completed in 2366ms
6880 timing reifyNode:node_modules/jest-circus/node_modules/has-flag Completed in 2368ms
6881 timing reifyNode:node_modules/istanbul-lib-report/node_modules/has-flag Completed in 2366ms
6882 timing reifyNode:node_modules/jest-jasmine2/node_modules/supports-color Completed in 2368ms
6883 timing reifyNode:node_modules/jest-watcher/node_modules/supports-color Completed in 2367ms
6884 timing reifyNode:node_modules/istanbul-lib-report/node_modules/supports-color Completed in 2367ms
6885 timing reifyNode:node_modules/jest-watcher/node_modules/has-flag Completed in 2367ms
6886 timing reifyNode:node_modules/jest-validate/node_modules/has-flag Completed in 2368ms
6887 timing reifyNode:node_modules/jest-snapshot/node_modules/has-flag Completed in 2368ms
6888 timing reifyNode:node_modules/jest-validate/node_modules/supports-color Completed in 2368ms
6889 timing reifyNode:node_modules/jest-runtime/node_modules/has-flag Completed in 2369ms
6890 timing reifyNode:node_modules/jest-runner/node_modules/has-flag Completed in 2368ms
6891 timing reifyNode:node_modules/jest-snapshot/node_modules/supports-color Completed in 2369ms
6892 timing reifyNode:node_modules/jest-runtime/node_modules/supports-color Completed in 2370ms
6893 timing reifyNode:node_modules/jest-message-util/node_modules/has-flag Completed in 2369ms
6894 timing reifyNode:node_modules/jest-runner/node_modules/supports-color Completed in 2372ms
6895 timing reifyNode:node_modules/jest-config/node_modules/has-flag Completed in 2374ms
6896 timing reifyNode:node_modules/jest-config/node_modules/supports-color Completed in 2375ms
6897 timing reifyNode:node_modules/jest-message-util/node_modules/supports-color Completed in 2375ms
6898 timing reifyNode:node_modules/@jest/reporters/node_modules/supports-color Completed in 2375ms
6899 timing reifyNode:node_modules/@jest/reporters/node_modules/has-flag Completed in 2376ms
6900 timing reifyNode:node_modules/jest-cli/node_modules/has-flag Completed in 2375ms
6901 timing reifyNode:node_modules/@jest/console/node_modules/supports-color Completed in 2375ms
6902 timing reifyNode:node_modules/@jest/console/node_modules/has-flag Completed in 2376ms
6903 timing reifyNode:node_modules/jest-cli/node_modules/supports-color Completed in 2376ms
6904 timing reifyNode:node_modules/@jest/core/node_modules/has-flag Completed in 2376ms
6905 timing reifyNode:node_modules/jest-util/node_modules/has-flag Completed in 2366ms
6906 timing reifyNode:node_modules/@jest/core/node_modules/supports-color Completed in 2377ms
6907 timing reifyNode:node_modules/@jest/types/node_modules/has-flag Completed in 2366ms
6908 timing reifyNode:node_modules/jest-worker/node_modules/has-flag Completed in 2369ms
6909 timing reifyNode:node_modules/jest-util/node_modules/supports-color Completed in 2367ms
6910 timing reifyNode:node_modules/@jest/types/node_modules/supports-color Completed in 2366ms
6911 timing reifyNode:node_modules/@jest/transform/node_modules/has-flag Completed in 2367ms
6912 timing reifyNode:node_modules/react-dev-utils/node_modules/supports-color Completed in 2360ms
6913 timing reifyNode:node_modules/@jest/transform/node_modules/supports-color Completed in 2367ms
6914 timing reifyNode:node_modules/react-dev-utils/node_modules/has-flag Completed in 2361ms
6915 timing reifyNode:node_modules/jest-watch-typeahead/node_modules/has-flag Completed in 2360ms
6916 timing reifyNode:node_modules/jest-watch-typeahead/node_modules/supports-color Completed in 2361ms
6917 timing reifyNode:node_modules/jest-resolve/node_modules/has-flag Completed in 2361ms
6918 timing reifyNode:node_modules/jest-resolve/node_modules/supports-color Completed in 2361ms
6919 timing reifyNode:node_modules/eslint-webpack-plugin/node_modules/has-flag Completed in 2361ms
6920 timing reifyNode:node_modules/eslint/node_modules/has-flag Completed in 2362ms
6921 timing reifyNode:node_modules/eslint/node_modules/supports-color Completed in 2362ms
6922 timing reifyNode:node_modules/fs.realpath Completed in 2387ms
6923 timing reifyNode:node_modules/babel-jest/node_modules/has-flag Completed in 2355ms
6924 timing reifyNode:node_modules/babel-jest/node_modules/supports-color Completed in 2355ms
6925 timing reifyNode:node_modules/balanced-match Completed in 2392ms
6926 http fetch GET 200 https://registry.npmjs.org/sourcemap-codec/-/sourcemap-codec-1.4.8.tgz 1995ms (cache miss)
6927 timing reifyNode:node_modules/lodash.sortby Completed in 2412ms
6928 http fetch GET 200 https://registry.npmjs.org/filelist/-/filelist-1.0.4.tgz 1994ms (cache miss)
6929 timing reifyNode:node_modules/sisteransi Completed in 2401ms
6930 timing reifyNode:node_modules/@jest/schemas Completed in 2412ms
6931 timing reifyNode:node_modules/jake/node_modules/ansi-styles Completed in 2412ms
6932 timing reifyNode:node_modules/wrap-ansi/node_modules/ansi-styles Completed in 2414ms
6933 timing reifyNode:node_modules/fork-ts-checker-webpack-plugin/node_modules/ansi-styles Completed in 2404ms
6934 timing reifyNode:node_modules/jest-diff/node_modules/ansi-styles Completed in 2394ms
6935 timing reifyNode:node_modules/jest-each/node_modules/ansi-styles Completed in 2393ms
6936 timing reifyNode:node_modules/jest-matcher-utils/node_modules/ansi-styles Completed in 2394ms
6937 timing reifyNode:node_modules/jest-jasmine2/node_modules/ansi-styles Completed in 2394ms
6938 timing reifyNode:node_modules/jest-circus/node_modules/ansi-styles Completed in 2394ms
6939 timing reifyNode:node_modules/jest-watcher/node_modules/ansi-styles Completed in 2393ms
6940 http fetch GET 200 https://registry.npmjs.org/builtin-modules/-/builtin-modules-3.3.0.tgz 1993ms (cache miss)
6941 timing reifyNode:node_modules/jest-validate/node_modules/ansi-styles Completed in 2394ms
6942 timing reifyNode:node_modules/jest-snapshot/node_modules/ansi-styles Completed in 2394ms
6943 timing reifyNode:node_modules/jest-runtime/node_modules/ansi-styles Completed in 2398ms
6944 timing reifyNode:node_modules/jest-runner/node_modules/ansi-styles Completed in 2399ms
6945 timing reifyNode:node_modules/jest-message-util/node_modules/ansi-styles Completed in 2399ms
6946 timing reifyNode:node_modules/jest-config/node_modules/ansi-styles Completed in 2400ms
6947 timing reifyNode:node_modules/@jest/reporters/node_modules/ansi-styles Completed in 2401ms
6948 http fetch GET 200 https://registry.npmjs.org/workbox-sw/-/workbox-sw-6.6.0.tgz 2001ms (cache miss)
6949 timing reifyNode:node_modules/jest-cli/node_modules/ansi-styles Completed in 2401ms
6950 timing reifyNode:node_modules/@jest/console/node_modules/ansi-styles Completed in 2401ms
6951 timing reifyNode:node_modules/@jest/core/node_modules/ansi-styles Completed in 2401ms
6952 timing reifyNode:node_modules/jest-util/node_modules/ansi-styles Completed in 2390ms
6953 timing reifyNode:node_modules/@jest/types/node_modules/ansi-styles Completed in 2390ms
6954 timing reifyNode:node_modules/semver/node_modules/yallist Completed in 2383ms
6955 timing reifyNode:node_modules/@jest/transform/node_modules/ansi-styles Completed in 2390ms
6956 timing reifyNode:node_modules/react-dev-utils/node_modules/ansi-styles Completed in 2383ms
6957 timing reifyNode:node_modules/jest-watch-typeahead/node_modules/ansi-styles Completed in 2383ms
6958 timing reifyNode:node_modules/eslint/node_modules/ansi-styles Completed in 2383ms
6959 timing reifyNode:node_modules/jest-resolve/node_modules/ansi-styles Completed in 2383ms
6960 timing reifyNode:node_modules/babel-jest/node_modules/ansi-styles Completed in 2376ms
6961 http fetch GET 200 https://registry.npmjs.org/estree-walker/-/estree-walker-1.0.1.tgz 2011ms (cache miss)
6962 timing reifyNode:node_modules/json-schema Completed in 2433ms
6963 timing reifyNode:node_modules/compression/node_modules/safe-buffer Completed in 2427ms
6964 timing reifyNode:node_modules/hpack.js/node_modules/safe-buffer Completed in 2430ms
6965 timing reifyNode:node_modules/string-width Completed in 2434ms
6966 timing reifyNode:node_modules/hpack.js/node_modules/string_decoder Completed in 2431ms
6967 timing reifyNode:node_modules/is-typedarray Completed in 2448ms
6968 timing reifyNode:node_modules/unique-string Completed in 2449ms
6969 timing reifyNode:node_modules/temp-dir Completed in 2449ms
6970 timing reifyNode:node_modules/crypto-random-string Completed in 2450ms
6971 timing reifyNode:node_modules/util-deprecate Completed in 2451ms
6972 timing reifyNode:node_modules/@types/trusted-types Completed in 2463ms
6973 http fetch GET 200 https://registry.npmjs.org/@rollup/pluginutils/-/pluginutils-3.1.0.tgz 2046ms (cache miss)
6974 timing reifyNode:node_modules/mkdirp Completed in 2466ms
6975 timing reifyNode:node_modules/jsonfile Completed in 2447ms
6976 timing reifyNode:node_modules/rimraf Completed in 2448ms
6977 timing reifyNode:node_modules/which Completed in 2444ms
6978 timing reifyNode:node_modules/get-caller-file Completed in 2485ms
6979 timing reifyNode:node_modules/glob Completed in 2467ms
6980 timing reifyNode:node_modules/filelist Completed in 2500ms
6981 timing reifyNode:node_modules/graceful-fs Completed in 2464ms
6982 timing reifyNode:node_modules/jake/node_modules/color-convert Completed in 2527ms
6983 timing reifyNode:node_modules/wrap-ansi/node_modules/color-convert Completed in 2528ms
6984 timing reifyNode:node_modules/fork-ts-checker-webpack-plugin/node_modules/color-convert Completed in 2518ms
6985 timing reifyNode:node_modules/jest-diff/node_modules/color-convert Completed in 2508ms
6986 timing reifyNode:node_modules/jest-matcher-utils/node_modules/color-convert Completed in 2507ms
6987 timing reifyNode:node_modules/jest-jasmine2/node_modules/color-convert Completed in 2507ms
6988 timing reifyNode:node_modules/jest-each/node_modules/color-convert Completed in 2507ms
6989 timing reifyNode:node_modules/jest-circus/node_modules/color-convert Completed in 2507ms
6990 timing reifyNode:node_modules/jest-validate/node_modules/color-convert Completed in 2507ms
6991 timing reifyNode:node_modules/jest-watcher/node_modules/color-convert Completed in 2508ms
6992 timing reifyNode:node_modules/jest-snapshot/node_modules/color-convert Completed in 2509ms
6993 timing reifyNode:node_modules/jest-runner/node_modules/color-convert Completed in 2509ms
6994 timing reifyNode:node_modules/jest-runtime/node_modules/color-convert Completed in 2511ms
6995 timing reifyNode:node_modules/jest-config/node_modules/color-convert Completed in 2510ms
6996 timing reifyNode:node_modules/jest-message-util/node_modules/color-convert Completed in 2511ms
6997 timing reifyNode:node_modules/@jest/reporters/node_modules/color-convert Completed in 2511ms
6998 timing reifyNode:node_modules/jest-cli/node_modules/color-convert Completed in 2511ms
6999 timing reifyNode:node_modules/@jest/types/node_modules/color-convert Completed in 2499ms
7000 timing reifyNode:node_modules/@jest/core/node_modules/color-convert Completed in 2511ms
7001 timing reifyNode:node_modules/@jest/console/node_modules/color-convert Completed in 2511ms
7002 timing reifyNode:node_modules/jest-util/node_modules/color-convert Completed in 2501ms
7003 timing reifyNode:node_modules/@jest/transform/node_modules/color-convert Completed in 2500ms
7004 timing reifyNode:node_modules/react-dev-utils/node_modules/color-convert Completed in 2494ms
7005 http fetch GET 200 https://registry.npmjs.org/strip-comments/-/strip-comments-2.0.1.tgz 2097ms (cache miss)
7006 timing reifyNode:node_modules/jest-watch-typeahead/node_modules/color-convert Completed in 2494ms
7007 timing reifyNode:node_modules/babel-jest/node_modules/color-convert Completed in 2485ms
7008 timing reifyNode:node_modules/jest-resolve/node_modules/color-convert Completed in 2494ms
7009 timing reifyNode:node_modules/concat-map Completed in 2523ms
7010 timing reifyNode:node_modules/eslint/node_modules/color-convert Completed in 2494ms
7011 timing reifyNode:node_modules/sucrase/node_modules/commander Completed in 2540ms
7012 http fetch GET 200 https://registry.npmjs.org/stringify-object/-/stringify-object-3.3.0.tgz 2102ms (cache miss)
7013 timing reifyNode:node_modules/jest-matcher-utils/node_modules/chalk Completed in 2542ms
7014 timing reifyNode:node_modules/jake/node_modules/chalk Completed in 2564ms
7015 timing reifyNode:node_modules/jest-diff/node_modules/chalk Completed in 2544ms
7016 timing reifyNode:node_modules/jest-jasmine2/node_modules/chalk Completed in 2543ms
7017 timing reifyNode:node_modules/fork-ts-checker-webpack-plugin/node_modules/chalk Completed in 2556ms
7018 timing reifyNode:node_modules/jest-watcher/node_modules/chalk Completed in 2543ms
7019 timing reifyNode:node_modules/jest-circus/node_modules/chalk Completed in 2544ms
7020 timing reifyNode:node_modules/jest-validate/node_modules/chalk Completed in 2544ms
7021 timing reifyNode:node_modules/jest-each/node_modules/chalk Completed in 2546ms
7022 timing reifyNode:node_modules/jest-snapshot/node_modules/chalk Completed in 2545ms
7023 timing reifyNode:node_modules/jest-message-util/node_modules/chalk Completed in 2544ms
7024 timing reifyNode:node_modules/jest-runtime/node_modules/chalk Completed in 2546ms
7025 timing reifyNode:node_modules/jest-runner/node_modules/chalk Completed in 2545ms
7026 timing reifyNode:node_modules/jest-config/node_modules/chalk Completed in 2545ms
7027 timing reifyNode:node_modules/@jest/console/node_modules/chalk Completed in 2544ms
7028 timing reifyNode:node_modules/jest-cli/node_modules/chalk Completed in 2544ms
7029 timing reifyNode:node_modules/jest-util/node_modules/chalk Completed in 2534ms
7030 timing reifyNode:node_modules/@jest/reporters/node_modules/chalk Completed in 2546ms
7031 timing reifyNode:node_modules/@jest/core/node_modules/chalk Completed in 2545ms
7032 http fetch GET 200 https://registry.npmjs.org/@rollup/plugin-replace/-/plugin-replace-2.4.2.tgz 2123ms (cache miss)
7033 timing reifyNode:node_modules/@jest/transform/node_modules/chalk Completed in 2533ms
7034 http fetch GET 200 https://registry.npmjs.org/rollup-plugin-terser/-/rollup-plugin-terser-7.0.2.tgz 2128ms (cache miss)
7035 timing reifyNode:node_modules/@jest/types/node_modules/chalk Completed in 2535ms
7036 timing reifyNode:node_modules/react-dev-utils/node_modules/chalk Completed in 2528ms
7037 timing reifyNode:node_modules/jest-resolve/node_modules/chalk Completed in 2526ms
7038 timing reifyNode:node_modules/jest-watch-typeahead/node_modules/chalk Completed in 2527ms
7039 timing reifyNode:node_modules/eslint/node_modules/chalk Completed in 2526ms
7040 timing reifyNode:node_modules/babel-jest/node_modules/chalk Completed in 2520ms
7041 timing reifyNode:node_modules/hpack.js/node_modules/isarray Completed in 2578ms
7042 timing reifyNode:node_modules/get-own-enumerable-property-symbols Completed in 2580ms
7043 timing reifyNode:node_modules/require-directory Completed in 2582ms
7044 timing reifyNode:node_modules/typedarray-to-buffer Completed in 2583ms
7045 timing reifyNode:node_modules/stringify-object Completed in 2583ms
7046 http fetch GET 200 https://registry.npmjs.org/tempy/-/tempy-0.6.0.tgz 2146ms (cache miss)
7047 http fetch GET 200 https://registry.npmjs.org/upath/-/upath-1.2.0.tgz 2141ms (cache miss)
7048 http fetch GET 200 https://registry.npmjs.org/is-module/-/is-module-1.0.0.tgz 2171ms (cache miss)
7049 timing reifyNode:node_modules/isexe Completed in 2591ms
7050 http fetch GET 200 https://registry.npmjs.org/is-map/-/is-map-2.0.2.tgz 2143ms (cache miss)
7051 http fetch GET 200 https://registry.npmjs.org/is-weakmap/-/is-weakmap-2.0.1.tgz 2144ms (cache miss)
7052 http fetch GET 200 https://registry.npmjs.org/is-weakset/-/is-weakset-2.0.2.tgz 2143ms (cache miss)
7053 http fetch GET 200 https://registry.npmjs.org/pretty-bytes/-/pretty-bytes-5.6.0.tgz 2144ms (cache miss)
7054 http fetch GET 200 https://registry.npmjs.org/which-collection/-/which-collection-1.0.1.tgz 2152ms (cache miss)
7055 http fetch GET 200 https://registry.npmjs.org/@rollup/plugin-babel/-/plugin-babel-5.3.1.tgz 2159ms (cache miss)
7056 http fetch GET 200 https://registry.npmjs.org/is-set/-/is-set-2.0.2.tgz 2157ms (cache miss)
7057 http fetch GET 200 https://registry.npmjs.org/is-boolean-object/-/is-boolean-object-1.1.2.tgz 2154ms (cache miss)
7058 http fetch GET 200 https://registry.npmjs.org/is-bigint/-/is-bigint-1.0.4.tgz 2164ms (cache miss)
7059 http fetch GET 200 https://registry.npmjs.org/is-finalizationregistry/-/is-finalizationregistry-1.0.2.tgz 2163ms (cache miss)
7060 http fetch GET 200 https://registry.npmjs.org/is-async-function/-/is-async-function-2.0.0.tgz 2167ms (cache miss)
7061 http fetch GET 200 https://registry.npmjs.org/minimalistic-assert/-/minimalistic-assert-1.0.1.tgz 2155ms (cache miss)
7062 http fetch GET 200 https://registry.npmjs.org/http-parser-js/-/http-parser-js-0.5.8.tgz 2154ms (cache miss)
7063 timing reifyNode:node_modules/cliui Completed in 2628ms
7064 http fetch GET 200 https://registry.npmjs.org/wbuf/-/wbuf-1.7.3.tgz 2160ms (cache miss)
7065 http fetch GET 200 https://registry.npmjs.org/is-number-object/-/is-number-object-1.0.7.tgz 2164ms (cache miss)
7066 http fetch GET 200 https://registry.npmjs.org/websocket-extensions/-/websocket-extensions-0.1.4.tgz 2162ms (cache miss)
7067 timing reifyNode:node_modules/builtin-modules Completed in 2643ms
7068 timing reifyNode:node_modules/minimalistic-assert Completed in 2643ms
7069 http fetch GET 200 https://registry.npmjs.org/is-generator-function/-/is-generator-function-1.0.10.tgz 2187ms (cache miss)
7070 timing reifyNode:node_modules/tempy Completed in 2645ms
7071 timing reifyNode:node_modules/is-module Completed in 2646ms
7072 timing reifyNode:node_modules/y18n Completed in 2649ms
7073 http fetch GET 200 https://registry.npmjs.org/string_decoder/-/string_decoder-1.3.0.tgz 2179ms (cache miss)
7074 http fetch GET 200 https://registry.npmjs.org/media-typer/-/media-typer-0.3.0.tgz 2180ms (cache miss)
7075 timing reifyNode:node_modules/pretty-bytes Completed in 2652ms
7076 timing reifyNode:node_modules/cross-spawn Completed in 2633ms
7077 http fetch GET 200 https://registry.npmjs.org/obuf/-/obuf-1.1.2.tgz 2192ms (cache miss)
7078 timing reifyNode:node_modules/wbuf Completed in 2664ms
7079 http fetch GET 200 https://registry.npmjs.org/select-hose/-/select-hose-2.0.0.tgz 2191ms (cache miss)
7080 http fetch GET 200 https://registry.npmjs.org/detect-node/-/detect-node-2.1.0.tgz 2191ms (cache miss)
7081 timing reifyNode:node_modules/upath Completed in 2667ms
7082 timing reifyNode:node_modules/http-parser-js Completed in 2674ms
7083 warn deprecated rollup-plugin-terser@7.0.2: This package has been deprecated and is no longer maintained. Please use @rollup/plugin-terser
7084 timing reifyNode:node_modules/rollup-plugin-terser Completed in 2676ms
7085 http fetch GET 200 https://registry.npmjs.org/faye-websocket/-/faye-websocket-0.11.4.tgz 2200ms (cache miss)
7086 timing reifyNode:node_modules/estree-walker Completed in 2681ms
7087 timing reifyNode:node_modules/string_decoder Completed in 2680ms
7088 http fetch GET 200 https://registry.npmjs.org/http-deceiver/-/http-deceiver-1.2.7.tgz 2210ms (cache miss)
7089 http fetch GET 200 https://registry.npmjs.org/forwarded/-/forwarded-0.2.0.tgz 2213ms (cache miss)
7090 http fetch GET 200 https://registry.npmjs.org/@types/node-forge/-/node-forge-1.3.10.tgz 2210ms (cache miss)
7091 http fetch GET 200 https://registry.npmjs.org/batch/-/batch-0.6.1.tgz 2212ms (cache miss)
7092 timing reifyNode:node_modules/media-typer Completed in 2692ms
7093 timing reifyNode:node_modules/workbox-sw Completed in 2695ms
7094 warn deprecated sourcemap-codec@1.4.8: Please use @jridgewell/sourcemap-codec instead
7095 timing reifyNode:node_modules/sourcemap-codec Completed in 2696ms
7096 http fetch GET 200 https://registry.npmjs.org/ee-first/-/ee-first-1.1.1.tgz 2216ms (cache miss)
7097 http fetch GET 200 https://registry.npmjs.org/mime/-/mime-1.6.0.tgz 2218ms (cache miss)
7098 http fetch GET 200 https://registry.npmjs.org/handle-thing/-/handle-thing-2.0.1.tgz 2228ms (cache miss)
7099 timing reifyNode:node_modules/ee-first Completed in 2711ms
7100 http fetch GET 200 https://registry.npmjs.org/thunky/-/thunky-1.1.0.tgz 2237ms (cache miss)
7101 http fetch GET 200 https://registry.npmjs.org/dns-packet/-/dns-packet-5.6.1.tgz 2235ms (cache miss)
7102 timing reifyNode:node_modules/@rollup/pluginutils Completed in 2724ms
7103 timing reifyNode:node_modules/obuf Completed in 2722ms
7104 timing reifyNode:node_modules/source-list-map Completed in 2730ms
7105 http fetch GET 200 https://registry.npmjs.org/eventemitter3/-/eventemitter3-4.0.7.tgz 2240ms (cache miss)
7106 timing reifyNode:node_modules/@types/node-forge Completed in 2729ms
7107 http fetch GET 200 https://registry.npmjs.org/retry/-/retry-0.13.1.tgz 2249ms (cache miss)
7108 http fetch GET 200 https://registry.npmjs.org/@types/retry/-/retry-0.12.0.tgz 2252ms (cache miss)
7109 timing reifyNode:node_modules/forwarded Completed in 2736ms
7110 timing reifyNode:node_modules/detect-node Completed in 2738ms
7111 http fetch GET 200 https://registry.npmjs.org/is-plain-obj/-/is-plain-obj-3.0.0.tgz 2249ms (cache miss)
7112 http fetch GET 200 https://registry.npmjs.org/yargs-parser/-/yargs-parser-20.2.9.tgz 2346ms (cache miss)
7113 timing reifyNode:node_modules/@rollup/plugin-replace Completed in 2748ms
7114 timing reifyNode:node_modules/@rollup/plugin-babel Completed in 2748ms
7115 timing reifyNode:node_modules/@types/retry Completed in 2748ms
7116 http fetch GET 200 https://registry.npmjs.org/follow-redirects/-/follow-redirects-1.15.3.tgz 2257ms (cache miss)
7117 timing reifyNode:node_modules/strip-comments Completed in 2755ms
7118 http fetch GET 200 https://registry.npmjs.org/unpipe/-/unpipe-1.0.0.tgz 2259ms (cache miss)
7119 http fetch GET 200 https://registry.npmjs.org/@types/http-proxy/-/http-proxy-1.17.14.tgz 2265ms (cache miss)
7120 http fetch GET 200 https://registry.npmjs.org/utils-merge/-/utils-merge-1.0.1.tgz 2264ms (cache miss)
7121 timing reifyNode:node_modules/yargs-parser Completed in 2765ms
7122 http fetch GET 200 https://registry.npmjs.org/destroy/-/destroy-1.2.0.tgz 2271ms (cache miss)
7123 http fetch GET 200 https://registry.npmjs.org/@rollup/plugin-node-resolve/-/plugin-node-resolve-11.2.1.tgz 2325ms (cache miss)
7124 http fetch GET 200 https://registry.npmjs.org/toidentifier/-/toidentifier-1.0.1.tgz 2277ms (cache miss)
7125 http fetch GET 200 https://registry.npmjs.org/serve-static/-/serve-static-1.15.0.tgz 2275ms (cache miss)
7126 timing reifyNode:node_modules/http-deceiver Completed in 2774ms
7127 timing reifyNode:node_modules/@types/http-proxy Completed in 2773ms
7128 http fetch GET 200 https://registry.npmjs.org/ejs/-/ejs-3.1.9.tgz 2359ms (cache miss)
7129 timing reifyNode:node_modules/is-plain-obj Completed in 2779ms
7130 timing reifyNode:node_modules/destroy Completed in 2780ms
7131 http fetch GET 200 https://registry.npmjs.org/type-is/-/type-is-1.6.18.tgz 2287ms (cache miss)
7132 http fetch GET 200 https://registry.npmjs.org/statuses/-/statuses-2.0.1.tgz 2287ms (cache miss)
7133 timing reifyNode:node_modules/handle-thing Completed in 2788ms
7134 timing reifyNode:node_modules/@rollup/plugin-node-resolve Completed in 2797ms
7135 timing reifyNode:node_modules/unpipe Completed in 2796ms
7136 timing reifyNode:node_modules/is-async-function Completed in 2799ms
7137 timing reifyNode:node_modules/ejs Completed in 2805ms
7138 timing reifyNode:node_modules/utils-merge Completed in 2803ms
7139 http fetch GET 200 https://registry.npmjs.org/setprototypeof/-/setprototypeof-1.2.0.tgz 2306ms (cache miss)
7140 http fetch GET 200 https://registry.npmjs.org/send/-/send-0.18.0.tgz 2308ms (cache miss)
7141 timing reifyNode:node_modules/is-weakmap Completed in 2812ms
7142 http fetch GET 200 https://registry.npmjs.org/tr46/-/tr46-2.1.0.tgz 2349ms (cache miss)
7143 http fetch GET 200 https://registry.npmjs.org/range-parser/-/range-parser-1.2.1.tgz 2312ms (cache miss)
7144 timing reifyNode:node_modules/batch Completed in 2816ms
7145 timing reifyNode:node_modules/thunky Completed in 2816ms
7146 timing reifyNode:node_modules/toidentifier Completed in 2816ms
7147 timing reifyNode:node_modules/ajv-formats Completed in 2820ms
7148 timing reifyNode:node_modules/which-collection Completed in 2819ms
7149 http fetch GET 200 https://registry.npmjs.org/path-to-regexp/-/path-to-regexp-0.1.7.tgz 2316ms (cache miss)
7150 timing reifyNode:node_modules/serve-static Completed in 2820ms
7151 timing reifyNode:node_modules/is-finalizationregistry Completed in 2826ms
7152 http fetch GET 200 https://registry.npmjs.org/on-finished/-/on-finished-2.4.1.tgz 2324ms (cache miss)
7153 timing reifyNode:node_modules/type-is Completed in 2828ms
7154 timing reifyNode:node_modules/is-bigint Completed in 2832ms
7155 timing reifyNode:node_modules/tr46 Completed in 2833ms
7156 http fetch GET 200 https://registry.npmjs.org/merge-descriptors/-/merge-descriptors-1.0.1.tgz 2327ms (cache miss)
7157 http fetch GET 200 https://registry.npmjs.org/proxy-addr/-/proxy-addr-2.0.7.tgz 2329ms (cache miss)
7158 http fetch GET 200 https://registry.npmjs.org/methods/-/methods-1.1.2.tgz 2328ms (cache miss)
7159 timing reifyNode:node_modules/is-number-object Completed in 2844ms
7160 timing reifyNode:node_modules/select-hose Completed in 2844ms
7161 http fetch GET 200 https://registry.npmjs.org/parseurl/-/parseurl-1.3.3.tgz 2340ms (cache miss)
7162 http fetch GET 200 https://registry.npmjs.org/raw-body/-/raw-body-2.5.1.tgz 2353ms (cache miss)
7163 http fetch GET 200 https://registry.npmjs.org/http-errors/-/http-errors-2.0.0.tgz 2349ms (cache miss)
7164 timing reifyNode:node_modules/is-boolean-object Completed in 2857ms
7165 timing reifyNode:node_modules/range-parser Completed in 2861ms
7166 http fetch GET 200 https://registry.npmjs.org/magic-string/-/magic-string-0.25.9.tgz 2445ms (cache miss)
7167 timing reifyNode:node_modules/follow-redirects Completed in 2862ms
7168 timing reifyNode:node_modules/path-to-regexp Completed in 2864ms
7169 timing reifyNode:node_modules/send/node_modules/debug Completed in 2865ms
7170 timing reifyNode:node_modules/body-parser/node_modules/debug Completed in 2865ms
7171 timing reifyNode:node_modules/serve-index/node_modules/debug Completed in 2865ms
7172 timing reifyNode:node_modules/compression/node_modules/debug Completed in 2865ms
7173 timing reifyNode:node_modules/statuses Completed in 2867ms
7174 timing reifyNode:node_modules/is-map Completed in 2870ms
7175 timing reifyNode:node_modules/finalhandler/node_modules/debug Completed in 2868ms
7176 timing reifyNode:node_modules/express/node_modules/debug Completed in 2867ms
7177 timing reifyNode:node_modules/detect-port-alt/node_modules/debug Completed in 2863ms
7178 http fetch GET 200 https://registry.npmjs.org/fresh/-/fresh-0.5.2.tgz 2362ms (cache miss)
7179 http fetch GET 200 https://registry.npmjs.org/etag/-/etag-1.8.1.tgz 2362ms (cache miss)
7180 timing reifyNode:node_modules/is-weakset Completed in 2873ms
7181 timing reifyNode:node_modules/retry Completed in 2872ms
7182 timing reifyNode:node_modules/eventemitter3 Completed in 2873ms
7183 http fetch GET 200 https://registry.npmjs.org/finalhandler/-/finalhandler-1.2.0.tgz 2369ms (cache miss)
7184 timing reifyNode:node_modules/on-finished Completed in 2877ms
7185 timing reifyNode:node_modules/methods Completed in 2877ms
7186 timing reifyNode:node_modules/merge-descriptors Completed in 2877ms
7187 timing reifyNode:node_modules/magic-string Completed in 2882ms
7188 timing reifyNode:node_modules/is-set Completed in 2881ms
7189 http fetch GET 200 https://registry.npmjs.org/escape-html/-/escape-html-1.0.3.tgz 2371ms (cache miss)
7190 timing reifyNode:node_modules/proxy-addr Completed in 2882ms
7191 timing reifyNode:node_modules/setprototypeof Completed in 2883ms
7192 timing reifyNode:node_modules/parseurl Completed in 2884ms
7193 http fetch GET 200 https://registry.npmjs.org/content-type/-/content-type-1.0.5.tgz 2370ms (cache miss)
7194 http fetch GET 200 https://registry.npmjs.org/encodeurl/-/encodeurl-1.0.2.tgz 2379ms (cache miss)
7195 timing reifyNode:node_modules/dns-packet Completed in 2894ms
7196 timing reifyNode:node_modules/escape-html Completed in 2895ms
7197 timing reifyNode:node_modules/is-generator-function Completed in 2898ms
7198 http fetch GET 200 https://registry.npmjs.org/depd/-/depd-2.0.0.tgz 2386ms (cache miss)
7199 timing reifyNode:node_modules/http-errors Completed in 2897ms
7200 timing reifyNode:node_modules/send Completed in 2897ms
7201 timing reifyNode:node_modules/mime Completed in 2899ms
7202 http fetch GET 200 https://registry.npmjs.org/body-parser/-/body-parser-1.20.1.tgz 2381ms (cache miss)
7203 http fetch GET 200 https://registry.npmjs.org/cookie-signature/-/cookie-signature-1.0.6.tgz 2383ms (cache miss)
7204 timing reifyNode:node_modules/fresh Completed in 2905ms
7205 timing reifyNode:node_modules/etag Completed in 2906ms
7206 http fetch GET 200 https://registry.npmjs.org/content-disposition/-/content-disposition-0.5.4.tgz 2406ms (cache miss)
7207 timing reifyNode:node_modules/websocket-extensions Completed in 2921ms
7208 http fetch GET 200 https://registry.npmjs.org/@types/resolve/-/resolve-1.17.1.tgz 2507ms (cache miss)
7209 http fetch GET 200 https://registry.npmjs.org/cookie/-/cookie-0.5.0.tgz 2403ms (cache miss)
7210 timing reifyNode:node_modules/content-type Completed in 2923ms
7211 timing reifyNode:node_modules/encodeurl Completed in 2925ms
7212 http fetch GET 200 https://registry.npmjs.org/bytes/-/bytes-3.0.0.tgz 2405ms (cache miss)
7213 http fetch GET 200 https://registry.npmjs.org/multicast-dns/-/multicast-dns-7.2.5.tgz 2409ms (cache miss)
7214 http fetch GET 200 https://registry.npmjs.org/negotiator/-/negotiator-0.6.3.tgz 2411ms (cache miss)
7215 http fetch GET 200 https://registry.npmjs.org/vary/-/vary-1.1.2.tgz 2411ms (cache miss)
7216 http fetch GET 200 https://registry.npmjs.org/on-headers/-/on-headers-1.0.2.tgz 2409ms (cache miss)
7217 http fetch GET 200 https://registry.npmjs.org/accepts/-/accepts-1.3.8.tgz 2411ms (cache miss)
7218 timing reifyNode:node_modules/@types/resolve Completed in 2938ms
7219 http fetch GET 200 https://registry.npmjs.org/dns-equal/-/dns-equal-1.0.0.tgz 2413ms (cache miss)
7220 timing reifyNode:node_modules/cookie-signature Completed in 2940ms
7221 timing reifyNode:node_modules/finalhandler Completed in 2942ms
7222 timing reifyNode:node_modules/faye-websocket Completed in 2943ms
7223 timing reifyNode:node_modules/raw-body Completed in 2950ms
7224 timing reifyNode:node_modules/content-disposition Completed in 2956ms
7225 http fetch GET 200 https://registry.npmjs.org/compressible/-/compressible-2.0.18.tgz 2440ms (cache miss)
7226 timing reifyNode:node_modules/bytes Completed in 2968ms
7227 timing reifyNode:node_modules/vary Completed in 2970ms
7228 timing reifyNode:node_modules/on-headers Completed in 2971ms
7229 timing reifyNode:node_modules/accepts Completed in 2971ms
7230 timing reifyNode:node_modules/depd Completed in 2976ms
7231 http fetch GET 200 https://registry.npmjs.org/@types/mime/-/mime-1.3.5.tgz 2452ms (cache miss)
7232 http fetch GET 200 https://registry.npmjs.org/@types/send/-/send-0.17.4.tgz 2451ms (cache miss)
7233 http fetch GET 200 https://registry.npmjs.org/idb/-/idb-7.1.1.tgz 2573ms (cache miss)
7234 http fetch GET 200 https://registry.npmjs.org/array-flatten/-/array-flatten-2.1.2.tgz 2453ms (cache miss)
7235 http fetch GET 200 https://registry.npmjs.org/@types/connect/-/connect-3.4.38.tgz 2451ms (cache miss)
7236 timing reifyNode:node_modules/@types/send Completed in 2984ms
7237 timing reifyNode:node_modules/cookie Completed in 2985ms
7238 timing reifyNode:node_modules/@types/connect Completed in 2988ms
7239 http fetch GET 200 https://registry.npmjs.org/@leichtgewicht/ip-codec/-/ip-codec-2.0.4.tgz 2507ms (cache miss)
7240 http fetch GET 200 https://registry.npmjs.org/@types/qs/-/qs-6.9.10.tgz 2461ms (cache miss)
7241 http fetch GET 200 https://registry.npmjs.org/@types/body-parser/-/body-parser-1.19.5.tgz 2459ms (cache miss)
7242 timing reifyNode:node_modules/idb Completed in 2997ms
7243 timing reifyNode:node_modules/compressible Completed in 2994ms
7244 timing reifyNode:node_modules/@types/qs Completed in 3000ms
7245 timing reifyNode:node_modules/@types/body-parser Completed in 3000ms
7246 http fetch GET 200 https://registry.npmjs.org/@types/range-parser/-/range-parser-1.2.7.tgz 2470ms (cache miss)
7247 http fetch GET 200 https://registry.npmjs.org/@types/http-errors/-/http-errors-2.0.4.tgz 2474ms (cache miss)
7248 timing reifyNode:node_modules/array-flatten Completed in 3004ms
7249 http fetch GET 200 https://registry.npmjs.org/@types/express-serve-static-core/-/express-serve-static-core-4.17.41.tgz 2475ms (cache miss)
7250 timing reifyNode:node_modules/dns-equal Completed in 3007ms
7251 timing reifyNode:node_modules/@types/range-parser Completed in 3010ms
7252 timing reifyNode:node_modules/@types/http-errors Completed in 3011ms
7253 timing reifyNode:node_modules/@types/mime Completed in 3014ms
7254 http fetch GET 200 https://registry.npmjs.org/ipaddr.js/-/ipaddr.js-2.1.0.tgz 2482ms (cache miss)
7255 http fetch GET 200 https://registry.npmjs.org/launch-editor/-/launch-editor-2.6.1.tgz 2484ms (cache miss)
7256 http fetch GET 200 https://registry.npmjs.org/p-retry/-/p-retry-4.6.2.tgz 2492ms (cache miss)
7257 timing reifyNode:node_modules/@types/express-serve-static-core Completed in 3033ms
7258 http fetch GET 200 https://registry.npmjs.org/selfsigned/-/selfsigned-2.4.1.tgz 2499ms (cache miss)
7259 timing reifyNode:node_modules/minimist Completed in 3037ms
7260 http fetch GET 200 https://registry.npmjs.org/default-gateway/-/default-gateway-6.0.3.tgz 2499ms (cache miss)
7261 timing reifyNode:node_modules/@leichtgewicht/ip-codec Completed in 3051ms
7262 timing reifyNode:node_modules/multicast-dns Completed in 3051ms
7263 timing reifyNode:node_modules/hpack.js/node_modules/readable-stream Completed in 3060ms
7264 timing reifyNode:node_modules/negotiator Completed in 3061ms
7265 timing reifyNode:node_modules/p-retry Completed in 3062ms
7266 timing reifyNode:node_modules/body-parser Completed in 3093ms
7267 http fetch GET 200 https://registry.npmjs.org/compression/-/compression-1.7.4.tgz 2545ms (cache miss)
7268 http fetch GET 200 https://registry.npmjs.org/connect-history-api-fallback/-/connect-history-api-fallback-2.0.0.tgz 2547ms (cache miss)
7269 http fetch GET 200 https://registry.npmjs.org/colorette/-/colorette-2.0.20.tgz 2549ms (cache miss)
7270 http fetch GET 200 https://registry.npmjs.org/@types/ws/-/ws-8.5.10.tgz 2547ms (cache miss)
7271 http fetch GET 200 https://registry.npmjs.org/@types/sockjs/-/sockjs-0.3.36.tgz 2552ms (cache miss)
7272 http fetch GET 200 https://registry.npmjs.org/workbox-google-analytics/-/workbox-google-analytics-6.6.0.tgz 2679ms (cache miss)
7273 http fetch GET 200 https://registry.npmjs.org/websocket-driver/-/websocket-driver-0.7.4.tgz 2630ms (cache miss)
7274 http fetch GET 200 https://registry.npmjs.org/http-proxy/-/http-proxy-1.18.1.tgz 2613ms (cache miss)
7275 http fetch GET 200 https://registry.npmjs.org/workbox-cacheable-response/-/workbox-cacheable-response-6.6.0.tgz 2672ms (cache miss)
7276 timing reifyNode:node_modules/ipaddr.js Completed in 3108ms
7277 timing reifyNode:node_modules/selfsigned Completed in 3109ms
7278 timing reifyNode:node_modules/connect-history-api-fallback Completed in 3110ms
7279 http fetch GET 200 https://registry.npmjs.org/@types/serve-static/-/serve-static-1.15.5.tgz 2557ms (cache miss)
7280 timing reifyNode:node_modules/@types/sockjs Completed in 3110ms
7281 timing reifyNode:node_modules/launch-editor Completed in 3112ms
7282 timing reifyNode:node_modules/websocket-driver Completed in 3117ms
7283 http fetch GET 200 https://registry.npmjs.org/@types/serve-index/-/serve-index-1.9.4.tgz 2564ms (cache miss)
7284 timing reifyNode:node_modules/workbox-google-analytics Completed in 3120ms
7285 warn deprecated workbox-cacheable-response@6.6.0: workbox-background-sync@6.6.0
7286 timing reifyNode:node_modules/workbox-cacheable-response Completed in 3129ms
7287 timing reifyNode:node_modules/http-proxy Completed in 3127ms
7288 timing reifyNode:node_modules/@types/serve-static Completed in 3125ms
7289 http fetch GET 200 https://registry.npmjs.org/@types/express/-/express-4.17.21.tgz 2573ms (cache miss)
7290 http fetch GET 200 https://registry.npmjs.org/@types/bonjour/-/bonjour-3.5.13.tgz 2572ms (cache miss)
7291 timing reifyNode:node_modules/compression Completed in 3129ms
7292 timing reifyNode:node_modules/@types/serve-index Completed in 3134ms
7293 http fetch GET 200 https://registry.npmjs.org/@webassemblyjs/ieee754/-/ieee754-1.11.6.tgz 2578ms (cache miss)
7294 timing reifyNode:node_modules/@webassemblyjs/ieee754 Completed in 3135ms
7295 http fetch GET 200 https://registry.npmjs.org/@webassemblyjs/leb128/-/leb128-1.11.6.tgz 2585ms (cache miss)
7296 timing reifyNode:node_modules/@types/ws Completed in 3140ms
7297 timing reifyNode:node_modules/@types/express Completed in 3140ms
7298 timing reifyNode:node_modules/@types/bonjour Completed in 3141ms
7299 http fetch GET 200 https://registry.npmjs.org/@xtuc/ieee754/-/ieee754-1.2.0.tgz 2594ms (cache miss)
7300 http fetch GET 200 https://registry.npmjs.org/hpack.js/-/hpack.js-2.1.6.tgz 2681ms (cache miss)
7301 timing reifyNode:node_modules/colorette Completed in 3154ms
7302 http fetch GET 200 https://registry.npmjs.org/@webassemblyjs/utf8/-/utf8-1.11.6.tgz 2598ms (cache miss)
7303 timing reifyNode:node_modules/hpack.js Completed in 3166ms
7304 http fetch GET 200 https://registry.npmjs.org/workbox-navigation-preload/-/workbox-navigation-preload-6.6.0.tgz 2741ms (cache miss)
7305 http fetch GET 200 https://registry.npmjs.org/@webassemblyjs/wasm-opt/-/wasm-opt-1.11.6.tgz 2621ms (cache miss)
7306 timing reifyNode:node_modules/@webassemblyjs/wasm-opt Completed in 3177ms
7307 http fetch GET 200 https://registry.npmjs.org/qs/-/qs-6.11.0.tgz 2684ms (cache miss)
7308 timing reifyNode:node_modules/workbox-navigation-preload Completed in 3190ms
7309 http fetch GET 200 https://registry.npmjs.org/@webassemblyjs/wasm-gen/-/wasm-gen-1.11.6.tgz 2632ms (cache miss)
7310 timing reifyNode:node_modules/@xtuc/ieee754 Completed in 3192ms
7311 http fetch GET 200 https://registry.npmjs.org/watchpack/-/watchpack-2.4.0.tgz 2629ms (cache miss)
7312 http fetch GET 200 https://registry.npmjs.org/@webassemblyjs/floating-point-hex-parser/-/floating-point-hex-parser-1.11.6.tgz 2633ms (cache miss)
7313 http fetch GET 200 https://registry.npmjs.org/@webassemblyjs/helper-api-error/-/helper-api-error-1.11.6.tgz 2636ms (cache miss)
7314 timing reifyNode:node_modules/@webassemblyjs/helper-api-error Completed in 3197ms
7315 timing reifyNode:node_modules/qs Completed in 3200ms
7316 http fetch GET 200 https://registry.npmjs.org/@webassemblyjs/helper-numbers/-/helper-numbers-1.11.6.tgz 2636ms (cache miss)
7317 http fetch GET 200 https://registry.npmjs.org/glob-to-regexp/-/glob-to-regexp-0.4.1.tgz 2635ms (cache miss)
7318 timing reifyNode:node_modules/@webassemblyjs/leb128 Completed in 3202ms
7319 http fetch GET 200 https://registry.npmjs.org/loader-runner/-/loader-runner-4.3.0.tgz 2638ms (cache miss)
7320 timing reifyNode:node_modules/@webassemblyjs/helper-numbers Completed in 3202ms
7321 timing reifyNode:node_modules/@webassemblyjs/wasm-gen Completed in 3206ms
7322 http fetch GET 200 https://registry.npmjs.org/spdy/-/spdy-4.0.2.tgz 2673ms (cache miss)
7323 http fetch GET 200 https://registry.npmjs.org/@webassemblyjs/helper-wasm-bytecode/-/helper-wasm-bytecode-1.11.6.tgz 2644ms (cache miss)
7324 timing reifyNode:node_modules/@webassemblyjs/helper-wasm-bytecode Completed in 3207ms
7325 http fetch GET 200 https://registry.npmjs.org/readable-stream/-/readable-stream-3.6.2.tgz 2746ms (cache miss)
7326 http fetch GET 200 https://registry.npmjs.org/@webassemblyjs/wast-printer/-/wast-printer-1.11.6.tgz 2655ms (cache miss)
7327 timing reifyNode:node_modules/@webassemblyjs/wast-printer Completed in 3215ms
7328 timing reifyNode:node_modules/default-gateway Completed in 3217ms
7329 timing reifyNode:node_modules/@webassemblyjs/floating-point-hex-parser Completed in 3216ms
7330 timing reifyNode:node_modules/readable-stream Completed in 3233ms
7331 timing reifyNode:node_modules/spdy Completed in 3232ms
7332 http fetch GET 200 https://registry.npmjs.org/@webassemblyjs/helper-buffer/-/helper-buffer-1.11.6.tgz 2682ms (cache miss)
7333 timing reifyNode:node_modules/@webassemblyjs/helper-buffer Completed in 3244ms
7334 timing reifyNode:node_modules/glob-to-regexp Completed in 3245ms
7335 http fetch GET 200 https://registry.npmjs.org/workbox-expiration/-/workbox-expiration-6.6.0.tgz 2814ms (cache miss)
7336 http fetch GET 200 https://registry.npmjs.org/chrome-trace-event/-/chrome-trace-event-1.0.3.tgz 2673ms (cache miss)
7337 timing reifyNode:node_modules/workbox-expiration Completed in 3264ms
7338 http fetch GET 200 https://registry.npmjs.org/workbox-range-requests/-/workbox-range-requests-6.6.0.tgz 2837ms (cache miss)
7339 timing reifyNode:node_modules/loader-runner Completed in 3264ms
7340 http fetch GET 200 https://registry.npmjs.org/acorn-import-assertions/-/acorn-import-assertions-1.9.0.tgz 2688ms (cache miss)
7341 timing reifyNode:node_modules/@webassemblyjs/utf8 Completed in 3266ms
7342 http fetch GET 200 https://registry.npmjs.org/@webassemblyjs/wasm-parser/-/wasm-parser-1.11.6.tgz 2693ms (cache miss)
7343 timing reifyNode:node_modules/fs-extra Completed in 3228ms
7344 timing reifyNode:node_modules/workbox-range-requests Completed in 3279ms
7345 http fetch GET 200 https://registry.npmjs.org/spdy-transport/-/spdy-transport-3.0.0.tgz 3235ms (cache miss)
7346 http fetch GET 200 https://registry.npmjs.org/@types/eslint-scope/-/eslint-scope-3.7.7.tgz 3131ms (cache miss)
7347 http fetch GET 200 https://registry.npmjs.org/array.prototype.reduce/-/array.prototype.reduce-1.0.6.tgz 3129ms (cache miss)
7348 http fetch GET 200 https://registry.npmjs.org/makeerror/-/makeerror-1.0.12.tgz 3129ms (cache miss)
7349 http fetch GET 200 https://registry.npmjs.org/workbox-broadcast-update/-/workbox-broadcast-update-6.6.0.tgz 3295ms (cache miss)
7350 http fetch GET 200 https://registry.npmjs.org/tmpl/-/tmpl-1.0.5.tgz 3150ms (cache miss)
7351 http fetch GET 200 https://registry.npmjs.org/browser-process-hrtime/-/browser-process-hrtime-1.0.0.tgz 3159ms (cache miss)
7352 http fetch GET 200 https://registry.npmjs.org/requires-port/-/requires-port-1.0.0.tgz 3157ms (cache miss)
7353 timing reifyNode:node_modules/spdy-transport Completed in 3754ms
7354 http fetch GET 200 https://registry.npmjs.org/es-array-method-boxes-properly/-/es-array-method-boxes-properly-1.0.0.tgz 3169ms (cache miss)
7355 http fetch GET 200 https://registry.npmjs.org/querystringify/-/querystringify-2.2.0.tgz 3168ms (cache miss)
7356 timing reifyNode:node_modules/@types/eslint-scope Completed in 3759ms
7357 timing reifyNode:node_modules/workbox-broadcast-update Completed in 3765ms
7358 http fetch GET 200 https://registry.npmjs.org/sockjs/-/sockjs-0.3.24.tgz 3234ms (cache miss)
7359 timing reifyNode:node_modules/tmpl Completed in 3770ms
7360 timing reifyNode:node_modules/acorn-import-assertions Completed in 3779ms
7361 timing reifyNode:node_modules/querystringify Completed in 3779ms
7362 http fetch GET 200 https://registry.npmjs.org/object.getownpropertydescriptors/-/object.getownpropertydescriptors-2.1.7.tgz 3196ms (cache miss)
7363 http fetch GET 200 https://registry.npmjs.org/which-boxed-primitive/-/which-boxed-primitive-1.0.2.tgz 3196ms (cache miss)
7364 http fetch GET 200 https://registry.npmjs.org/escalade/-/escalade-3.1.1.tgz 3200ms (cache miss)
7365 timing reifyNode:node_modules/sockjs Completed in 3786ms
7366 timing reifyNode:node_modules/makeerror Completed in 3805ms
7367 timing reifyNode:node_modules/browser-process-hrtime Completed in 3806ms
7368 timing reifyNode:node_modules/chrome-trace-event Completed in 3816ms
7369 timing reifyNode:node_modules/@webassemblyjs/wasm-parser Completed in 3816ms
7370 http fetch GET 200 https://registry.npmjs.org/unicode-canonical-property-names-ecmascript/-/unicode-canonical-property-names-ecmascript-2.0.0.tgz 3230ms (cache miss)
7371 timing reifyNode:node_modules/watchpack Completed in 3825ms
7372 http fetch GET 200 https://registry.npmjs.org/has-bigints/-/has-bigints-1.0.2.tgz 3252ms (cache miss)
7373 timing reifyNode:node_modules/unicode-canonical-property-names-ecmascript Completed in 3850ms
7374 http fetch GET 200 https://registry.npmjs.org/thenify/-/thenify-3.3.1.tgz 3278ms (cache miss)
7375 http fetch GET 200 https://registry.npmjs.org/unicode-property-aliases-ecmascript/-/unicode-property-aliases-ecmascript-2.1.0.tgz 3284ms (cache miss)
7376 http fetch GET 200 https://registry.npmjs.org/for-each/-/for-each-0.3.3.tgz 3282ms (cache miss)
7377 http fetch GET 200 https://registry.npmjs.org/punycode/-/punycode-2.3.1.tgz 3281ms (cache miss)
7378 http fetch GET 200 https://registry.npmjs.org/@types/json5/-/json5-0.0.29.tgz 3284ms (cache miss)
7379 http fetch GET 200 https://registry.npmjs.org/is-number/-/is-number-7.0.0.tgz 3280ms (cache miss)
7380 http fetch GET 200 https://registry.npmjs.org/@webassemblyjs/wasm-edit/-/wasm-edit-1.11.6.tgz 3288ms (cache miss)
7381 http fetch GET 200 https://registry.npmjs.org/thenify-all/-/thenify-all-1.6.0.tgz 3280ms (cache miss)
7382 http fetch GET 200 https://registry.npmjs.org/ts-interface-checker/-/ts-interface-checker-0.1.13.tgz 3270ms (cache miss)
7383 http fetch GET 200 https://registry.npmjs.org/read-cache/-/read-cache-1.0.0.tgz 3269ms (cache miss)
7384 http fetch GET 200 https://registry.npmjs.org/mz/-/mz-2.7.0.tgz 3271ms (cache miss)
7385 http fetch GET 200 https://registry.npmjs.org/any-promise/-/any-promise-1.3.0.tgz 3280ms (cache miss)
7386 http fetch GET 200 https://registry.npmjs.org/camelcase-css/-/camelcase-css-2.0.1.tgz 3269ms (cache miss)
7387 http fetch GET 200 https://registry.npmjs.org/supports-hyperlinks/-/supports-hyperlinks-2.3.0.tgz 3271ms (cache miss)
7388 http fetch GET 200 https://registry.npmjs.org/pify/-/pify-2.3.0.tgz 3269ms (cache miss)
7389 http fetch GET 200 https://registry.npmjs.org/postcss-import/-/postcss-import-15.1.0.tgz 3268ms (cache miss)
7390 http fetch GET 200 https://registry.npmjs.org/postcss-nested/-/postcss-nested-6.0.1.tgz 3269ms (cache miss)
7391 http fetch GET 200 https://registry.npmjs.org/postcss-js/-/postcss-js-4.0.1.tgz 3268ms (cache miss)
7392 http fetch GET 200 https://registry.npmjs.org/postcss-load-config/-/postcss-load-config-4.0.2.tgz 3266ms (cache miss)
7393 http fetch GET 200 https://registry.npmjs.org/@alloc/quick-lru/-/quick-lru-5.2.0.tgz 3265ms (cache miss)
7394 http fetch GET 200 https://registry.npmjs.org/@types/q/-/q-1.5.8.tgz 3263ms (cache miss)
7395 http fetch GET 200 https://registry.npmjs.org/didyoumean/-/didyoumean-1.2.2.tgz 3264ms (cache miss)
7396 http fetch GET 200 https://registry.npmjs.org/util.promisify/-/util.promisify-1.0.1.tgz 3263ms (cache miss)
7397 http fetch GET 200 https://registry.npmjs.org/unquote/-/unquote-1.1.1.tgz 3262ms (cache miss)
7398 http fetch GET 200 https://registry.npmjs.org/arg/-/arg-5.0.2.tgz 3263ms (cache miss)
7399 http fetch GET 200 https://registry.npmjs.org/stable/-/stable-0.1.8.tgz 3260ms (cache miss)
7400 http fetch GET 200 https://registry.npmjs.org/sax/-/sax-1.2.4.tgz 3262ms (cache miss)
7401 http fetch GET 200 https://registry.npmjs.org/has-flag/-/has-flag-3.0.0.tgz 3259ms (cache miss)
7402 http fetch GET 200 https://registry.npmjs.org/css-select-base-adapter/-/css-select-base-adapter-0.1.1.tgz 3262ms (cache miss)
7403 http fetch GET 200 https://registry.npmjs.org/buffer-from/-/buffer-from-1.1.2.tgz 3255ms (cache miss)
7404 http fetch GET 200 https://registry.npmjs.org/randombytes/-/randombytes-2.1.0.tgz 3250ms (cache miss)
7405 http fetch GET 200 https://registry.npmjs.org/safer-buffer/-/safer-buffer-2.1.2.tgz 3254ms (cache miss)
7406 http fetch GET 200 https://registry.npmjs.org/isarray/-/isarray-2.0.5.tgz 3249ms (cache miss)
7407 http fetch GET 200 https://registry.npmjs.org/supports-preserve-symlinks-flag/-/supports-preserve-symlinks-flag-1.0.0.tgz 3248ms (cache miss)
7408 http fetch GET 200 https://registry.npmjs.org/queue-microtask/-/queue-microtask-1.2.3.tgz 3250ms (cache miss)
7409 http fetch GET 200 https://registry.npmjs.org/safe-buffer/-/safe-buffer-5.2.1.tgz 3253ms (cache miss)
7410 http fetch GET 200 https://registry.npmjs.org/adjust-sourcemap-loader/-/adjust-sourcemap-loader-4.0.0.tgz 3249ms (cache miss)
7411 http fetch GET 200 https://registry.npmjs.org/domelementtype/-/domelementtype-2.3.0.tgz 3248ms (cache miss)
7412 http fetch GET 200 https://registry.npmjs.org/regex-parser/-/regex-parser-2.2.11.tgz 3250ms (cache miss)
7413 http fetch GET 200 https://registry.npmjs.org/boolbase/-/boolbase-1.0.0.tgz 3241ms (cache miss)
7414 timing reifyNode:node_modules/boolbase Completed in 3881ms
7415 http fetch GET 200 https://registry.npmjs.org/path-parse/-/path-parse-1.0.7.tgz 3250ms (cache miss)
7416 http fetch GET 200 https://registry.npmjs.org/utila/-/utila-0.4.0.tgz 3247ms (cache miss)
7417 http fetch GET 200 https://registry.npmjs.org/domutils/-/domutils-2.8.0.tgz 3246ms (cache miss)
7418 http fetch GET 200 https://registry.npmjs.org/css-what/-/css-what-6.1.0.tgz 3246ms (cache miss)
7419 http fetch GET 200 https://registry.npmjs.org/dom-serializer/-/dom-serializer-1.4.1.tgz 3250ms (cache miss)
7420 http fetch GET 200 https://registry.npmjs.org/domhandler/-/domhandler-4.3.1.tgz 3244ms (cache miss)
7421 http fetch GET 200 https://registry.npmjs.org/dom-converter/-/dom-converter-0.2.0.tgz 3244ms (cache miss)
7422 http fetch GET 200 https://registry.npmjs.org/@babel/regjsgen/-/regjsgen-0.8.0.tgz 3239ms (cache miss)
7423 http fetch GET 200 https://registry.npmjs.org/which-builtin-type/-/which-builtin-type-1.1.3.tgz 3230ms (cache miss)
7424 http fetch GET 200 https://registry.npmjs.org/unicode-match-property-ecmascript/-/unicode-match-property-ecmascript-2.0.0.tgz 3242ms (cache miss)
7425 http fetch GET 200 https://registry.npmjs.org/regenerate/-/regenerate-1.4.2.tgz 3238ms (cache miss)
7426 http fetch GET 200 https://registry.npmjs.org/is-wsl/-/is-wsl-2.2.0.tgz 3229ms (cache miss)
7427 http fetch GET 200 https://registry.npmjs.org/fs-monkey/-/fs-monkey-1.0.5.tgz 3228ms (cache miss)
7428 http fetch GET 200 https://registry.npmjs.org/ini/-/ini-1.3.8.tgz 3227ms (cache miss)
7429 http fetch GET 200 https://registry.npmjs.org/define-lazy-prop/-/define-lazy-prop-2.0.0.tgz 3228ms (cache miss)
7430 http fetch GET 200 https://registry.npmjs.org/binary-extensions/-/binary-extensions-2.2.0.tgz 3227ms (cache miss)
7431 http fetch GET 200 https://registry.npmjs.org/is-docker/-/is-docker-2.2.1.tgz 3232ms (cache miss)
7432 http fetch GET 200 https://registry.npmjs.org/dlv/-/dlv-1.1.3.tgz 3287ms (cache miss)
7433 http fetch GET 200 https://registry.npmjs.org/char-regex/-/char-regex-1.0.2.tgz 3278ms (cache miss)
7434 http fetch GET 200 https://registry.npmjs.org/xmlchars/-/xmlchars-2.2.0.tgz 3269ms (cache miss)
7435 http fetch GET 200 https://registry.npmjs.org/unicode-match-property-value-ecmascript/-/unicode-match-property-value-ecmascript-2.1.0.tgz 3253ms (cache miss)
7436 timing reifyNode:node_modules/@types/json5 Completed in 3902ms
7437 timing reifyNode:node_modules/unicode-property-aliases-ecmascript Completed in 3902ms
7438 timing reifyNode:node_modules/is-number Completed in 3903ms
7439 timing reifyNode:node_modules/read-cache Completed in 3903ms
7440 timing reifyNode:node_modules/pify Completed in 3912ms
7441 timing reifyNode:node_modules/buffer-from Completed in 3912ms
7442 timing reifyNode:node_modules/has-flag Completed in 3913ms
7443 timing reifyNode:node_modules/isarray Completed in 3914ms
7444 timing reifyNode:node_modules/path-parse Completed in 3914ms
7445 timing reifyNode:node_modules/@babel/regjsgen Completed in 3914ms
7446 timing reifyNode:node_modules/unicode-match-property-ecmascript Completed in 3915ms
7447 timing reifyNode:node_modules/ini Completed in 3915ms
7448 timing reifyNode:node_modules/requires-port Completed in 3919ms
7449 http fetch GET 200 https://registry.npmjs.org/express/-/express-4.18.2.tgz 3383ms (cache miss)
7450 http fetch GET 200 https://registry.npmjs.org/duplexer/-/duplexer-0.1.2.tgz 3262ms (cache miss)
7451 http fetch GET 200 https://registry.npmjs.org/es-module-lexer/-/es-module-lexer-1.4.1.tgz 3350ms (cache miss)
7452 http fetch GET 200 https://registry.npmjs.org/@xtuc/long/-/long-4.2.2.tgz 3365ms (cache miss)
7453 http fetch GET 200 https://registry.npmjs.org/kind-of/-/kind-of-6.0.3.tgz 3266ms (cache miss)
7454 timing reifyNode:node_modules/@webassemblyjs/wasm-edit Completed in 3931ms
7455 timing reifyNode:node_modules/@types/q Completed in 3929ms
7456 http fetch GET 200 https://registry.npmjs.org/is-binary-path/-/is-binary-path-2.1.0.tgz 3271ms (cache miss)
7457 http fetch GET 200 https://registry.npmjs.org/global-prefix/-/global-prefix-3.0.0.tgz 3272ms (cache miss)
7458 http fetch GET 200 https://registry.npmjs.org/readdirp/-/readdirp-3.6.0.tgz 3274ms (cache miss)
7459 timing reifyNode:node_modules/express Completed in 3939ms
7460 timing reifyNode:node_modules/es-array-method-boxes-properly Completed in 3939ms
7461 timing reifyNode:node_modules/regenerate Completed in 3943ms
7462 http fetch GET 200 https://registry.npmjs.org/recursive-readdir/-/recursive-readdir-2.2.3.tgz 3279ms (cache miss)
7463 timing reifyNode:node_modules/thenify Completed in 3946ms
7464 timing reifyNode:node_modules/camelcase-css Completed in 3947ms
7465 timing reifyNode:node_modules/thenify-all Completed in 3947ms
7466 timing reifyNode:node_modules/supports-hyperlinks Completed in 3948ms
7467 timing reifyNode:node_modules/postcss-nested Completed in 3948ms
7468 timing reifyNode:node_modules/unquote Completed in 3949ms
7469 timing reifyNode:node_modules/arg Completed in 3949ms
7470 timing reifyNode:node_modules/didyoumean Completed in 3950ms
7471 timing reifyNode:node_modules/char-regex Completed in 3950ms
7472 warn deprecated stable@0.1.8: Modern JS already guarantees Array#sort() is a stable sort, so this library is deprecated. See the compatibility table on MDN: https://developer.mozilla.org/en-US/docs/Web/JavaScript/Reference/Global_Objects/Array/sort#browser_compatibility
7473 timing reifyNode:node_modules/stable Completed in 3950ms
7474 timing reifyNode:node_modules/sax Completed in 3951ms
7475 timing reifyNode:node_modules/queue-microtask Completed in 3951ms
7476 timing reifyNode:node_modules/is-wsl Completed in 3951ms
7477 timing reifyNode:node_modules/define-lazy-prop Completed in 3952ms
7478 http fetch GET 200 https://registry.npmjs.org/pkg-up/-/pkg-up-3.1.0.tgz 3286ms (cache miss)
7479 timing reifyNode:node_modules/global-prefix Completed in 3953ms
7480 http fetch GET 200 https://registry.npmjs.org/shell-quote/-/shell-quote-1.8.1.tgz 3288ms (cache miss)
7481 timing reifyNode:node_modules/es-module-lexer Completed in 3957ms
7482 timing reifyNode:node_modules/@xtuc/long Completed in 3958ms
7483 timing reifyNode:node_modules/@alloc/quick-lru Completed in 3960ms
7484 timing reifyNode:node_modules/recursive-readdir Completed in 3961ms
7485 timing reifyNode:node_modules/punycode Completed in 3969ms
7486 timing reifyNode:node_modules/safe-buffer Completed in 3969ms
7487 timing reifyNode:node_modules/regex-parser Completed in 3969ms
7488 timing reifyNode:node_modules/unicode-match-property-value-ecmascript Completed in 3970ms
7489 http fetch GET 200 https://registry.npmjs.org/object-hash/-/object-hash-3.0.0.tgz 3369ms (cache miss)
7490 timing reifyNode:node_modules/is-binary-path Completed in 3988ms
7491 timing reifyNode:node_modules/is-docker Completed in 3989ms
7492 http fetch GET 200 https://registry.npmjs.org/open/-/open-8.4.2.tgz 3322ms (cache miss)
7493 http fetch GET 200 https://registry.npmjs.org/gzip-size/-/gzip-size-6.0.0.tgz 3322ms (cache miss)
7494 timing reifyNode:node_modules/kind-of Completed in 3992ms
7495 timing reifyNode:node_modules/object-hash Completed in 3994ms
7496 http fetch GET 200 https://registry.npmjs.org/is-root/-/is-root-2.1.0.tgz 3326ms (cache miss)
7497 http fetch GET 200 https://registry.npmjs.org/global-modules/-/global-modules-2.0.0.tgz 3325ms (cache miss)
7498 http fetch GET 200 https://registry.npmjs.org/performance-now/-/performance-now-2.1.0.tgz 3323ms (cache miss)
7499 http fetch GET 200 https://registry.npmjs.org/filesize/-/filesize-8.0.7.tgz 3325ms (cache miss)
7500 timing reifyNode:node_modules/readdirp Completed in 3997ms
7501 timing reifyNode:node_modules/pkg-up Completed in 4003ms
7502 http fetch GET 200 https://registry.npmjs.org/address/-/address-1.2.2.tgz 3334ms (cache miss)
7503 timing reifyNode:node_modules/global-modules Completed in 4011ms
7504 timing reifyNode:node_modules/binary-extensions Completed in 4017ms
7505 timing reifyNode:node_modules/duplexer Completed in 4018ms
7506 http fetch GET 200 https://registry.npmjs.org/workbox-recipes/-/workbox-recipes-6.6.0.tgz 3610ms (cache miss)
7507 http fetch GET 200 https://registry.npmjs.org/regjsparser/-/regjsparser-0.9.1.tgz 3376ms (cache miss)
7508 http fetch GET 200 https://registry.npmjs.org/raf/-/raf-3.4.1.tgz 3350ms (cache miss)
7509 http fetch GET 200 https://registry.npmjs.org/q/-/q-1.5.1.tgz 3421ms (cache miss)
7510 timing reifyNode:node_modules/dom-converter Completed in 4034ms
7511 http fetch GET 200 https://registry.npmjs.org/workbox-streams/-/workbox-streams-6.6.0.tgz 3617ms (cache miss)
7512 http fetch GET 200 https://registry.npmjs.org/url-parse/-/url-parse-1.5.10.tgz 3448ms (cache miss)
7513 http fetch GET 200 https://registry.npmjs.org/promise/-/promise-8.3.0.tgz 3360ms (cache miss)
7514 http fetch GET 200 https://registry.npmjs.org/asap/-/asap-2.0.6.tgz 3367ms (cache miss)
7515 http fetch GET 200 https://registry.npmjs.org/nth-check/-/nth-check-2.1.1.tgz 3403ms (cache miss)
7516 timing reifyNode:node_modules/safer-buffer Completed in 4044ms
7517 timing reifyNode:node_modules/escalade Completed in 4054ms
7518 http fetch GET 200 https://registry.npmjs.org/webpack-dev-middleware/-/webpack-dev-middleware-5.3.3.tgz 3524ms (cache miss)
7519 timing reifyNode:node_modules/workbox-recipes Completed in 4061ms
7520 timing reifyNode:node_modules/gzip-size Completed in 4053ms
7521 http fetch GET 200 https://registry.npmjs.org/whatwg-fetch/-/whatwg-fetch-3.6.20.tgz 3372ms (cache miss)
7522 http fetch GET 200 https://registry.npmjs.org/react-is/-/react-is-17.0.2.tgz 3370ms (cache miss)
7523 http fetch GET 200 https://registry.npmjs.org/ansi-regex/-/ansi-regex-5.0.1.tgz 3370ms (cache miss)
7524 http fetch GET 200 https://registry.npmjs.org/object-assign/-/object-assign-4.1.1.tgz 3371ms (cache miss)
7525 timing reifyNode:node_modules/workbox-streams Completed in 4064ms
7526 timing reifyNode:node_modules/is-root Completed in 4056ms
7527 timing reifyNode:node_modules/regjsparser Completed in 4061ms
7528 timing reifyNode:node_modules/randombytes Completed in 4062ms
7529 timing reifyNode:node_modules/q Completed in 4064ms
7530 timing reifyNode:node_modules/url-parse Completed in 4068ms
7531 timing reifyNode:node_modules/object-assign Completed in 4067ms
7532 timing reifyNode:node_modules/which-builtin-type Completed in 4071ms
7533 http fetch GET 200 https://registry.npmjs.org/cssesc/-/cssesc-3.0.0.tgz 3384ms (cache miss)
7534 timing reifyNode:node_modules/webpack-dev-middleware Completed in 4078ms
7535 timing reifyNode:node_modules/css-select-base-adapter Completed in 4082ms
7536 timing reifyNode:node_modules/postcss-load-config Completed in 4082ms
7537 http fetch GET 200 https://registry.npmjs.org/normalize-range/-/normalize-range-0.1.2.tgz 3395ms (cache miss)
7538 timing reifyNode:node_modules/has-bigints Completed in 4087ms
7539 timing reifyNode:node_modules/address Completed in 4087ms
7540 timing reifyNode:node_modules/normalize-range Completed in 4087ms
7541 http fetch GET 200 https://registry.npmjs.org/postcss-replace-overflow-wrap/-/postcss-replace-overflow-wrap-4.0.0.tgz 3402ms (cache miss)
7542 http fetch GET 200 https://registry.npmjs.org/postcss-opacity-percentage/-/postcss-opacity-percentage-1.1.3.tgz 3401ms (cache miss)
7543 http fetch GET 200 https://registry.npmjs.org/postcss-selector-not/-/postcss-selector-not-6.0.1.tgz 3412ms (cache miss)
7544 timing reifyNode:node_modules/ansi-regex Completed in 4106ms
7545 timing reifyNode:node_modules/dlv Completed in 4109ms
7546 http fetch GET 200 https://registry.npmjs.org/postcss-pseudo-class-any-link/-/postcss-pseudo-class-any-link-7.1.6.tgz 3419ms (cache miss)
7547 timing reifyNode:node_modules/postcss-opacity-percentage Completed in 4112ms
7548 timing reifyNode:node_modules/open Completed in 4114ms
7549 timing reifyNode:node_modules/for-each Completed in 4117ms
7550 http fetch GET 200 https://registry.npmjs.org/postcss-nesting/-/postcss-nesting-10.2.0.tgz 3426ms (cache miss)
7551 http fetch GET 200 https://registry.npmjs.org/postcss-overflow-shorthand/-/postcss-overflow-shorthand-3.0.4.tgz 3428ms (cache miss)
7552 http fetch GET 200 https://registry.npmjs.org/postcss-place/-/postcss-place-7.0.5.tgz 3428ms (cache miss)
7553 timing reifyNode:node_modules/which-boxed-primitive Completed in 4125ms
7554 timing reifyNode:node_modules/postcss-js Completed in 4133ms
7555 timing reifyNode:node_modules/domhandler Completed in 4133ms
7556 http fetch GET 200 https://registry.npmjs.org/@csstools/selector-specificity/-/selector-specificity-2.2.0.tgz 3452ms (cache miss)
7557 timing reifyNode:node_modules/ts-interface-checker Completed in 4141ms
7558 http fetch GET 200 https://registry.npmjs.org/chokidar/-/chokidar-3.5.3.tgz 3476ms (cache miss)
7559 http fetch GET 200 https://registry.npmjs.org/jake/-/jake-10.8.7.tgz 3734ms (cache miss)
7560 timing reifyNode:node_modules/postcss-replace-overflow-wrap Completed in 4143ms
7561 http fetch GET 200 https://registry.npmjs.org/postcss-media-minmax/-/postcss-media-minmax-5.0.0.tgz 3454ms (cache miss)
7562 timing reifyNode:node_modules/supports-preserve-symlinks-flag Completed in 4147ms
7563 http fetch GET 200 https://registry.npmjs.org/postcss-initial/-/postcss-initial-4.0.1.tgz 3454ms (cache miss)
7564 http fetch GET 200 https://registry.npmjs.org/postcss-page-break/-/postcss-page-break-3.0.4.tgz 3461ms (cache miss)
7565 timing reifyNode:node_modules/raf Completed in 4152ms
7566 timing reifyNode:node_modules/chokidar Completed in 4154ms
7567 http fetch GET 200 https://registry.npmjs.org/postcss-logical/-/postcss-logical-5.0.4.tgz 3462ms (cache miss)
7568 http fetch GET 200 https://registry.npmjs.org/postcss-image-set-function/-/postcss-image-set-function-4.0.7.tgz 3461ms (cache miss)
7569 http fetch GET 200 https://registry.npmjs.org/postcss-gap-properties/-/postcss-gap-properties-3.0.5.tgz 3460ms (cache miss)
7570 timing reifyNode:node_modules/mz Completed in 4161ms
7571 http fetch GET 200 https://registry.npmjs.org/postcss-double-position-gradients/-/postcss-double-position-gradients-3.1.2.tgz 3464ms (cache miss)
7572 timing reifyNode:node_modules/jake Completed in 4171ms
7573 timing reifyNode:node_modules/domelementtype Completed in 4166ms
7574 timing reifyNode:node_modules/fs-monkey Completed in 4166ms
7575 http fetch GET 200 https://registry.npmjs.org/postcss-font-variant/-/postcss-font-variant-5.0.0.tgz 3471ms (cache miss)
7576 http fetch GET 200 https://registry.npmjs.org/postcss-lab-function/-/postcss-lab-function-4.2.1.tgz 3472ms (cache miss)
7577 http fetch GET 200 https://registry.npmjs.org/postcss-focus-within/-/postcss-focus-within-5.0.4.tgz 3472ms (cache miss)
7578 http fetch GET 200 https://registry.npmjs.org/postcss-focus-visible/-/postcss-focus-visible-6.0.4.tgz 3471ms (cache miss)
7579 timing reifyNode:node_modules/cssesc Completed in 4169ms
7580 http fetch GET 200 https://registry.npmjs.org/@jridgewell/source-map/-/source-map-0.3.5.tgz 3572ms (cache miss)
7581 http fetch GET 200 https://registry.npmjs.org/postcss-env-function/-/postcss-env-function-4.0.6.tgz 3478ms (cache miss)
7582 http fetch GET 200 https://registry.npmjs.org/postcss-custom-selectors/-/postcss-custom-selectors-6.0.3.tgz 3474ms (cache miss)
7583 http fetch GET 200 https://registry.npmjs.org/postcss-dir-pseudo-class/-/postcss-dir-pseudo-class-6.0.5.tgz 3486ms (cache miss)
7584 http fetch GET 200 https://registry.npmjs.org/postcss-color-hex-alpha/-/postcss-color-hex-alpha-8.0.4.tgz 3484ms (cache miss)
7585 http fetch GET 200 https://registry.npmjs.org/postcss-color-functional-notation/-/postcss-color-functional-notation-4.2.4.tgz 3482ms (cache miss)
7586 timing reifyNode:node_modules/postcss-page-break Completed in 4191ms
7587 timing reifyNode:node_modules/asap Completed in 4192ms
7588 timing reifyNode:node_modules/whatwg-fetch Completed in 4193ms
7589 timing reifyNode:node_modules/@jridgewell/source-map Completed in 4197ms
7590 http fetch GET 200 https://registry.npmjs.org/postcss-custom-media/-/postcss-custom-media-8.0.2.tgz 3491ms (cache miss)
7591 timing reifyNode:node_modules/postcss-pseudo-class-any-link Completed in 4196ms
7592 timing reifyNode:node_modules/postcss-import Completed in 4200ms
7593 timing reifyNode:node_modules/postcss-font-variant Completed in 4200ms
7594 http fetch GET 200 https://registry.npmjs.org/react-error-overlay/-/react-error-overlay-6.0.11.tgz 3537ms (cache miss)
7595 http fetch GET 200 https://registry.npmjs.org/postcss-custom-properties/-/postcss-custom-properties-12.1.11.tgz 3497ms (cache miss)
7596 timing reifyNode:node_modules/postcss-overflow-shorthand Completed in 4202ms
7597 timing reifyNode:node_modules/postcss-place Completed in 4203ms
7598 http fetch GET 200 https://registry.npmjs.org/postcss-clamp/-/postcss-clamp-4.1.0.tgz 3497ms (cache miss)
7599 http fetch GET 200 https://registry.npmjs.org/postcss-color-rebeccapurple/-/postcss-color-rebeccapurple-7.1.1.tgz 3499ms (cache miss)
7600 timing reifyNode:node_modules/postcss-selector-not Completed in 4208ms
7601 timing reifyNode:node_modules/postcss-media-minmax Completed in 4213ms
7602 timing reifyNode:node_modules/array.prototype.reduce Completed in 4221ms
7603 timing reifyNode:node_modules/postcss-gap-properties Completed in 4221ms
7604 timing reifyNode:node_modules/util.promisify Completed in 4227ms
7605 timing reifyNode:node_modules/postcss-logical Completed in 4228ms
7606 http fetch GET 200 https://registry.npmjs.org/@types/connect-history-api-fallback/-/connect-history-api-fallback-1.5.4.tgz 3677ms (cache miss)
7607 timing reifyNode:node_modules/react-is Completed in 4230ms
7608 http fetch GET 200 https://registry.npmjs.org/fraction.js/-/fraction.js-4.3.7.tgz 3545ms (cache miss)
7609 timing reifyNode:node_modules/@csstools/selector-specificity Completed in 4238ms
7610 timing reifyNode:node_modules/object.getownpropertydescriptors Completed in 4246ms
7611 timing reifyNode:node_modules/@types/connect-history-api-fallback Completed in 4248ms
7612 timing reifyNode:node_modules/react-error-overlay Completed in 4246ms
7613 http fetch GET 200 https://registry.npmjs.org/@sinclair/typebox/-/typebox-0.24.51.tgz 3861ms (cache miss)
7614 http fetch GET 200 https://registry.npmjs.org/postcss-attribute-case-insensitive/-/postcss-attribute-case-insensitive-5.0.2.tgz 3539ms (cache miss)
7615 timing reifyNode:node_modules/postcss-env-function Completed in 4246ms
7616 timing reifyNode:node_modules/postcss-custom-selectors Completed in 4247ms
7617 timing reifyNode:node_modules/fraction.js Completed in 4250ms
7618 timing reifyNode:node_modules/postcss-dir-pseudo-class Completed in 4256ms
7619 timing reifyNode:node_modules/utila Completed in 4259ms
7620 timing reifyNode:node_modules/@sinclair/typebox Completed in 4277ms
7621 timing reifyNode:node_modules/postcss-focus-within Completed in 4265ms
7622 timing reifyNode:node_modules/postcss-focus-visible Completed in 4265ms
7623 timing reifyNode:node_modules/postcss-clamp Completed in 4273ms
7624 http fetch GET 200 https://registry.npmjs.org/coa/-/coa-2.0.2.tgz 3660ms (cache miss)
7625 timing reifyNode:node_modules/postcss-custom-media Completed in 4274ms
7626 http fetch GET 200 https://registry.npmjs.org/@csstools/postcss-oklab-function/-/postcss-oklab-function-1.1.1.tgz 3568ms (cache miss)
7627 timing reifyNode:node_modules/semver Completed in 4247ms
7628 http fetch GET 200 https://registry.npmjs.org/workbox-background-sync/-/workbox-background-sync-6.6.0.tgz 3851ms (cache miss)
7629 http fetch GET 200 https://registry.npmjs.org/@csstools/postcss-stepped-value-functions/-/postcss-stepped-value-functions-1.0.1.tgz 3576ms (cache miss)
7630 timing reifyNode:node_modules/postcss-color-hex-alpha Completed in 4288ms
7631 timing reifyNode:node_modules/coa Completed in 4297ms
7632 http fetch GET 200 https://registry.npmjs.org/@csstools/postcss-unset-value/-/postcss-unset-value-1.0.2.tgz 3584ms (cache miss)
7633 http fetch GET 200 https://registry.npmjs.org/http-proxy-middleware/-/http-proxy-middleware-2.0.6.tgz 3770ms (cache miss)
7634 http fetch GET 200 https://registry.npmjs.org/psl/-/psl-1.9.0.tgz 3716ms (cache miss)
7635 http fetch GET 200 https://registry.npmjs.org/@csstools/postcss-text-decoration-shorthand/-/postcss-text-decoration-shorthand-1.0.0.tgz 3591ms (cache miss)
7636 timing reifyNode:node_modules/workbox-background-sync Completed in 4312ms
7637 timing reifyNode:node_modules/postcss-color-rebeccapurple Completed in 4308ms
7638 http fetch GET 200 https://registry.npmjs.org/detect-port-alt/-/detect-port-alt-1.1.6.tgz 3641ms (cache miss)
7639 timing reifyNode:node_modules/postcss-double-position-gradients Completed in 4316ms
7640 timing reifyNode:node_modules/psl Completed in 4322ms
7641 timing reifyNode:node_modules/filesize Completed in 4319ms
7642 timing reifyNode:node_modules/http-proxy-middleware Completed in 4327ms
7643 http fetch GET 200 https://registry.npmjs.org/@csstools/postcss-nested-calc/-/postcss-nested-calc-1.0.0.tgz 3607ms (cache miss)
7644 timing reifyNode:node_modules/detect-port-alt Completed in 4324ms
7645 timing reifyNode:node_modules/dom-serializer Completed in 4329ms
7646 http fetch GET 200 https://registry.npmjs.org/normalize-url/-/normalize-url-6.1.0.tgz 3610ms (cache miss)
7647 http fetch GET 200 https://registry.npmjs.org/cssdb/-/cssdb-7.9.1.tgz 3631ms (cache miss)
7648 http fetch GET 200 https://registry.npmjs.org/@csstools/postcss-progressive-custom-properties/-/postcss-progressive-custom-properties-1.3.0.tgz 3631ms (cache miss)
7649 http fetch GET 200 https://registry.npmjs.org/workbox-window/-/workbox-window-6.6.0.tgz 3936ms (cache miss)
7650 timing reifyNode:node_modules/cssdb Completed in 4352ms
7651 timing reifyNode:node_modules/postcss-color-functional-notation Completed in 4353ms
7652 timing reifyNode:node_modules/postcss-attribute-case-insensitive Completed in 4354ms
7653 http fetch GET 200 https://registry.npmjs.org/@csstools/postcss-color-function/-/postcss-color-function-1.1.1.tgz 3644ms (cache miss)
7654 timing reifyNode:node_modules/workbox-window Completed in 4380ms
7655 http fetch GET 200 https://registry.npmjs.org/@csstools/postcss-is-pseudo-class/-/postcss-is-pseudo-class-2.0.7.tgz 3655ms (cache miss)
7656 http fetch GET 200 https://registry.npmjs.org/stylehacks/-/stylehacks-5.1.1.tgz 3646ms (cache miss)
7657 http fetch GET 200 https://registry.npmjs.org/sanitize.css/-/sanitize.css-13.0.0.tgz 3657ms (cache miss)
7658 http fetch GET 200 https://registry.npmjs.org/@csstools/postcss-ic-unit/-/postcss-ic-unit-1.0.1.tgz 3661ms (cache miss)
7659 http fetch GET 200 https://registry.npmjs.org/@csstools/postcss-cascade-layers/-/postcss-cascade-layers-1.1.1.tgz 3659ms (cache miss)
7660 http fetch GET 200 https://registry.npmjs.org/@csstools/postcss-font-format-keywords/-/postcss-font-format-keywords-1.0.1.tgz 3658ms (cache miss)
7661 timing reifyNode:node_modules/normalize-url Completed in 4380ms
7662 http fetch GET 200 https://registry.npmjs.org/klona/-/klona-2.0.6.tgz 3664ms (cache miss)
7663 http fetch GET 200 https://registry.npmjs.org/entities/-/entities-2.2.0.tgz 3761ms (cache miss)
7664 timing reifyNode:node_modules/postcss-image-set-function Completed in 4398ms
7665 http fetch GET 200 https://registry.npmjs.org/@csstools/normalize.css/-/normalize.css-12.0.0.tgz 3685ms (cache miss)
7666 http fetch GET 200 https://registry.npmjs.org/@csstools/postcss-normalize-display-values/-/postcss-normalize-display-values-1.0.1.tgz 3692ms (cache miss)
7667 timing reifyNode:node_modules/postcss-initial Completed in 4414ms
7668 http fetch GET 200 https://registry.npmjs.org/@webassemblyjs/ast/-/ast-1.11.6.tgz 3841ms (cache miss)
7669 http fetch GET 200 https://registry.npmjs.org/caniuse-api/-/caniuse-api-3.0.0.tgz 3686ms (cache miss)
7670 http fetch GET 200 https://registry.npmjs.org/postcss-browser-comments/-/postcss-browser-comments-4.0.0.tgz 3689ms (cache miss)
7671 timing reifyNode:node_modules/entities Completed in 4419ms
7672 timing reifyNode:node_modules/@csstools/postcss-text-decoration-shorthand Completed in 4422ms
7673 http fetch GET 200 https://registry.npmjs.org/lodash.uniq/-/lodash.uniq-4.5.0.tgz 3696ms (cache miss)
7674 timing reifyNode:node_modules/xmlchars Completed in 4430ms
7675 timing reifyNode:node_modules/performance-now Completed in 4431ms
7676 timing reifyNode:node_modules/@webassemblyjs/ast Completed in 4438ms
7677 http fetch GET 200 https://registry.npmjs.org/lodash.memoize/-/lodash.memoize-4.1.2.tgz 3706ms (cache miss)
7678 http fetch GET 200 https://registry.npmjs.org/webpack-sources/-/webpack-sources-3.2.3.tgz 3872ms (cache miss)
7679 timing reifyNode:node_modules/@csstools/postcss-unset-value Completed in 4436ms
7680 http fetch GET 200 https://registry.npmjs.org/picocolors/-/picocolors-1.0.0.tgz 3706ms (cache miss)
7681 timing reifyNode:node_modules/lodash.uniq Completed in 4437ms
7682 http fetch GET 200 https://registry.npmjs.org/error-ex/-/error-ex-1.3.2.tgz 3711ms (cache miss)
7683 http fetch GET 200 https://registry.npmjs.org/lines-and-columns/-/lines-and-columns-1.2.4.tgz 3713ms (cache miss)
7684 http fetch GET 200 https://registry.npmjs.org/lower-case/-/lower-case-2.0.2.tgz 3729ms (cache miss)
7685 http fetch GET 200 https://registry.npmjs.org/json-parse-even-better-errors/-/json-parse-even-better-errors-2.3.1.tgz 3731ms (cache miss)
7686 timing reifyNode:node_modules/lodash.memoize Completed in 4475ms
7687 timing reifyNode:node_modules/@csstools/normalize.css Completed in 4480ms
7688 timing reifyNode:node_modules/webpack-sources Completed in 4488ms
7689 timing reifyNode:node_modules/@csstools/postcss-nested-calc Completed in 4484ms
7690 timing reifyNode:node_modules/error-ex Completed in 4481ms
7691 http fetch GET 200 https://registry.npmjs.org/no-case/-/no-case-3.0.4.tgz 3781ms (cache miss)
7692 http fetch GET 200 https://registry.npmjs.org/nanoid/-/nanoid-3.3.7.tgz 3805ms (cache miss)
7693 http fetch GET 200 https://registry.npmjs.org/dot-case/-/dot-case-3.0.4.tgz 3820ms (cache miss)
7694 http fetch GET 200 https://registry.npmjs.org/is-arrayish/-/is-arrayish-0.2.1.tgz 3824ms (cache miss)
7695 http fetch GET 200 https://registry.npmjs.org/@webassemblyjs/helper-wasm-section/-/helper-wasm-section-1.11.6.tgz 4017ms (cache miss)
7696 timing reifyNode:node_modules/@csstools/postcss-font-format-keywords Completed in 4572ms
7697 timing reifyNode:node_modules/lines-and-columns Completed in 4574ms
7698 http fetch GET 200 https://registry.npmjs.org/mimic-fn/-/mimic-fn-2.1.0.tgz 3843ms (cache miss)
7699 timing reifyNode:node_modules/json-parse-even-better-errors Completed in 4575ms
7700 timing reifyNode:node_modules/caniuse-api Completed in 4577ms
7701 timing reifyNode:node_modules/@csstools/postcss-stepped-value-functions Completed in 4588ms
7702 http fetch GET 200 https://registry.npmjs.org/yocto-queue/-/yocto-queue-0.1.0.tgz 3855ms (cache miss)
7703 http fetch GET 200 https://registry.npmjs.org/deep-is/-/deep-is-0.1.4.tgz 3852ms (cache miss)
7704 http fetch GET 200 https://registry.npmjs.org/to-regex-range/-/to-regex-range-5.0.1.tgz 3849ms (cache miss)
7705 timing reifyNode:node_modules/postcss-custom-properties Completed in 4594ms
7706 timing reifyNode:node_modules/@csstools/postcss-ic-unit Completed in 4595ms
7707 http fetch GET 200 https://registry.npmjs.org/@csstools/postcss-trigonometric-functions/-/postcss-trigonometric-functions-1.0.2.tgz 3888ms (cache miss)
7708 http fetch GET 200 https://registry.npmjs.org/fast-levenshtein/-/fast-levenshtein-2.0.6.tgz 3859ms (cache miss)
7709 http fetch GET 200 https://registry.npmjs.org/workbox-strategies/-/workbox-strategies-6.6.0.tgz 4190ms (cache miss)
7710 http fetch GET 200 https://registry.npmjs.org/braces/-/braces-3.0.2.tgz 3863ms (cache miss)
7711 http fetch GET 200 https://registry.npmjs.org/@aashutoshrathi/word-wrap/-/word-wrap-1.2.6.tgz 3868ms (cache miss)
7712 http fetch GET 200 https://registry.npmjs.org/p-limit/-/p-limit-3.1.0.tgz 3869ms (cache miss)
7713 http fetch GET 200 https://registry.npmjs.org/htmlparser2/-/htmlparser2-6.1.0.tgz 3969ms (cache miss)
7714 timing reifyNode:node_modules/fast-levenshtein Completed in 4602ms
7715 timing reifyNode:node_modules/to-regex-range Completed in 4602ms
7716 timing reifyNode:node_modules/workbox-strategies Completed in 4624ms
7717 http fetch GET 200 https://registry.npmjs.org/bonjour-service/-/bonjour-service-1.1.1.tgz 4070ms (cache miss)
7718 timing reifyNode:node_modules/shell-quote Completed in 4618ms
7719 timing reifyNode:node_modules/picocolors Completed in 4611ms
7720 timing reifyNode:node_modules/@webassemblyjs/helper-wasm-section Completed in 4624ms
7721 timing reifyNode:node_modules/mimic-fn Completed in 4612ms
7722 timing reifyNode:node_modules/@csstools/postcss-normalize-display-values Completed in 4627ms
7723 timing reifyNode:node_modules/htmlparser2 Completed in 4634ms
7724 http fetch GET 200 https://registry.npmjs.org/css-blank-pseudo/-/css-blank-pseudo-3.0.3.tgz 3924ms (cache miss)
7725 timing reifyNode:node_modules/bonjour-service Completed in 4638ms
7726 timing reifyNode:node_modules/yocto-queue Completed in 4627ms
7727 http fetch GET 200 https://registry.npmjs.org/@csstools/postcss-hwb-function/-/postcss-hwb-function-1.0.2.tgz 3917ms (cache miss)
7728 http fetch GET 200 https://registry.npmjs.org/json-buffer/-/json-buffer-3.0.1.tgz 3880ms (cache miss)
7729 timing reifyNode:node_modules/postcss-browser-comments Completed in 4634ms
7730 http fetch GET 200 https://registry.npmjs.org/static-eval/-/static-eval-2.0.2.tgz 3883ms (cache miss)
7731 http fetch GET 200 https://registry.npmjs.org/yallist/-/yallist-3.1.1.tgz 3896ms (cache miss)
7732 http fetch GET 200 https://registry.npmjs.org/prelude-ls/-/prelude-ls-1.2.1.tgz 3887ms (cache miss)
7733 http fetch GET 200 https://registry.npmjs.org/type-check/-/type-check-0.4.0.tgz 3888ms (cache miss)
7734 http fetch GET 200 https://registry.npmjs.org/css-has-pseudo/-/css-has-pseudo-3.0.4.tgz 3933ms (cache miss)
7735 timing reifyNode:node_modules/p-limit Completed in 4637ms
7736 timing reifyNode:node_modules/@aashutoshrathi/word-wrap Completed in 4638ms
7737 http fetch GET 200 https://registry.npmjs.org/fill-range/-/fill-range-7.0.1.tgz 3912ms (cache miss)
7738 http fetch GET 200 https://registry.npmjs.org/agent-base/-/agent-base-6.0.2.tgz 3896ms (cache miss)
7739 http fetch GET 200 https://registry.npmjs.org/combined-stream/-/combined-stream-1.0.8.tgz 3893ms (cache miss)
7740 http fetch GET 200 https://registry.npmjs.org/emojis-list/-/emojis-list-3.0.0.tgz 3909ms (cache miss)
7741 timing reifyNode:node_modules/sanitize.css Completed in 4651ms
7742 timing reifyNode:node_modules/css-blank-pseudo Completed in 4653ms
7743 timing reifyNode:node_modules/@csstools/postcss-hwb-function Completed in 4654ms
7744 http fetch GET 200 https://registry.npmjs.org/asynckit/-/asynckit-0.4.0.tgz 3896ms (cache miss)
7745 http fetch GET 200 https://registry.npmjs.org/delayed-stream/-/delayed-stream-1.0.0.tgz 3898ms (cache miss)
7746 timing reifyNode:node_modules/@csstools/postcss-progressive-custom-properties Completed in 4657ms
7747 http fetch GET 200 https://registry.npmjs.org/p-locate/-/p-locate-5.0.0.tgz 3925ms (cache miss)
7748 http fetch GET 200 https://registry.npmjs.org/@tootallnate/once/-/once-1.1.2.tgz 3917ms (cache miss)
7749 timing reifyNode:node_modules/css-has-pseudo Completed in 4675ms
7750 timing reifyNode:node_modules/fill-range Completed in 4676ms
7751 http fetch GET 200 https://registry.npmjs.org/xml-name-validator/-/xml-name-validator-3.0.0.tgz 3922ms (cache miss)
7752 http fetch GET 200 https://registry.npmjs.org/whatwg-mimetype/-/whatwg-mimetype-2.3.0.tgz 3921ms (cache miss)
7753 http fetch GET 200 https://registry.npmjs.org/symbol-tree/-/symbol-tree-3.2.4.tgz 3919ms (cache miss)
7754 http fetch GET 200 https://registry.npmjs.org/css-prefers-color-scheme/-/css-prefers-color-scheme-6.0.3.tgz 3978ms (cache miss)
7755 http fetch GET 200 https://registry.npmjs.org/whatwg-encoding/-/whatwg-encoding-1.0.5.tgz 3920ms (cache miss)
7756 http fetch GET 200 https://registry.npmjs.org/webidl-conversions/-/webidl-conversions-6.1.0.tgz 3925ms (cache miss)
7757 http fetch GET 200 https://registry.npmjs.org/acorn-walk/-/acorn-walk-7.2.0.tgz 3930ms (cache miss)
7758 http fetch GET 200 https://registry.npmjs.org/mime-types/-/mime-types-2.1.35.tgz 3930ms (cache miss)
7759 timing reifyNode:node_modules/@tootallnate/once Completed in 4688ms
7760 timing reifyNode:node_modules/yallist Completed in 4692ms
7761 timing reifyNode:node_modules/is-arrayish Completed in 4694ms
7762 http fetch GET 200 https://registry.npmjs.org/events/-/events-3.3.0.tgz 4132ms (cache miss)
7763 http fetch GET 200 https://registry.npmjs.org/w3c-hr-time/-/w3c-hr-time-1.0.2.tgz 3934ms (cache miss)
7764 timing reifyNode:node_modules/css-prefers-color-scheme Completed in 4703ms
7765 timing reifyNode:node_modules/combined-stream Completed in 4698ms
7766 timing reifyNode:node_modules/p-locate Completed in 4704ms
7767 timing reifyNode:node_modules/webidl-conversions Completed in 4707ms
7768 timing reifyNode:node_modules/domutils Completed in 4718ms
7769 timing reifyNode:node_modules/json-buffer Completed in 4710ms
7770 timing reifyNode:node_modules/emojis-list Completed in 4710ms
7771 timing reifyNode:node_modules/events Completed in 4724ms
7772 http fetch GET 200 https://registry.npmjs.org/w3c-xmlserializer/-/w3c-xmlserializer-2.0.0.tgz 3954ms (cache miss)
7773 timing reifyNode:node_modules/mime-types Completed in 4718ms
7774 timing reifyNode:node_modules/postcss-lab-function Completed in 4726ms
7775 timing reifyNode:node_modules/type-check Completed in 4720ms
7776 http fetch GET 200 https://registry.npmjs.org/is-potential-custom-element-name/-/is-potential-custom-element-name-1.0.1.tgz 3966ms (cache miss)
7777 timing reifyNode:node_modules/delayed-stream Completed in 4732ms
7778 http fetch GET 200 https://registry.npmjs.org/mime-db/-/mime-db-1.52.0.tgz 4004ms (cache miss)
7779 timing reifyNode:node_modules/@csstools/postcss-is-pseudo-class Completed in 4745ms
7780 timing reifyNode:node_modules/css-what Completed in 4750ms
7781 http fetch GET 200 https://registry.npmjs.org/big.js/-/big.js-5.2.2.tgz 3996ms (cache miss)
7782 timing reifyNode:node_modules/is-potential-custom-element-name Completed in 4743ms
7783 timing reifyNode:node_modules/xml-name-validator Completed in 4746ms
7784 http fetch GET 200 https://registry.npmjs.org/workbox-routing/-/workbox-routing-6.6.0.tgz 4341ms (cache miss)
7785 timing reifyNode:node_modules/mime-db Completed in 4752ms
7786 http fetch GET 200 https://registry.npmjs.org/form-data/-/form-data-3.0.1.tgz 3978ms (cache miss)
7787 timing reifyNode:node_modules/deep-is Completed in 4758ms
7788 timing reifyNode:node_modules/whatwg-encoding Completed in 4758ms
7789 timing reifyNode:node_modules/big.js Completed in 4759ms
7790 http fetch GET 200 https://registry.npmjs.org/https-proxy-agent/-/https-proxy-agent-5.0.1.tgz 4415ms (cache miss)
7791 http fetch GET 200 https://registry.npmjs.org/sprintf-js/-/sprintf-js-1.0.3.tgz 4403ms (cache miss)
7792 http fetch GET 200 https://registry.npmjs.org/cssom/-/cssom-0.4.4.tgz 4404ms (cache miss)
7793 http fetch GET 200 https://registry.npmjs.org/domexception/-/domexception-2.0.1.tgz 4406ms (cache miss)
7794 http fetch GET 200 https://registry.npmjs.org/abab/-/abab-2.0.6.tgz 4403ms (cache miss)
7795 http fetch GET 200 https://registry.npmjs.org/http-proxy-agent/-/http-proxy-agent-4.0.1.tgz 4416ms (cache miss)
7796 http fetch GET 200 https://registry.npmjs.org/html-encoding-sniffer/-/html-encoding-sniffer-2.0.1.tgz 4410ms (cache miss)
7797 http fetch GET 200 https://registry.npmjs.org/data-urls/-/data-urls-2.0.0.tgz 4407ms (cache miss)
7798 timing reifyNode:node_modules/workbox-routing Completed in 5203ms
7799 timing reifyNode:node_modules/whatwg-mimetype Completed in 5223ms
7800 timing reifyNode:node_modules/html-encoding-sniffer Completed in 5223ms
7801 timing reifyNode:node_modules/postcss-nesting Completed in 5248ms
7802 timing reifyNode:node_modules/symbol-tree Completed in 5252ms
7803 timing reifyNode:node_modules/w3c-xmlserializer Completed in 5253ms
7804 http fetch GET 200 https://registry.npmjs.org/saxes/-/saxes-5.0.1.tgz 4492ms (cache miss)
7805 http fetch GET 200 https://registry.npmjs.org/acorn-globals/-/acorn-globals-6.0.0.tgz 4498ms (cache miss)
7806 timing reifyNode:node_modules/saxes Completed in 5280ms
7807 timing reifyNode:node_modules/data-urls Completed in 5281ms
7808 timing reifyNode:node_modules/acorn-globals Completed in 5312ms
7809 http fetch GET 200 https://registry.npmjs.org/jest-pnp-resolver/-/jest-pnp-resolver-1.2.3.tgz 4539ms (cache miss)
7810 http fetch GET 200 https://registry.npmjs.org/strip-bom/-/strip-bom-4.0.0.tgz 4542ms (cache miss)
7811 http fetch GET 200 https://registry.npmjs.org/jest-leak-detector/-/jest-leak-detector-27.5.1.tgz 4540ms (cache miss)
7812 http fetch GET 200 https://registry.npmjs.org/detect-newline/-/detect-newline-3.1.0.tgz 4541ms (cache miss)
7813 timing reifyNode:node_modules/braces Completed in 5327ms
7814 timing reifyNode:node_modules/static-eval Completed in 5328ms
7815 timing reifyNode:node_modules/nth-check Completed in 5340ms
7816 http fetch GET 200 https://registry.npmjs.org/jest-docblock/-/jest-docblock-27.5.1.tgz 4553ms (cache miss)
7817 http fetch GET 200 https://registry.npmjs.org/@types/prettier/-/prettier-2.7.3.tgz 4561ms (cache miss)
7818 timing reifyNode:node_modules/prelude-ls Completed in 5343ms
7819 http fetch GET 200 https://registry.npmjs.org/leven/-/leven-3.1.0.tgz 4584ms (cache miss)
7820 http fetch GET 200 https://registry.npmjs.org/escodegen/-/escodegen-2.1.0.tgz 4592ms (cache miss)
7821 timing reifyNode:node_modules/@csstools/postcss-oklab-function Completed in 5389ms
7822 http fetch GET 200 https://registry.npmjs.org/mdn-data/-/mdn-data-2.0.4.tgz 4782ms (cache miss)
7823 http fetch GET 200 https://registry.npmjs.org/resolve.exports/-/resolve.exports-1.1.1.tgz 4615ms (cache miss)
7824 timing reifyNode:node_modules/agent-base Completed in 5407ms
7825 http fetch GET 200 https://registry.npmjs.org/bser/-/bser-2.1.1.tgz 4618ms (cache miss)
7826 timing reifyNode:node_modules/bser Completed in 5406ms
7827 http fetch GET 200 https://registry.npmjs.org/callsites/-/callsites-3.1.0.tgz 4620ms (cache miss)
7828 http fetch GET 200 https://registry.npmjs.org/@jest/globals/-/globals-27.5.1.tgz 4624ms (cache miss)
7829 http fetch GET 200 https://registry.npmjs.org/node-int64/-/node-int64-0.4.0.tgz 4618ms (cache miss)
7830 http fetch GET 200 https://registry.npmjs.org/@jest/source-map/-/source-map-27.5.1.tgz 4618ms (cache miss)
7831 http fetch GET 200 https://registry.npmjs.org/walker/-/walker-1.0.8.tgz 4611ms (cache miss)
7832 http fetch GET 200 https://registry.npmjs.org/anymatch/-/anymatch-3.1.3.tgz 4610ms (cache miss)
7833 http fetch GET 200 https://registry.npmjs.org/fb-watchman/-/fb-watchman-2.0.2.tgz 4608ms (cache miss)
7834 timing reifyNode:node_modules/fb-watchman Completed in 5408ms
7835 http fetch GET 200 https://registry.npmjs.org/type-detect/-/type-detect-4.0.8.tgz 4610ms (cache miss)
7836 http fetch GET 200 https://registry.npmjs.org/diff-sequences/-/diff-sequences-27.5.1.tgz 4621ms (cache miss)
7837 http fetch GET 200 https://registry.npmjs.org/jest-serializer/-/jest-serializer-27.5.1.tgz 4611ms (cache miss)
7838 http fetch GET 200 https://registry.npmjs.org/@types/graceful-fs/-/graceful-fs-4.1.9.tgz 4611ms (cache miss)
7839 http fetch GET 200 https://registry.npmjs.org/@sinonjs/commons/-/commons-1.8.6.tgz 4610ms (cache miss)
7840 http fetch GET 200 https://registry.npmjs.org/jest-matcher-utils/-/jest-matcher-utils-27.5.1.tgz 4607ms (cache miss)
7841 http fetch GET 200 https://registry.npmjs.org/is-generator-fn/-/is-generator-fn-2.1.0.tgz 4605ms (cache miss)
7842 http fetch GET 200 https://registry.npmjs.org/jest-each/-/jest-each-27.5.1.tgz 4606ms (cache miss)
7843 http fetch GET 200 https://registry.npmjs.org/jest-environment-node/-/jest-environment-node-27.5.1.tgz 4602ms (cache miss)
7844 http fetch GET 200 https://registry.npmjs.org/stack-utils/-/stack-utils-2.0.6.tgz 4607ms (cache miss)
7845 http fetch GET 200 https://registry.npmjs.org/dedent/-/dedent-0.7.0.tgz 4606ms (cache miss)
7846 http fetch GET 200 https://registry.npmjs.org/@jest/fake-timers/-/fake-timers-27.5.1.tgz 4609ms (cache miss)
7847 http fetch GET 200 https://registry.npmjs.org/pretty-format/-/pretty-format-27.5.1.tgz 4603ms (cache miss)
7848 http fetch GET 200 https://registry.npmjs.org/jest-get-type/-/jest-get-type-27.5.1.tgz 4602ms (cache miss)
7849 http fetch GET 200 https://registry.npmjs.org/ci-info/-/ci-info-3.9.0.tgz 4601ms (cache miss)
7850 http fetch GET 200 https://registry.npmjs.org/onetime/-/onetime-5.1.2.tgz 4592ms (cache miss)
7851 http fetch GET 200 https://registry.npmjs.org/co/-/co-4.6.0.tgz 4606ms (cache miss)
7852 http fetch GET 200 https://registry.npmjs.org/@jest/environment/-/environment-27.5.1.tgz 4605ms (cache miss)
7853 http fetch GET 200 https://registry.npmjs.org/merge-stream/-/merge-stream-2.0.0.tgz 4592ms (cache miss)
7854 http fetch GET 200 https://registry.npmjs.org/jest-environment-jsdom/-/jest-environment-jsdom-27.5.1.tgz 4600ms (cache miss)
7855 http fetch GET 200 https://registry.npmjs.org/get-stream/-/get-stream-6.0.1.tgz 4592ms (cache miss)
7856 http fetch GET 200 https://registry.npmjs.org/@jest/test-sequencer/-/test-sequencer-27.5.1.tgz 4602ms (cache miss)
7857 http fetch GET 200 https://registry.npmjs.org/is-stream/-/is-stream-2.0.1.tgz 4591ms (cache miss)
7858 http fetch GET 200 https://registry.npmjs.org/npm-run-path/-/npm-run-path-4.0.1.tgz 4592ms (cache miss)
7859 http fetch GET 200 https://registry.npmjs.org/throat/-/throat-6.0.2.tgz 4597ms (cache miss)
7860 http fetch GET 200 https://registry.npmjs.org/strip-final-newline/-/strip-final-newline-2.0.0.tgz 4608ms (cache miss)
7861 http fetch GET 200 https://registry.npmjs.org/terminal-link/-/terminal-link-2.1.1.tgz 4594ms (cache miss)
7862 http fetch GET 200 https://registry.npmjs.org/v8-to-istanbul/-/v8-to-istanbul-8.1.1.tgz 4595ms (cache miss)
7863 http fetch GET 200 https://registry.npmjs.org/html-escaper/-/html-escaper-2.0.2.tgz 4596ms (cache miss)
7864 http fetch GET 200 https://registry.npmjs.org/istanbul-lib-source-maps/-/istanbul-lib-source-maps-4.0.1.tgz 4594ms (cache miss)
7865 http fetch GET 200 https://registry.npmjs.org/string-length/-/string-length-4.0.2.tgz 4593ms (cache miss)
7866 http fetch GET 200 https://registry.npmjs.org/resolve-cwd/-/resolve-cwd-3.0.0.tgz 4597ms (cache miss)
7867 http fetch GET 200 https://registry.npmjs.org/collect-v8-coverage/-/collect-v8-coverage-1.0.2.tgz 4591ms (cache miss)
7868 http fetch GET 200 https://registry.npmjs.org/execa/-/execa-5.1.1.tgz 4598ms (cache miss)
7869 http fetch GET 200 https://registry.npmjs.org/istanbul-lib-report/-/istanbul-lib-report-3.0.1.tgz 4592ms (cache miss)
7870 http fetch GET 200 https://registry.npmjs.org/jest-watcher/-/jest-watcher-27.5.1.tgz 4592ms (cache miss)
7871 http fetch GET 200 https://registry.npmjs.org/jest-validate/-/jest-validate-27.5.1.tgz 4591ms (cache miss)
7872 http fetch GET 200 https://registry.npmjs.org/jest-message-util/-/jest-message-util-27.5.1.tgz 4588ms (cache miss)
7873 http fetch GET 200 https://registry.npmjs.org/jest-runner/-/jest-runner-27.5.1.tgz 4590ms (cache miss)
7874 http fetch GET 200 https://registry.npmjs.org/jest-changed-files/-/jest-changed-files-27.5.1.tgz 4586ms (cache miss)
7875 http fetch GET 200 https://registry.npmjs.org/emittery/-/emittery-0.8.1.tgz 4586ms (cache miss)
7876 http fetch GET 200 https://registry.npmjs.org/exit/-/exit-0.1.2.tgz 4588ms (cache miss)
7877 http fetch GET 200 https://registry.npmjs.org/jest-resolve-dependencies/-/jest-resolve-dependencies-27.5.1.tgz 4590ms (cache miss)
7878 http fetch GET 200 https://registry.npmjs.org/ansi-escapes/-/ansi-escapes-4.3.2.tgz 4580ms (cache miss)
7879 http fetch GET 200 https://registry.npmjs.org/set-function-name/-/set-function-name-2.0.1.tgz 4576ms (cache miss)
7880 http fetch GET 200 https://registry.npmjs.org/reflect.getprototypeof/-/reflect.getprototypeof-1.0.4.tgz 4575ms (cache miss)
7881 http fetch GET 200 https://registry.npmjs.org/jest-cli/-/jest-cli-27.5.1.tgz 4578ms (cache miss)
7882 http fetch GET 200 https://registry.npmjs.org/@jest/test-result/-/test-result-27.5.1.tgz 4580ms (cache miss)
7883 http fetch GET 200 https://registry.npmjs.org/@jest/console/-/console-27.5.1.tgz 4581ms (cache miss)
7884 http fetch GET 200 https://registry.npmjs.org/istanbul-lib-coverage/-/istanbul-lib-coverage-3.2.2.tgz 4575ms (cache miss)
7885 http fetch GET 200 https://registry.npmjs.org/is-extglob/-/is-extglob-2.1.1.tgz 4574ms (cache miss)
7886 http fetch GET 200 https://registry.npmjs.org/parent-module/-/parent-module-1.0.1.tgz 4573ms (cache miss)
7887 http fetch GET 200 https://registry.npmjs.org/side-channel/-/side-channel-1.0.4.tgz 4576ms (cache miss)
7888 timing reifyNode:node_modules/mdn-data Completed in 5440ms
7889 timing reifyNode:node_modules/escodegen Completed in 5429ms
7890 http fetch GET 200 https://registry.npmjs.org/pascal-case/-/pascal-case-3.1.2.tgz 4574ms (cache miss)
7891 timing reifyNode:node_modules/lower-case Completed in 5432ms
7892 warn deprecated abab@2.0.6: Use your platform's native atob() and btoa() methods instead
7893 timing reifyNode:node_modules/abab Completed in 5431ms
7894 http fetch GET 200 https://registry.npmjs.org/@types/stack-utils/-/stack-utils-2.0.3.tgz 4644ms (cache miss)
7895 http fetch GET 200 https://registry.npmjs.org/signal-exit/-/signal-exit-3.0.7.tgz 4621ms (cache miss)
7896 http fetch GET 200 https://registry.npmjs.org/human-signals/-/human-signals-2.1.0.tgz 4617ms (cache miss)
7897 http fetch GET 200 https://registry.npmjs.org/import-local/-/import-local-3.1.0.tgz 4593ms (cache miss)
7898 timing reifyNode:node_modules/strip-bom Completed in 5441ms
7899 timing reifyNode:node_modules/detect-newline Completed in 5442ms
7900 timing reifyNode:node_modules/@types/stack-utils Completed in 5443ms
7901 timing reifyNode:node_modules/@types/graceful-fs Completed in 5444ms
7902 timing reifyNode:node_modules/merge-stream Completed in 5447ms
7903 timing reifyNode:node_modules/strip-final-newline Completed in 5449ms
7904 timing reifyNode:node_modules/is-extglob Completed in 5446ms
7905 timing reifyNode:node_modules/parent-module Completed in 5447ms
7906 timing reifyNode:node_modules/jest-leak-detector Completed in 5455ms
7907 http fetch GET 200 https://registry.npmjs.org/ajv-keywords/-/ajv-keywords-3.5.2.tgz 4839ms (cache miss)
7908 timing reifyNode:node_modules/acorn-walk Completed in 5458ms
7909 timing reifyNode:node_modules/@jest/globals Completed in 5459ms
7910 timing reifyNode:node_modules/jest-environment-node Completed in 5458ms
7911 timing reifyNode:node_modules/jest-get-type Completed in 5463ms
7912 timing reifyNode:node_modules/@jest/environment Completed in 5464ms
7913 timing reifyNode:node_modules/dedent Completed in 5465ms
7914 timing reifyNode:node_modules/stack-utils Completed in 5466ms
7915 timing reifyNode:node_modules/@jest/test-sequencer Completed in 5465ms
7916 timing reifyNode:node_modules/jest-environment-jsdom Completed in 5467ms
7917 http fetch GET 200 https://registry.npmjs.org/relateurl/-/relateurl-0.2.7.tgz 4613ms (cache miss)
7918 http fetch GET 200 https://registry.npmjs.org/camel-case/-/camel-case-4.1.2.tgz 4608ms (cache miss)
7919 http fetch GET 200 https://registry.npmjs.org/param-case/-/param-case-3.0.4.tgz 4611ms (cache miss)
7920 timing reifyNode:node_modules/jest-resolve-dependencies Completed in 5466ms
7921 timing reifyNode:node_modules/no-case Completed in 5473ms
7922 timing reifyNode:node_modules/adjust-sourcemap-loader Completed in 5483ms
7923 warn deprecated w3c-hr-time@1.0.2: Use your platform's native performance.now() and performance.timeOrigin.
7924 timing reifyNode:node_modules/w3c-hr-time Completed in 5472ms
7925 timing reifyNode:node_modules/jest-docblock Completed in 5471ms
7926 timing reifyNode:node_modules/leven Completed in 5472ms
7927 timing reifyNode:node_modules/any-promise Completed in 5486ms
7928 http fetch GET 200 https://registry.npmjs.org/pretty-error/-/pretty-error-4.0.0.tgz 4611ms (cache miss)
7929 http fetch GET 200 https://registry.npmjs.org/merge2/-/merge2-1.4.1.tgz 4611ms (cache miss)
7930 http fetch GET 200 https://registry.npmjs.org/tapable/-/tapable-2.2.1.tgz 4623ms (cache miss)
7931 http fetch GET 200 https://registry.npmjs.org/harmony-reflect/-/harmony-reflect-1.6.2.tgz 4634ms (cache miss)
7932 timing reifyNode:node_modules/form-data Completed in 5489ms
7933 timing reifyNode:node_modules/http-proxy-agent Completed in 5490ms
7934 http fetch GET 200 https://registry.npmjs.org/jest-mock/-/jest-mock-27.5.1.tgz 4701ms (cache miss)
7935 timing reifyNode:node_modules/jest-pnp-resolver Completed in 5503ms
7936 timing reifyNode:node_modules/ajv-keywords Completed in 5517ms
7937 timing reifyNode:node_modules/merge2 Completed in 5499ms
7938 timing reifyNode:node_modules/callsites Completed in 5506ms
7939 timing reifyNode:node_modules/anymatch Completed in 5508ms
7940 timing reifyNode:node_modules/is-generator-fn Completed in 5512ms
7941 timing reifyNode:node_modules/signal-exit Completed in 5512ms
7942 timing reifyNode:node_modules/onetime Completed in 5512ms
7943 timing reifyNode:node_modules/npm-run-path Completed in 5513ms
7944 timing reifyNode:node_modules/is-stream Completed in 5513ms
7945 timing reifyNode:node_modules/string-length Completed in 5513ms
7946 timing reifyNode:node_modules/resolve-cwd Completed in 5514ms
7947 timing reifyNode:node_modules/terminal-link Completed in 5514ms
7948 timing reifyNode:node_modules/dot-case Completed in 5521ms
7949 http fetch GET 200 https://registry.npmjs.org/array-union/-/array-union-2.1.0.tgz 4654ms (cache miss)
7950 http fetch GET 200 https://registry.npmjs.org/@types/html-minifier-terser/-/html-minifier-terser-6.1.0.tgz 4655ms (cache miss)
7951 http fetch GET 200 https://registry.npmjs.org/source-map-js/-/source-map-js-1.0.2.tgz 4799ms (cache miss)
7952 timing reifyNode:node_modules/walker Completed in 5521ms
7953 timing reifyNode:node_modules/co Completed in 5520ms
7954 timing reifyNode:node_modules/import-local Completed in 5521ms
7955 timing reifyNode:node_modules/ansi-escapes Completed in 5523ms
7956 http fetch GET 200 https://registry.npmjs.org/functions-have-names/-/functions-have-names-1.2.3.tgz 4654ms (cache miss)
7957 timing reifyNode:node_modules/harmony-reflect Completed in 5521ms
7958 http fetch GET 200 https://registry.npmjs.org/flatted/-/flatted-3.2.9.tgz 4655ms (cache miss)
7959 http fetch GET 200 https://registry.npmjs.org/path-exists/-/path-exists-4.0.0.tgz 4655ms (cache miss)
7960 timing reifyNode:node_modules/type-detect Completed in 5531ms
7961 timing reifyNode:node_modules/jest-mock Completed in 5534ms
7962 http fetch GET 200 https://registry.npmjs.org/dir-glob/-/dir-glob-3.0.1.tgz 4670ms (cache miss)
7963 http fetch GET 200 https://registry.npmjs.org/locate-path/-/locate-path-6.0.0.tgz 4659ms (cache miss)
7964 timing reifyNode:node_modules/emittery Completed in 5532ms
7965 timing reifyNode:node_modules/@types/html-minifier-terser Completed in 5531ms
7966 http fetch GET 200 https://registry.npmjs.org/commondir/-/commondir-1.0.1.tgz 4661ms (cache miss)
7967 http fetch GET 200 https://registry.npmjs.org/keyv/-/keyv-4.5.4.tgz 4667ms (cache miss)
7968 http fetch GET 200 https://registry.npmjs.org/acorn-jsx/-/acorn-jsx-5.3.2.tgz 4667ms (cache miss)
7969 http fetch GET 200 https://registry.npmjs.org/pkg-dir/-/pkg-dir-4.2.0.tgz 4668ms (cache miss)
7970 timing reifyNode:node_modules/@csstools/postcss-trigonometric-functions Completed in 5555ms
7971 timing reifyNode:node_modules/klona Completed in 5555ms
7972 warn deprecated domexception@2.0.1: Use your platform's native DOMException instead
7973 timing reifyNode:node_modules/domexception Completed in 5549ms
7974 timing reifyNode:node_modules/source-map-js Completed in 5552ms
7975 timing reifyNode:node_modules/throat Completed in 5554ms
7976 timing reifyNode:node_modules/collect-v8-coverage Completed in 5554ms
7977 timing reifyNode:node_modules/dir-glob Completed in 5552ms
7978 http fetch GET 200 https://registry.npmjs.org/memfs/-/memfs-3.5.3.tgz 4910ms (cache miss)
7979 timing reifyNode:node_modules/node-int64 Completed in 5561ms
7980 timing reifyNode:node_modules/jest-serializer Completed in 5562ms
7981 timing reifyNode:node_modules/get-stream Completed in 5564ms
7982 timing reifyNode:node_modules/resolve.exports Completed in 5578ms
7983 http fetch GET 200 https://registry.npmjs.org/normalize-path/-/normalize-path-3.0.0.tgz 4699ms (cache miss)
7984 http fetch GET 200 https://registry.npmjs.org/object.hasown/-/object.hasown-1.1.3.tgz 4697ms (cache miss)
7985 http fetch GET 200 https://registry.npmjs.org/string.prototype.matchall/-/string.prototype.matchall-4.0.10.tgz 4698ms (cache miss)
7986 http fetch GET 200 https://registry.npmjs.org/@types/estree/-/estree-1.0.5.tgz 4699ms (cache miss)
7987 timing reifyNode:node_modules/jest-message-util Completed in 5579ms
7988 http fetch GET 200 https://registry.npmjs.org/esrecurse/-/esrecurse-4.3.0.tgz 4698ms (cache miss)
7989 http fetch GET 200 https://registry.npmjs.org/reusify/-/reusify-1.0.4.tgz 4705ms (cache miss)
7990 http fetch GET 200 https://registry.npmjs.org/iterator.prototype/-/iterator.prototype-1.1.2.tgz 4700ms (cache miss)
7991 timing reifyNode:node_modules/array-union Completed in 5582ms
7992 timing reifyNode:node_modules/memfs Completed in 5601ms
7993 http fetch GET 200 https://registry.npmjs.org/flat-cache/-/flat-cache-3.2.0.tgz 4709ms (cache miss)
7994 timing reifyNode:node_modules/keyv Completed in 5586ms
7995 http fetch GET 200 https://registry.npmjs.org/estraverse/-/estraverse-5.3.0.tgz 4711ms (cache miss)
7996 timing reifyNode:node_modules/normalize-path Completed in 5593ms
7997 timing reifyNode:node_modules/path-exists Completed in 5595ms
7998 http fetch GET 200 https://registry.npmjs.org/array.prototype.tosorted/-/array.prototype.tosorted-1.1.2.tgz 4713ms (cache miss)
7999 timing reifyNode:node_modules/locate-path Completed in 5597ms
8000 timing reifyNode:node_modules/@csstools/postcss-cascade-layers Completed in 5613ms
8001 http fetch GET 200 https://registry.npmjs.org/asynciterator.prototype/-/asynciterator.prototype-1.0.0.tgz 4716ms (cache miss)
8002 http fetch GET 200 https://registry.npmjs.org/object.entries/-/object.entries-1.1.7.tgz 4715ms (cache miss)
8003 http fetch GET 200 https://registry.npmjs.org/nwsapi/-/nwsapi-2.2.7.tgz 4847ms (cache miss)
8004 timing reifyNode:node_modules/ci-info Completed in 5607ms
8005 http fetch GET 200 https://registry.npmjs.org/dequal/-/dequal-2.0.3.tgz 4719ms (cache miss)
8006 timing reifyNode:node_modules/set-function-name Completed in 5608ms
8007 timing reifyNode:node_modules/pkg-dir Completed in 5608ms
8008 http fetch GET 200 https://registry.npmjs.org/decimal.js/-/decimal.js-10.4.3.tgz 4843ms (cache miss)
8009 timing reifyNode:node_modules/prompts Completed in 5601ms
8010 timing reifyNode:node_modules/decimal.js Completed in 5627ms
8011 http fetch GET 200 https://registry.npmjs.org/damerau-levenshtein/-/damerau-levenshtein-1.0.8.tgz 4736ms (cache miss)
8012 http fetch GET 200 https://registry.npmjs.org/emoji-regex/-/emoji-regex-9.2.2.tgz 4738ms (cache miss)
8013 timing reifyNode:node_modules/nwsapi Completed in 5645ms
8014 timing reifyNode:node_modules/https-proxy-agent Completed in 5652ms
8015 timing reifyNode:node_modules/@jest/source-map Completed in 5652ms
8016 timing reifyNode:node_modules/diff-sequences Completed in 5653ms
8017 timing reifyNode:node_modules/@types/estree Completed in 5649ms
8018 timing reifyNode:node_modules/esrecurse Completed in 5651ms
8019 http fetch GET 200 https://registry.npmjs.org/language-tags/-/language-tags-1.0.9.tgz 4770ms (cache miss)
8020 http fetch GET 200 https://registry.npmjs.org/is-symbol/-/is-symbol-1.0.4.tgz 4761ms (cache miss)
8021 http fetch GET 200 https://registry.npmjs.org/cjs-module-lexer/-/cjs-module-lexer-1.2.3.tgz 4882ms (cache miss)
8022 http fetch GET 200 https://registry.npmjs.org/@typescript-eslint/experimental-utils/-/experimental-utils-5.62.0.tgz 4762ms (cache miss)
8023 http fetch GET 200 https://registry.npmjs.org/he/-/he-1.2.0.tgz 4807ms (cache miss)
8024 timing reifyNode:node_modules/acorn-jsx Completed in 5660ms
8025 timing reifyNode:node_modules/commondir Completed in 5662ms
8026 http fetch GET 200 https://registry.npmjs.org/which-typed-array/-/which-typed-array-1.1.13.tgz 4767ms (cache miss)
8027 http fetch GET 200 https://registry.npmjs.org/is-date-object/-/is-date-object-1.0.5.tgz 4768ms (cache miss)
8028 timing reifyNode:node_modules/@jest/fake-timers Completed in 5672ms
8029 http fetch GET 200 https://registry.npmjs.org/esprima/-/esprima-4.0.1.tgz 4895ms (cache miss)
8030 http fetch GET 200 https://registry.npmjs.org/jest-runtime/-/jest-runtime-27.5.1.tgz 4840ms (cache miss)
8031 http fetch GET 200 https://registry.npmjs.org/typed-array-length/-/typed-array-length-1.0.4.tgz 4778ms (cache miss)
8032 http fetch GET 200 https://registry.npmjs.org/unbox-primitive/-/unbox-primitive-1.0.2.tgz 4784ms (cache miss)
8033 http fetch GET 200 https://registry.npmjs.org/uuid/-/uuid-8.3.2.tgz 5230ms (cache miss)
8034 timing reifyNode:node_modules/cjs-module-lexer Completed in 5690ms
8035 timing reifyNode:node_modules/he Completed in 5685ms
8036 http fetch GET 200 https://registry.npmjs.org/typed-array-byte-offset/-/typed-array-byte-offset-1.0.0.tgz 4797ms (cache miss)
8037 timing reifyNode:node_modules/esprima Completed in 5704ms
8038 timing reifyNode:node_modules/jest-runtime Completed in 5701ms
8039 timing reifyNode:node_modules/@csstools/postcss-color-function Completed in 5721ms
8040 http fetch GET 200 https://registry.npmjs.org/string.prototype.trimstart/-/string.prototype.trimstart-1.0.7.tgz 4808ms (cache miss)
8041 http fetch GET 200 https://registry.npmjs.org/string.prototype.trim/-/string.prototype.trim-1.2.8.tgz 4806ms (cache miss)
8042 timing reifyNode:node_modules/jest-matcher-utils Completed in 5714ms
8043 timing reifyNode:node_modules/estraverse Completed in 5715ms
8044 http fetch GET 200 https://registry.npmjs.org/typed-array-buffer/-/typed-array-buffer-1.0.0.tgz 4815ms (cache miss)
8045 http fetch GET 200 https://registry.npmjs.org/safe-array-concat/-/safe-array-concat-1.0.1.tgz 4814ms (cache miss)
8046 timing reifyNode:node_modules/uuid Completed in 5742ms
8047 http fetch GET 200 https://registry.npmjs.org/safe-regex-test/-/safe-regex-test-1.0.0.tgz 4819ms (cache miss)
8048 http fetch GET 200 https://registry.npmjs.org/has-tostringtag/-/has-tostringtag-1.0.0.tgz 4826ms (cache miss)
8049 http fetch GET 200 https://registry.npmjs.org/string.prototype.trimend/-/string.prototype.trimend-1.0.7.tgz 4822ms (cache miss)
8050 http fetch GET 200 https://registry.npmjs.org/typed-array-byte-length/-/typed-array-byte-length-1.0.0.tgz 4822ms (cache miss)
8051 timing reifyNode:node_modules/@jest/test-result Completed in 5729ms
8052 timing reifyNode:node_modules/language-tags Completed in 5731ms
8053 http fetch GET 200 https://registry.npmjs.org/regexp.prototype.flags/-/regexp.prototype.flags-1.5.1.tgz 4832ms (cache miss)
8054 http fetch GET 200 https://registry.npmjs.org/css-select/-/css-select-4.3.0.tgz 5114ms (cache miss)
8055 http fetch GET 200 https://registry.npmjs.org/iconv-lite/-/iconv-lite-0.6.3.tgz 5132ms (cache miss)
8056 timing reifyNode:node_modules/flat-cache Completed in 5742ms
8057 timing reifyNode:node_modules/jest-runner Completed in 5747ms
8058 timing reifyNode:node_modules/istanbul-lib-coverage Completed in 5746ms
8059 timing reifyNode:node_modules/side-channel Completed in 5746ms
8060 http fetch GET 200 https://registry.npmjs.org/whatwg-url/-/whatwg-url-8.7.0.tgz 5002ms (cache miss)
8061 http fetch GET 200 https://registry.npmjs.org/is-typed-array/-/is-typed-array-1.1.12.tgz 4849ms (cache miss)
8062 timing reifyNode:node_modules/html-escaper Completed in 5760ms
8063 http fetch GET 200 https://registry.npmjs.org/is-negative-zero/-/is-negative-zero-2.0.2.tgz 4849ms (cache miss)
8064 http fetch GET 200 https://registry.npmjs.org/is-regex/-/is-regex-1.1.4.tgz 4851ms (cache miss)
8065 http fetch GET 200 https://registry.npmjs.org/html-minifier-terser/-/html-minifier-terser-6.1.0.tgz 4904ms (cache miss)
8066 http fetch GET 200 https://registry.npmjs.org/picomatch/-/picomatch-2.3.1.tgz 4972ms (cache miss)
8067 timing reifyNode:node_modules/css-select Completed in 5782ms
8068 timing reifyNode:node_modules/iconv-lite Completed in 5784ms
8069 timing reifyNode:node_modules/jest-changed-files Completed in 5775ms
8070 http fetch GET 200 https://registry.npmjs.org/is-callable/-/is-callable-1.2.7.tgz 4864ms (cache miss)
8071 http fetch GET 200 https://registry.npmjs.org/is-weakref/-/is-weakref-1.0.2.tgz 4868ms (cache miss)
8072 http fetch GET 200 https://registry.npmjs.org/has-proto/-/has-proto-1.0.1.tgz 4864ms (cache miss)
8073 timing reifyNode:node_modules/whatwg-url Completed in 5783ms
8074 timing reifyNode:node_modules/html-minifier-terser Completed in 5784ms
8075 timing reifyNode:node_modules/istanbul-lib-source-maps Completed in 5788ms
8076 timing reifyNode:node_modules/damerau-levenshtein Completed in 5785ms
8077 timing reifyNode:node_modules/picomatch Completed in 5793ms
8078 http fetch GET 200 https://registry.npmjs.org/function.prototype.name/-/function.prototype.name-1.1.6.tgz 4870ms (cache miss)
8079 http fetch GET 200 https://registry.npmjs.org/is-array-buffer/-/is-array-buffer-3.0.2.tgz 4879ms (cache miss)
8080 timing reifyNode:node_modules/iterator.prototype Completed in 5788ms
8081 http fetch GET 200 https://registry.npmjs.org/ws/-/ws-7.5.9.tgz 5042ms (cache miss)
8082 http fetch GET 200 https://registry.npmjs.org/tough-cookie/-/tough-cookie-4.1.3.tgz 5038ms (cache miss)
8083 timing reifyNode:node_modules/tough-cookie Completed in 5798ms
8084 http fetch GET 200 https://registry.npmjs.org/is-shared-array-buffer/-/is-shared-array-buffer-1.0.2.tgz 4886ms (cache miss)
8085 timing reifyNode:node_modules/asynciterator.prototype Completed in 5798ms
8086 http fetch GET 200 https://registry.npmjs.org/globalthis/-/globalthis-1.0.3.tgz 4882ms (cache miss)
8087 timing reifyNode:node_modules/execa Completed in 5806ms
8088 http fetch GET 200 https://registry.npmjs.org/get-symbol-description/-/get-symbol-description-1.0.0.tgz 4884ms (cache miss)
8089 timing reifyNode:node_modules/ws Completed in 5820ms
8090 http fetch GET 200 https://registry.npmjs.org/internal-slot/-/internal-slot-1.0.6.tgz 4905ms (cache miss)
8091 http fetch GET 200 https://registry.npmjs.org/es-set-tostringtag/-/es-set-tostringtag-2.0.2.tgz 4895ms (cache miss)
8092 http fetch GET 200 https://registry.npmjs.org/source-map-support/-/source-map-support-0.5.21.tgz 5037ms (cache miss)
8093 timing reifyNode:node_modules/source-map-support Completed in 5823ms
8094 timing reifyNode:node_modules/functions-have-names Completed in 5817ms
8095 timing reifyNode:node_modules/asynckit Completed in 5829ms
8096 http fetch GET 200 https://registry.npmjs.org/available-typed-arrays/-/available-typed-arrays-1.0.5.tgz 4901ms (cache miss)
8097 timing reifyNode:node_modules/v8-to-istanbul Completed in 5828ms
8098 http fetch GET 200 https://registry.npmjs.org/object-keys/-/object-keys-1.1.1.tgz 4911ms (cache miss)
8099 http fetch GET 200 https://registry.npmjs.org/gopd/-/gopd-1.0.1.tgz 4916ms (cache miss)
8100 http fetch GET 200 https://registry.npmjs.org/arraybuffer.prototype.slice/-/arraybuffer.prototype.slice-1.0.2.tgz 4918ms (cache miss)
8101 timing reifyNode:node_modules/reusify Completed in 5841ms
8102 timing reifyNode:node_modules/istanbul-lib-report Completed in 5851ms
8103 http fetch GET 200 https://registry.npmjs.org/set-function-length/-/set-function-length-1.1.1.tgz 4924ms (cache miss)
8104 timing reifyNode:node_modules/@typescript-eslint/experimental-utils Completed in 5855ms
8105 http fetch GET 200 https://registry.npmjs.org/define-data-property/-/define-data-property-1.1.1.tgz 4932ms (cache miss)
8106 http fetch GET 200 https://registry.npmjs.org/has-property-descriptors/-/has-property-descriptors-1.0.1.tgz 4934ms (cache miss)
8107 timing reifyNode:node_modules/sprintf-js Completed in 5869ms
8108 http fetch GET 200 https://registry.npmjs.org/es-shim-unscopables/-/es-shim-unscopables-1.0.2.tgz 4946ms (cache miss)
8109 http fetch GET 200 https://registry.npmjs.org/is-string/-/is-string-1.0.7.tgz 4948ms (cache miss)
8110 http fetch GET 200 https://registry.npmjs.org/function-bind/-/function-bind-1.1.2.tgz 4950ms (cache miss)
8111 timing reifyNode:node_modules/human-signals Completed in 5880ms
8112 http fetch GET 200 https://registry.npmjs.org/jiti/-/jiti-1.21.0.tgz 5294ms (cache miss)
8113 http fetch GET 200 https://registry.npmjs.org/define-properties/-/define-properties-1.2.1.tgz 4954ms (cache miss)
8114 http fetch GET 200 https://registry.npmjs.org/es-to-primitive/-/es-to-primitive-1.2.1.tgz 4970ms (cache miss)
8115 http fetch GET 200 https://registry.npmjs.org/object.values/-/object.values-1.1.7.tgz 4963ms (cache miss)
8116 timing reifyNode:node_modules/@jest/console Completed in 5895ms
8117 timing reifyNode:node_modules/safe-regex-test Completed in 5903ms
8118 timing reifyNode:node_modules/nanoid Completed in 5917ms
8119 timing reifyNode:node_modules/jiti Completed in 5929ms
8120 timing reifyNode:node_modules/typed-array-length Completed in 5916ms
8121 http fetch GET 200 https://registry.npmjs.org/array-buffer-byte-length/-/array-buffer-byte-length-1.0.0.tgz 4998ms (cache miss)
8122 http fetch GET 200 https://registry.npmjs.org/call-bind/-/call-bind-1.0.5.tgz 4995ms (cache miss)
8123 http fetch GET 200 https://registry.npmjs.org/object.groupby/-/object.groupby-1.0.1.tgz 4993ms (cache miss)
8124 timing reifyNode:node_modules/dequal Completed in 5923ms
8125 timing reifyNode:node_modules/typed-array-byte-offset Completed in 5930ms
8126 http fetch GET 200 https://registry.npmjs.org/object.fromentries/-/object.fromentries-2.0.7.tgz 5002ms (cache miss)
8127 http fetch GET 200 https://registry.npmjs.org/commander/-/commander-8.3.0.tgz 5080ms (cache miss)
8128 timing reifyNode:node_modules/pascal-case Completed in 5934ms
8129 timing reifyNode:node_modules/typed-array-buffer Completed in 5934ms
8130 timing reifyNode:node_modules/which-typed-array Completed in 5934ms
8131 http fetch GET 200 https://registry.npmjs.org/array.prototype.flatmap/-/array.prototype.flatmap-1.3.2.tgz 5013ms (cache miss)
8132 http fetch GET 200 https://registry.npmjs.org/is-core-module/-/is-core-module-2.13.1.tgz 5015ms (cache miss)
8133 http fetch GET 200 https://registry.npmjs.org/hasown/-/hasown-2.0.0.tgz 5015ms (cache miss)
8134 timing reifyNode:node_modules/safe-array-concat Completed in 5946ms
8135 timing reifyNode:node_modules/jest-each Completed in 5954ms
8136 timing reifyNode:node_modules/commander Completed in 5950ms
8137 timing reifyNode:node_modules/typed-array-byte-length Completed in 5949ms
8138 timing reifyNode:node_modules/es-set-tostringtag Completed in 5949ms
8139 http fetch GET 200 https://registry.npmjs.org/get-intrinsic/-/get-intrinsic-1.2.2.tgz 5028ms (cache miss)
8140 timing reifyNode:node_modules/camel-case Completed in 5954ms
8141 timing reifyNode:node_modules/unbox-primitive Completed in 5953ms
8142 timing reifyNode:node_modules/param-case Completed in 5956ms
8143 timing reifyNode:node_modules/has-proto Completed in 5956ms
8144 timing reifyNode:node_modules/is-symbol Completed in 5958ms
8145 http fetch GET 200 https://registry.npmjs.org/prop-types/-/prop-types-15.8.1.tgz 5078ms (cache miss)
8146 timing reifyNode:node_modules/is-date-object Completed in 5965ms
8147 http fetch GET 200 https://registry.npmjs.org/array.prototype.findlastindex/-/array.prototype.findlastindex-1.2.3.tgz 5033ms (cache miss)
8148 http fetch GET 200 https://registry.npmjs.org/string-natural-compare/-/string-natural-compare-3.0.1.tgz 5042ms (cache miss)
8149 timing reifyNode:node_modules/prop-types Completed in 5976ms
8150 http fetch GET 200 https://registry.npmjs.org/array-includes/-/array-includes-3.1.7.tgz 5041ms (cache miss)
8151 timing reifyNode:node_modules/string-natural-compare Completed in 5981ms
8152 timing reifyNode:node_modules/reflect.getprototypeof Completed in 5987ms
8153 http fetch GET 200 https://registry.npmjs.org/eslint-import-resolver-node/-/eslint-import-resolver-node-0.3.9.tgz 5055ms (cache miss)
8154 timing reifyNode:node_modules/@types/prettier Completed in 6002ms
8155 http fetch GET 200 https://registry.npmjs.org/@types/semver/-/semver-7.5.6.tgz 5053ms (cache miss)
8156 http fetch GET 200 https://registry.npmjs.org/@types/json-schema/-/json-schema-7.0.15.tgz 5055ms (cache miss)
8157 timing reifyNode:node_modules/is-array-buffer Completed in 6000ms
8158 timing reifyNode:node_modules/eslint-import-resolver-node Completed in 6000ms
8159 timing reifyNode:node_modules/gopd Completed in 6006ms
8160 http fetch GET 200 https://registry.npmjs.org/has-symbols/-/has-symbols-1.0.3.tgz 5100ms (cache miss)
8161 timing reifyNode:node_modules/is-typed-array Completed in 6009ms
8162 http fetch GET 200 https://registry.npmjs.org/enhanced-resolve/-/enhanced-resolve-5.15.0.tgz 5453ms (cache miss)
8163 timing reifyNode:node_modules/enhanced-resolve Completed in 6033ms
8164 http fetch GET 200 https://registry.npmjs.org/array.prototype.flat/-/array.prototype.flat-1.3.2.tgz 5079ms (cache miss)
8165 timing reifyNode:node_modules/is-regex Completed in 6015ms
8166 timing reifyNode:node_modules/is-weakref Completed in 6027ms
8167 http fetch GET 200 https://registry.npmjs.org/globby/-/globby-11.1.0.tgz 5087ms (cache miss)
8168 timing reifyNode:node_modules/flatted Completed in 6031ms
8169 timing reifyNode:node_modules/@types/json-schema Completed in 6033ms
8170 http fetch GET 200 https://registry.npmjs.org/ast-types-flow/-/ast-types-flow-0.0.8.tgz 5145ms (cache miss)
8171 timing reifyNode:node_modules/is-callable Completed in 6043ms
8172 timing reifyNode:node_modules/promise Completed in 6063ms
8173 timing reifyNode:node_modules/is-shared-array-buffer Completed in 6045ms
8174 timing reifyNode:node_modules/is-negative-zero Completed in 6495ms
8175 http fetch GET 200 https://registry.npmjs.org/tslib/-/tslib-2.6.2.tgz 5653ms (cache miss)
8176 timing reifyNode:node_modules/set-function-length Completed in 6501ms
8177 http fetch GET 200 https://registry.npmjs.org/natural-compare-lite/-/natural-compare-lite-1.4.0.tgz 5564ms (cache miss)
8178 timing reifyNode:node_modules/natural-compare-lite Completed in 6506ms
8179 http fetch GET 200 https://registry.npmjs.org/eslint-module-utils/-/eslint-module-utils-2.8.0.tgz 5578ms (cache miss)
8180 timing reifyNode:node_modules/internal-slot Completed in 6516ms
8181 timing reifyNode:node_modules/has-tostringtag Completed in 6517ms
8182 timing reifyNode:node_modules/available-typed-arrays Completed in 6518ms
8183 timing reifyNode:node_modules/has-property-descriptors Completed in 6520ms
8184 timing reifyNode:node_modules/tslib Completed in 6526ms
8185 timing reifyNode:node_modules/array.prototype.tosorted Completed in 6525ms
8186 timing reifyNode:node_modules/get-symbol-description Completed in 6527ms
8187 timing reifyNode:node_modules/define-properties Completed in 6529ms
8188 timing reifyNode:node_modules/emoji-regex Completed in 6540ms
8189 http fetch GET 200 https://registry.npmjs.org/@sinonjs/fake-timers/-/fake-timers-8.1.0.tgz 5751ms (cache miss)
8190 timing reifyNode:node_modules/cssom Completed in 6558ms
8191 timing reifyNode:node_modules/object.entries Completed in 6551ms
8192 timing reifyNode:node_modules/array-buffer-byte-length Completed in 6555ms
8193 timing reifyNode:node_modules/@sinonjs/fake-timers Completed in 6565ms
8194 timing reifyNode:node_modules/es-shim-unscopables Completed in 6557ms
8195 timing reifyNode:node_modules/object-keys Completed in 6558ms
8196 timing reifyNode:node_modules/is-string Completed in 6558ms
8197 http fetch GET 200 https://registry.npmjs.org/acorn/-/acorn-8.11.2.tgz 5689ms (cache miss)
8198 timing reifyNode:node_modules/object.hasown Completed in 6562ms
8199 http fetch GET 200 https://registry.npmjs.org/@types/eslint/-/eslint-8.44.9.tgz 5688ms (cache miss)
8200 timing reifyNode:node_modules/ast-types-flow Completed in 6563ms
8201 timing reifyNode:node_modules/string.prototype.matchall Completed in 6569ms
8202 timing reifyNode:node_modules/@types/eslint Completed in 6578ms
8203 timing reifyNode:node_modules/tapable Completed in 6579ms
8204 timing reifyNode:node_modules/pretty-error Completed in 6582ms
8205 timing reifyNode:node_modules/acorn Completed in 6582ms
8206 http fetch GET 200 https://registry.npmjs.org/@typescript-eslint/visitor-keys/-/visitor-keys-5.62.0.tgz 5640ms (cache miss)
8207 timing reifyNode:node_modules/globby Completed in 6583ms
8208 timing reifyNode:node_modules/is-core-module Completed in 6585ms
8209 timing reifyNode:node_modules/exit Completed in 6595ms
8210 timing reifyNode:node_modules/string.prototype.trimstart Completed in 6594ms
8211 timing reifyNode:node_modules/get-intrinsic Completed in 6598ms
8212 timing reifyNode:node_modules/string.prototype.trim Completed in 6600ms
8213 http fetch GET 200 https://registry.npmjs.org/@typescript-eslint/parser/-/parser-5.62.0.tgz 5650ms (cache miss)
8214 http fetch GET 200 https://registry.npmjs.org/confusing-browser-globals/-/confusing-browser-globals-1.0.11.tgz 5650ms (cache miss)
8215 http fetch GET 200 https://registry.npmjs.org/json-schema-traverse/-/json-schema-traverse-0.4.1.tgz 5646ms (cache miss)
8216 timing reifyNode:node_modules/string.prototype.trimend Completed in 6602ms
8217 timing reifyNode:node_modules/define-data-property Completed in 6601ms
8218 http fetch GET 200 https://registry.npmjs.org/run-parallel/-/run-parallel-1.2.0.tgz 5649ms (cache miss)
8219 timing reifyNode:node_modules/relateurl Completed in 6607ms
8220 http fetch GET 200 https://registry.npmjs.org/jest-diff/-/jest-diff-27.5.1.tgz 5828ms (cache miss)
8221 timing reifyNode:node_modules/confusing-browser-globals Completed in 6610ms
8222 timing reifyNode:node_modules/run-parallel Completed in 6611ms
8223 timing reifyNode:node_modules/function-bind Completed in 6615ms
8224 timing reifyNode:node_modules/regexp.prototype.flags Completed in 6620ms
8225 timing reifyNode:node_modules/jest-diff Completed in 6634ms
8226 timing reifyNode:node_modules/hasown Completed in 6625ms
8227 timing reifyNode:node_modules/call-bind Completed in 6630ms
8228 timing reifyNode:node_modules/jest-watcher Completed in 6642ms
8229 timing reifyNode:node_modules/jest-cli Completed in 6642ms
8230 http fetch GET 200 https://registry.npmjs.org/jest-snapshot/-/jest-snapshot-27.5.1.tgz 5823ms (cache miss)
8231 timing reifyNode:node_modules/jest-snapshot Completed in 6664ms
8232 http fetch GET 200 https://registry.npmjs.org/eslint-plugin-react-hooks/-/eslint-plugin-react-hooks-4.6.0.tgz 5713ms (cache miss)
8233 timing reifyNode:node_modules/jest-validate Completed in 6666ms
8234 timing reifyNode:node_modules/globalthis Completed in 6661ms
8235 timing reifyNode:node_modules/arraybuffer.prototype.slice Completed in 6661ms
8236 http fetch GET 200 https://registry.npmjs.org/expect/-/expect-27.5.1.tgz 5872ms (cache miss)
8237 timing reifyNode:node_modules/eslint-plugin-react-hooks Completed in 6672ms
8238 http fetch GET 200 https://registry.npmjs.org/@nodelib/fs.stat/-/fs.stat-2.0.5.tgz 5718ms (cache miss)
8239 http fetch GET 200 https://registry.npmjs.org/text-table/-/text-table-0.2.0.tgz 5717ms (cache miss)
8240 timing reifyNode:node_modules/expect Completed in 6691ms
8241 http fetch GET 200 https://registry.npmjs.org/postcss-selector-parser/-/postcss-selector-parser-6.0.13.tgz 5981ms (cache miss)
8242 http fetch GET 200 https://registry.npmjs.org/@humanwhocodes/object-schema/-/object-schema-2.0.1.tgz 5730ms (cache miss)
8243 http fetch GET 200 https://registry.npmjs.org/argparse/-/argparse-1.0.10.tgz 5929ms (cache miss)
8244 timing reifyNode:node_modules/postcss-selector-parser Completed in 6714ms
8245 http fetch GET 200 https://registry.npmjs.org/csso/-/csso-4.2.0.tgz 6114ms (cache miss)
8246 timing reifyNode:node_modules/object.fromentries Completed in 6715ms
8247 timing reifyNode:node_modules/function.prototype.name Completed in 6717ms
8248 timing reifyNode:node_modules/object.values Completed in 6717ms
8249 timing reifyNode:node_modules/argparse Completed in 6727ms
8250 http fetch GET 200 https://registry.npmjs.org/jest-circus/-/jest-circus-27.5.1.tgz 5918ms (cache miss)
8251 http fetch GET 200 https://registry.npmjs.org/fastq/-/fastq-1.15.0.tgz 5758ms (cache miss)
8252 timing reifyNode:node_modules/pretty-format Completed in 6730ms
8253 http fetch GET 200 https://registry.npmjs.org/object.assign/-/object.assign-4.1.5.tgz 5828ms (cache miss)
8254 timing reifyNode:node_modules/csso Completed in 6752ms
8255 timing reifyNode:node_modules/has-symbols Completed in 6733ms
8256 timing reifyNode:node_modules/json-schema-traverse Completed in 6730ms
8257 timing reifyNode:node_modules/es-to-primitive Completed in 6734ms
8258 timing reifyNode:node_modules/jest-circus Completed in 6748ms
8259 timing reifyNode:node_modules/object.assign Completed in 6748ms
8260 timing reifyNode:node_modules/array.prototype.flatmap Completed in 6755ms
8261 http fetch GET 200 https://registry.npmjs.org/@nodelib/fs.scandir/-/fs.scandir-2.1.5.tgz 5797ms (cache miss)
8262 timing reifyNode:node_modules/object.groupby Completed in 6766ms
8263 http fetch GET 200 https://registry.npmjs.org/colord/-/colord-2.9.3.tgz 6066ms (cache miss)
8264 http fetch GET 200 https://registry.npmjs.org/lodash.merge/-/lodash.merge-4.6.2.tgz 5817ms (cache miss)
8265 timing reifyNode:node_modules/array-includes Completed in 6787ms
8266 http fetch GET 200 https://registry.npmjs.org/optionator/-/optionator-0.9.3.tgz 5827ms (cache miss)
8267 http fetch GET 200 https://registry.npmjs.org/natural-compare/-/natural-compare-1.4.0.tgz 5827ms (cache miss)
8268 timing reifyNode:node_modules/natural-compare Completed in 6791ms
8269 http fetch GET 200 https://registry.npmjs.org/node-forge/-/node-forge-1.3.1.tgz 6339ms (cache miss)
8270 timing reifyNode:node_modules/node-forge Completed in 6821ms
8271 timing reifyNode:node_modules/colord Completed in 6808ms
8272 http fetch GET 200 https://registry.npmjs.org/levn/-/levn-0.4.1.tgz 5829ms (cache miss)
8273 http fetch GET 200 https://registry.npmjs.org/imurmurhash/-/imurmurhash-0.1.4.tgz 5829ms (cache miss)
8274 http fetch GET 200 https://registry.npmjs.org/json-stable-stringify-without-jsonify/-/json-stable-stringify-without-jsonify-1.0.1.tgz 5830ms (cache miss)
8275 timing reifyNode:node_modules/array.prototype.flat Completed in 6801ms
8276 timing reifyNode:node_modules/array.prototype.findlastindex Completed in 6806ms
8277 http fetch GET 200 https://registry.npmjs.org/language-subtag-registry/-/language-subtag-registry-0.3.22.tgz 6075ms (cache miss)
8278 timing reifyNode:node_modules/lodash.merge Completed in 6808ms
8279 timing reifyNode:node_modules/imurmurhash Completed in 6808ms
8280 http fetch GET 200 https://registry.npmjs.org/parse5/-/parse5-6.0.1.tgz 6060ms (cache miss)
8281 http fetch GET 200 https://registry.npmjs.org/strip-json-comments/-/strip-json-comments-3.1.1.tgz 5851ms (cache miss)
8282 timing reifyNode:node_modules/@typescript-eslint/parser Completed in 6816ms
8283 http fetch GET 200 https://registry.npmjs.org/strip-ansi/-/strip-ansi-6.0.1.tgz 5856ms (cache miss)
8284 timing reifyNode:node_modules/language-subtag-registry Completed in 6835ms
8285 timing reifyNode:node_modules/parse5 Completed in 6839ms
8286 timing reifyNode:node_modules/stylehacks Completed in 6851ms
8287 timing reifyNode:node_modules/eslint-module-utils Completed in 6835ms
8288 http fetch GET 200 https://registry.npmjs.org/glob-parent/-/glob-parent-6.0.2.tgz 5867ms (cache miss)
8289 http fetch GET 200 https://registry.npmjs.org/is-path-inside/-/is-path-inside-3.0.3.tgz 5868ms (cache miss)
8290 http fetch GET 200 https://registry.npmjs.org/ignore/-/ignore-5.3.0.tgz 5869ms (cache miss)
8291 timing reifyNode:node_modules/strip-ansi Completed in 6841ms
8292 timing reifyNode:node_modules/strip-json-comments Completed in 6842ms
8293 timing reifyNode:node_modules/glob-parent Completed in 6842ms
8294 http fetch GET 200 https://registry.npmjs.org/is-glob/-/is-glob-4.0.3.tgz 5878ms (cache miss)
8295 http fetch GET 200 https://registry.npmjs.org/eslint-visitor-keys/-/eslint-visitor-keys-3.4.3.tgz 5877ms (cache miss)
8296 http fetch GET 200 https://registry.npmjs.org/fast-deep-equal/-/fast-deep-equal-3.1.3.tgz 5878ms (cache miss)
8297 http fetch GET 200 https://registry.npmjs.org/@jest/reporters/-/reporters-27.5.1.tgz 6017ms (cache miss)
8298 http fetch GET 200 https://registry.npmjs.org/file-entry-cache/-/file-entry-cache-6.0.1.tgz 5881ms (cache miss)
8299 http fetch GET 200 https://registry.npmjs.org/jest-config/-/jest-config-27.5.1.tgz 6028ms (cache miss)
8300 timing reifyNode:node_modules/levn Completed in 6852ms
8301 timing reifyNode:node_modules/is-glob Completed in 6856ms
8302 timing reifyNode:node_modules/is-path-inside Completed in 6861ms
8303 timing reifyNode:node_modules/@jest/reporters Completed in 6869ms
8304 timing reifyNode:node_modules/jest-config Completed in 6870ms
8305 timing reifyNode:node_modules/optionator Completed in 6870ms
8306 timing reifyNode:node_modules/file-entry-cache Completed in 6878ms
8307 timing reifyNode:node_modules/@typescript-eslint/visitor-keys Completed in 6889ms
8308 timing reifyNode:node_modules/ignore Completed in 6889ms
8309 http fetch GET 200 https://registry.npmjs.org/stackframe/-/stackframe-1.3.4.tgz 5929ms (cache miss)
8310 timing reifyNode:node_modules/@humanwhocodes/object-schema Completed in 6930ms
8311 timing reifyNode:node_modules/text-table Completed in 6931ms
8312 http fetch GET 200 https://registry.npmjs.org/@eslint/js/-/js-8.56.0.tgz 5952ms (cache miss)
8313 timing reifyNode:node_modules/@nodelib/fs.stat Completed in 6949ms
8314 timing reifyNode:node_modules/fastq Completed in 6950ms
8315 http fetch GET 200 https://registry.npmjs.org/@nodelib/fs.walk/-/fs.walk-1.2.8.tgz 5988ms (cache miss)
8316 timing reifyNode:node_modules/eslint-visitor-keys Completed in 6962ms
8317 http fetch GET 200 https://registry.npmjs.org/@humanwhocodes/module-importer/-/module-importer-1.0.1.tgz 5991ms (cache miss)
8318 http fetch GET 200 https://registry.npmjs.org/postcss-svgo/-/postcss-svgo-5.1.0.tgz 5993ms (cache miss)
8319 http fetch GET 200 https://registry.npmjs.org/object-inspect/-/object-inspect-1.13.1.tgz 6088ms (cache miss)
8320 timing reifyNode:node_modules/fast-deep-equal Completed in 6988ms
8321 http fetch GET 200 https://registry.npmjs.org/@humanwhocodes/config-array/-/config-array-0.11.13.tgz 6013ms (cache miss)
8322 http fetch GET 200 https://registry.npmjs.org/postcss-reduce-transforms/-/postcss-reduce-transforms-5.1.0.tgz 6001ms (cache miss)
8323 http fetch GET 200 https://registry.npmjs.org/ms/-/ms-2.1.2.tgz 6004ms (cache miss)
8324 http fetch GET 200 https://registry.npmjs.org/postcss-reduce-initial/-/postcss-reduce-initial-5.1.2.tgz 6003ms (cache miss)
8325 timing reifyNode:node_modules/@eslint/js Completed in 7001ms
8326 timing reifyNode:node_modules/ms Completed in 7001ms
8327 http fetch GET 200 https://registry.npmjs.org/espree/-/espree-9.6.1.tgz 6033ms (cache miss)
8328 timing reifyNode:node_modules/object-inspect Completed in 7008ms
8329 http fetch GET 200 https://registry.npmjs.org/postcss-unique-selectors/-/postcss-unique-selectors-5.1.1.tgz 6020ms (cache miss)
8330 timing reifyNode:node_modules/stackframe Completed in 7009ms
8331 timing reifyNode:node_modules/espree Completed in 7013ms
8332 timing reifyNode:node_modules/@humanwhocodes/config-array Completed in 7016ms
8333 timing reifyNode:node_modules/postcss-reduce-transforms Completed in 7032ms
8334 http fetch GET 200 https://registry.npmjs.org/doctrine/-/doctrine-3.0.0.tgz 6062ms (cache miss)
8335 http fetch GET 200 https://registry.npmjs.org/postcss-normalize-url/-/postcss-normalize-url-5.1.0.tgz 6048ms (cache miss)
8336 timing reifyNode:node_modules/json-stable-stringify-without-jsonify Completed in 7043ms
8337 http fetch GET 200 https://registry.npmjs.org/renderkid/-/renderkid-3.0.0.tgz 6385ms (cache miss)
8338 timing reifyNode:node_modules/postcss-unique-selectors Completed in 7047ms
8339 timing reifyNode:node_modules/doctrine Completed in 7055ms
8340 timing reifyNode:node_modules/renderkid Completed in 7084ms
8341 http fetch GET 200 https://registry.npmjs.org/postcss-normalize-whitespace/-/postcss-normalize-whitespace-5.1.1.tgz 6074ms (cache miss)
8342 http fetch GET 200 https://registry.npmjs.org/postcss-minify-params/-/postcss-minify-params-5.1.4.tgz 6071ms (cache miss)
8343 http fetch GET 200 https://registry.npmjs.org/postcss-normalize-string/-/postcss-normalize-string-5.1.0.tgz 6074ms (cache miss)
8344 http fetch GET 200 https://registry.npmjs.org/postcss-normalize-repeat-style/-/postcss-normalize-repeat-style-5.1.1.tgz 6085ms (cache miss)
8345 http fetch GET 200 https://registry.npmjs.org/postcss-normalize-unicode/-/postcss-normalize-unicode-5.1.1.tgz 6084ms (cache miss)
8346 http fetch GET 200 https://registry.npmjs.org/postcss-normalize-positions/-/postcss-normalize-positions-5.1.1.tgz 6086ms (cache miss)
8347 http fetch GET 200 https://registry.npmjs.org/postcss-normalize-charset/-/postcss-normalize-charset-5.1.0.tgz 6083ms (cache miss)
8348 http fetch GET 200 https://registry.npmjs.org/postcss-normalize-timing-functions/-/postcss-normalize-timing-functions-5.1.0.tgz 6087ms (cache miss)
8349 http fetch GET 200 https://registry.npmjs.org/type-fest/-/type-fest-0.21.3.tgz 6267ms (cache miss)
8350 timing reifyNode:node_modules/postcss-normalize-url Completed in 7086ms
8351 http fetch GET 200 https://registry.npmjs.org/postcss-ordered-values/-/postcss-ordered-values-5.1.3.tgz 6099ms (cache miss)
8352 timing reifyNode:node_modules/postcss-reduce-initial Completed in 7091ms
8353 timing reifyNode:node_modules/type-fest Completed in 7109ms
8354 timing reifyNode:node_modules/postcss-normalize-whitespace Completed in 7112ms
8355 timing reifyNode:node_modules/postcss-svgo Completed in 7113ms
8356 http fetch GET 200 https://registry.npmjs.org/postcss-normalize-display-values/-/postcss-normalize-display-values-5.1.0.tgz 6120ms (cache miss)
8357 http fetch GET 200 https://registry.npmjs.org/postcss-minify-selectors/-/postcss-minify-selectors-5.2.1.tgz 6123ms (cache miss)
8358 timing reifyNode:node_modules/postcss-normalize-string Completed in 7116ms
8359 timing reifyNode:node_modules/postcss-minify-params Completed in 7116ms
8360 timing reifyNode:node_modules/@humanwhocodes/module-importer Completed in 7126ms
8361 timing reifyNode:node_modules/postcss-normalize-charset Completed in 7130ms
8362 timing reifyNode:node_modules/postcss-normalize-unicode Completed in 7130ms
8363 timing reifyNode:node_modules/postcss-normalize-timing-functions Completed in 7130ms
8364 timing reifyNode:node_modules/postcss-normalize-positions Completed in 7131ms
8365 http fetch GET 200 https://registry.npmjs.org/postcss-minify-gradients/-/postcss-minify-gradients-5.1.1.tgz 6137ms (cache miss)
8366 http fetch GET 200 https://registry.npmjs.org/postcss-convert-values/-/postcss-convert-values-5.1.3.tgz 6149ms (cache miss)
8367 http fetch GET 200 https://registry.npmjs.org/workbox-precaching/-/workbox-precaching-6.6.0.tgz 6751ms (cache miss)
8368 http fetch GET 200 https://registry.npmjs.org/postcss-minify-font-values/-/postcss-minify-font-values-5.1.0.tgz 6163ms (cache miss)
8369 http fetch GET 200 https://registry.npmjs.org/postcss-discard-duplicates/-/postcss-discard-duplicates-5.1.0.tgz 6161ms (cache miss)
8370 http fetch GET 200 https://registry.npmjs.org/postcss-discard-empty/-/postcss-discard-empty-5.1.1.tgz 6171ms (cache miss)
8371 http fetch GET 200 https://registry.npmjs.org/postcss-discard-overridden/-/postcss-discard-overridden-5.1.0.tgz 6171ms (cache miss)
8372 http fetch GET 200 https://registry.npmjs.org/postcss-merge-longhand/-/postcss-merge-longhand-5.1.7.tgz 6172ms (cache miss)
8373 timing reifyNode:node_modules/workbox-precaching Completed in 7203ms
8374 http fetch GET 200 https://registry.npmjs.org/postcss-discard-comments/-/postcss-discard-comments-5.1.2.tgz 6174ms (cache miss)
8375 http fetch GET 200 https://registry.npmjs.org/serve-index/-/serve-index-1.9.1.tgz 6676ms (cache miss)
8376 http fetch GET 200 https://registry.npmjs.org/eslint-scope/-/eslint-scope-7.2.2.tgz 6212ms (cache miss)
8377 timing reifyNode:node_modules/postcss-discard-overridden Completed in 7184ms
8378 http fetch GET 200 https://registry.npmjs.org/postcss-colormin/-/postcss-colormin-5.3.1.tgz 6187ms (cache miss)
8379 timing reifyNode:node_modules/serve-index Completed in 7232ms
8380 timing reifyNode:node_modules/eslint-scope Completed in 7206ms
8381 http fetch GET 200 https://registry.npmjs.org/css-declaration-sorter/-/css-declaration-sorter-6.4.1.tgz 6199ms (cache miss)
8382 timing reifyNode:node_modules/postcss-normalize-repeat-style Completed in 7209ms
8383 timing reifyNode:node_modules/postcss-discard-duplicates Completed in 7213ms
8384 http fetch GET 200 https://registry.npmjs.org/@eslint-community/eslint-utils/-/eslint-utils-4.4.0.tgz 6232ms (cache miss)
8385 http fetch GET 200 https://registry.npmjs.org/@nicolo-ribaudo/eslint-scope-5-internals/-/eslint-scope-5-internals-5.1.1-v1.tgz 6273ms (cache miss)
8386 timing reifyNode:node_modules/@nicolo-ribaudo/eslint-scope-5-internals Completed in 7219ms
8387 http fetch GET 200 https://registry.npmjs.org/cssnano-utils/-/cssnano-utils-3.1.0.tgz 6208ms (cache miss)
8388 http fetch GET 200 https://registry.npmjs.org/@eslint-community/regexpp/-/regexpp-4.10.0.tgz 6236ms (cache miss)
8389 timing reifyNode:node_modules/postcss-discard-empty Completed in 7219ms
8390 timing reifyNode:node_modules/@nodelib/fs.scandir Completed in 7229ms
8391 http fetch GET 200 https://registry.npmjs.org/@typescript-eslint/types/-/types-5.62.0.tgz 6289ms (cache miss)
8392 http fetch GET 200 https://registry.npmjs.org/cssnano-preset-default/-/cssnano-preset-default-5.2.14.tgz 6218ms (cache miss)
8393 http fetch GET 200 https://registry.npmjs.org/lilconfig/-/lilconfig-2.1.0.tgz 6221ms (cache miss)
8394 http fetch GET 200 https://registry.npmjs.org/postcss-value-parser/-/postcss-value-parser-4.2.0.tgz 6224ms (cache miss)
8395 timing reifyNode:node_modules/@eslint-community/regexpp Completed in 7237ms
8396 timing reifyNode:node_modules/@eslint-community/eslint-utils Completed in 7238ms
8397 http fetch GET 200 https://registry.npmjs.org/serialize-javascript/-/serialize-javascript-6.0.1.tgz 6235ms (cache miss)
8398 timing reifyNode:node_modules/@typescript-eslint/types Completed in 7250ms
8399 timing reifyNode:node_modules/postcss-normalize-display-values Completed in 7250ms
8400 http fetch GET 200 https://registry.npmjs.org/postcss-modules-local-by-default/-/postcss-modules-local-by-default-4.0.3.tgz 6239ms (cache miss)
8401 http fetch GET 200 https://registry.npmjs.org/cssnano/-/cssnano-5.1.15.tgz 6239ms (cache miss)
8402 http fetch GET 200 https://registry.npmjs.org/postcss-modules-values/-/postcss-modules-values-4.0.0.tgz 6240ms (cache miss)
8403 timing reifyNode:node_modules/postcss-minify-gradients Completed in 7255ms
8404 http fetch GET 200 https://registry.npmjs.org/import-fresh/-/import-fresh-3.3.0.tgz 6243ms (cache miss)
8405 timing reifyNode:node_modules/serialize-javascript Completed in 7262ms
8406 http fetch GET 200 https://registry.npmjs.org/path-type/-/path-type-4.0.0.tgz 6265ms (cache miss)
8407 http fetch GET 200 https://registry.npmjs.org/postcss-modules-scope/-/postcss-modules-scope-3.0.0.tgz 6265ms (cache miss)
8408 http fetch GET 200 https://registry.npmjs.org/parse-json/-/parse-json-5.2.0.tgz 6265ms (cache miss)
8409 timing reifyNode:node_modules/postcss-minify-selectors Completed in 7287ms
8410 timing reifyNode:node_modules/postcss-modules-local-by-default Completed in 7291ms
8411 http fetch GET 200 https://registry.npmjs.org/icss-utils/-/icss-utils-5.1.0.tgz 6276ms (cache miss)
8412 timing reifyNode:node_modules/lilconfig Completed in 7293ms
8413 timing reifyNode:node_modules/parse-json Completed in 7296ms
8414 timing reifyNode:node_modules/cssnano-preset-default Completed in 7300ms
8415 http fetch GET 200 https://registry.npmjs.org/color-name/-/color-name-1.1.3.tgz 6295ms (cache miss)
8416 timing reifyNode:node_modules/postcss-colormin Completed in 7314ms
8417 timing reifyNode:node_modules/postcss-modules-values Completed in 7314ms
8418 http fetch GET 200 https://registry.npmjs.org/@types/parse-json/-/parse-json-4.0.2.tgz 6303ms (cache miss)
8419 timing reifyNode:node_modules/import-fresh Completed in 7321ms
8420 http fetch GET 200 https://registry.npmjs.org/ansi-styles/-/ansi-styles-3.2.1.tgz 6306ms (cache miss)
8421 timing reifyNode:node_modules/path-type Completed in 7326ms
8422 timing reifyNode:node_modules/postcss-convert-values Completed in 7328ms
8423 http fetch GET 200 https://registry.npmjs.org/supports-color/-/supports-color-5.5.0.tgz 6310ms (cache miss)
8424 timing reifyNode:node_modules/@types/parse-json Completed in 7330ms
8425 http fetch GET 200 https://registry.npmjs.org/color-convert/-/color-convert-1.9.3.tgz 6314ms (cache miss)
8426 timing reifyNode:node_modules/postcss-modules-scope Completed in 7332ms
8427 timing reifyNode:node_modules/ansi-styles Completed in 7337ms
8428 http fetch GET 200 https://registry.npmjs.org/update-browserslist-db/-/update-browserslist-db-1.0.13.tgz 6317ms (cache miss)
8429 http fetch GET 200 https://registry.npmjs.org/postcss-modules-extract-imports/-/postcss-modules-extract-imports-3.0.0.tgz 6324ms (cache miss)
8430 timing reifyNode:node_modules/@sinonjs/commons Completed in 7358ms
8431 http fetch GET 200 https://registry.npmjs.org/node-releases/-/node-releases-2.0.14.tgz 6326ms (cache miss)
8432 http fetch GET 200 https://registry.npmjs.org/escape-string-regexp/-/escape-string-regexp-1.0.5.tgz 6328ms (cache miss)
8433 http fetch GET 200 https://registry.npmjs.org/postcss-merge-rules/-/postcss-merge-rules-5.1.4.tgz 6356ms (cache miss)
8434 timing reifyNode:node_modules/escape-string-regexp Completed in 7355ms
8435 timing reifyNode:node_modules/supports-color Completed in 7357ms
8436 timing reifyNode:node_modules/postcss-merge-rules Completed in 7364ms
8437 http fetch GET 200 https://registry.npmjs.org/check-types/-/check-types-11.2.3.tgz 6344ms (cache miss)
8438 http fetch GET 200 https://registry.npmjs.org/hoopy/-/hoopy-0.1.4.tgz 6337ms (cache miss)
8439 http fetch GET 200 https://registry.npmjs.org/regenerator-runtime/-/regenerator-runtime-0.14.1.tgz 6336ms (cache miss)
8440 http fetch GET 200 https://registry.npmjs.org/tryer/-/tryer-1.0.1.tgz 6354ms (cache miss)
8441 http fetch GET 200 https://registry.npmjs.org/@babel/plugin-syntax-flow/-/plugin-syntax-flow-7.23.3.tgz 6351ms (cache miss)
8442 http fetch GET 200 https://registry.npmjs.org/jest-jasmine2/-/jest-jasmine2-27.5.1.tgz 6594ms (cache miss)
8443 timing reifyNode:node_modules/color-name Completed in 7389ms
8444 timing reifyNode:node_modules/postcss-discard-comments Completed in 7391ms
8445 http fetch GET 200 https://registry.npmjs.org/@babel/plugin-syntax-typescript/-/plugin-syntax-typescript-7.23.3.tgz 6359ms (cache miss)
8446 http fetch GET 200 https://registry.npmjs.org/babel-plugin-transform-react-remove-prop-types/-/babel-plugin-transform-react-remove-prop-types-0.4.24.tgz 6358ms (cache miss)
8447 timing reifyNode:node_modules/jest-jasmine2 Completed in 7408ms
8448 timing reifyNode:node_modules/postcss-modules-extract-imports Completed in 7395ms
8449 http fetch GET 200 https://registry.npmjs.org/@babel/plugin-syntax-decorators/-/plugin-syntax-decorators-7.23.3.tgz 6363ms (cache miss)
8450 http fetch GET 200 https://registry.npmjs.org/babel-plugin-macros/-/babel-plugin-macros-3.1.0.tgz 6363ms (cache miss)
8451 timing reifyNode:node_modules/postcss-value-parser Completed in 7399ms
8452 http fetch GET 200 https://registry.npmjs.org/istanbul-reports/-/istanbul-reports-3.1.6.tgz 6588ms (cache miss)
8453 timing reifyNode:node_modules/node-releases Completed in 7410ms
8454 timing reifyNode:node_modules/regenerator-runtime Completed in 7413ms
8455 timing reifyNode:node_modules/color-convert Completed in 7416ms
8456 timing reifyNode:node_modules/@types/semver Completed in 7425ms
8457 timing reifyNode:node_modules/istanbul-reports Completed in 7434ms
8458 timing reifyNode:node_modules/@babel/plugin-syntax-flow Completed in 7424ms
8459 http fetch GET 200 https://registry.npmjs.org/@babel/plugin-transform-runtime/-/plugin-transform-runtime-7.23.6.tgz 6389ms (cache miss)
8460 timing reifyNode:node_modules/cssnano-utils Completed in 7428ms
8461 timing reifyNode:node_modules/cssnano Completed in 7428ms
8462 timing reifyNode:node_modules/check-types Completed in 7429ms
8463 http fetch GET 200 https://registry.npmjs.org/@babel/plugin-proposal-private-methods/-/plugin-proposal-private-methods-7.18.6.tgz 6393ms (cache miss)
8464 timing reifyNode:node_modules/@babel/plugin-syntax-typescript Completed in 7431ms
8465 timing reifyNode:node_modules/icss-utils Completed in 7433ms
8466 timing reifyNode:node_modules/postcss-minify-font-values Completed in 7436ms
8467 timing reifyNode:node_modules/update-browserslist-db Completed in 7436ms
8468 timing reifyNode:node_modules/@babel/plugin-syntax-decorators Completed in 7438ms
8469 http fetch GET 200 https://registry.npmjs.org/immer/-/immer-9.0.21.tgz 6803ms (cache miss)
8470 http fetch GET 200 https://registry.npmjs.org/@bcoe/v8-coverage/-/v8-coverage-0.2.3.tgz 6629ms (cache miss)
8471 timing reifyNode:node_modules/babel-plugin-macros Completed in 7444ms
8472 warn deprecated @babel/plugin-proposal-private-methods@7.18.6: This proposal has been merged to the ECMAScript standard and thus this plugin is no longer maintained. Please use @babel/plugin-transform-private-methods instead.
8473 timing reifyNode:node_modules/@babel/plugin-proposal-private-methods Completed in 7447ms
8474 timing reifyNode:node_modules/css-declaration-sorter Completed in 7460ms
8475 http fetch GET 200 https://registry.npmjs.org/axe-core/-/axe-core-4.7.0.tgz 6583ms (cache miss)
8476 http fetch GET 200 https://registry.npmjs.org/esquery/-/esquery-1.5.0.tgz 6495ms (cache miss)
8477 timing reifyNode:node_modules/immer Completed in 7488ms
8478 timing reifyNode:node_modules/@bcoe/v8-coverage Completed in 7475ms
8479 http fetch GET 200 https://registry.npmjs.org/babel-preset-current-node-syntax/-/babel-preset-current-node-syntax-1.0.1.tgz 6427ms (cache miss)
8480 http fetch GET 200 https://registry.npmjs.org/@babel/plugin-transform-flow-strip-types/-/plugin-transform-flow-strip-types-7.23.3.tgz 6431ms (cache miss)
8481 http fetch GET 200 https://registry.npmjs.org/@babel/plugin-proposal-optional-chaining/-/plugin-proposal-optional-chaining-7.21.0.tgz 6433ms (cache miss)
8482 http fetch GET 200 https://registry.npmjs.org/graphemer/-/graphemer-1.4.0.tgz 6506ms (cache miss)
8483 timing reifyNode:node_modules/axe-core Completed in 7482ms
8484 timing reifyNode:node_modules/esquery Completed in 7477ms
8485 http fetch GET 200 https://registry.npmjs.org/@babel/eslint-parser/-/eslint-parser-7.23.3.tgz 6534ms (cache miss)
8486 timing reifyNode:node_modules/@babel/eslint-parser Completed in 7485ms
8487 http fetch GET 200 https://registry.npmjs.org/fast-glob/-/fast-glob-3.3.2.tgz 6630ms (cache miss)
8488 timing reifyNode:node_modules/graphemer Completed in 7485ms
8489 http fetch GET 200 https://registry.npmjs.org/@babel/plugin-proposal-class-properties/-/plugin-proposal-class-properties-7.18.6.tgz 6443ms (cache miss)
8490 http fetch GET 200 https://registry.npmjs.org/@babel/plugin-proposal-numeric-separator/-/plugin-proposal-numeric-separator-7.18.6.tgz 6445ms (cache miss)
8491 http fetch GET 200 https://registry.npmjs.org/@babel/plugin-proposal-nullish-coalescing-operator/-/plugin-proposal-nullish-coalescing-operator-7.18.6.tgz 6446ms (cache miss)
8492 http fetch GET 200 https://registry.npmjs.org/@babel/plugin-syntax-bigint/-/plugin-syntax-bigint-7.8.3.tgz 6443ms (cache miss)
8493 http fetch GET 200 https://registry.npmjs.org/babel-plugin-jest-hoist/-/babel-plugin-jest-hoist-27.5.1.tgz 6445ms (cache miss)
8494 http fetch GET 200 https://registry.npmjs.org/resolve-from/-/resolve-from-5.0.0.tgz 6448ms (cache miss)
8495 timing reifyNode:node_modules/fast-glob Completed in 7502ms
8496 timing reifyNode:node_modules/@babel/plugin-syntax-bigint Completed in 7498ms
8497 warn deprecated @babel/plugin-proposal-numeric-separator@7.18.6: This proposal has been merged to the ECMAScript standard and thus this plugin is no longer maintained. Please use @babel/plugin-transform-numeric-separator instead.
8498 timing reifyNode:node_modules/@babel/plugin-proposal-numeric-separator Completed in 7498ms
8499 warn deprecated @babel/plugin-proposal-class-properties@7.18.6: This proposal has been merged to the ECMAScript standard and thus this plugin is no longer maintained. Please use @babel/plugin-transform-class-properties instead.
8500 timing reifyNode:node_modules/@babel/plugin-proposal-class-properties Completed in 7499ms
8501 warn deprecated @babel/plugin-proposal-nullish-coalescing-operator@7.18.6: This proposal has been merged to the ECMAScript standard and thus this plugin is no longer maintained. Please use @babel/plugin-transform-nullish-coalescing-operator instead.
8502 timing reifyNode:node_modules/@babel/plugin-proposal-nullish-coalescing-operator Completed in 7500ms
8503 timing reifyNode:node_modules/babel-preset-current-node-syntax Completed in 7502ms
8504 timing reifyNode:node_modules/@babel/plugin-transform-flow-strip-types Completed in 7502ms
8505 warn deprecated @babel/plugin-proposal-optional-chaining@7.21.0: This proposal has been merged to the ECMAScript standard and thus this plugin is no longer maintained. Please use @babel/plugin-transform-optional-chaining instead.
8506 timing reifyNode:node_modules/@babel/plugin-proposal-optional-chaining Completed in 7510ms
8507 timing reifyNode:node_modules/hoopy Completed in 7513ms
8508 http fetch GET 200 https://registry.npmjs.org/yargs/-/yargs-16.2.0.tgz 6719ms (cache miss)
8509 http fetch GET 200 https://registry.npmjs.org/test-exclude/-/test-exclude-6.0.0.tgz 6472ms (cache miss)
8510 timing reifyNode:node_modules/resolve-from Completed in 7524ms
8511 http fetch GET 200 https://registry.npmjs.org/get-package-type/-/get-package-type-0.1.0.tgz 6484ms (cache miss)
8512 timing reifyNode:node_modules/babel-plugin-jest-hoist Completed in 7529ms
8513 timing reifyNode:node_modules/yargs Completed in 7543ms
8514 http fetch GET 200 https://registry.npmjs.org/lodash.debounce/-/lodash.debounce-4.0.8.tgz 6489ms (cache miss)
8515 http fetch GET 200 https://registry.npmjs.org/make-dir/-/make-dir-3.1.0.tgz 6484ms (cache miss)
8516 timing reifyNode:node_modules/@nodelib/fs.walk Completed in 7544ms
8517 timing reifyNode:node_modules/lodash.debounce Completed in 7544ms
8518 http fetch GET 200 https://registry.npmjs.org/@types/yargs-parser/-/yargs-parser-21.0.3.tgz 6496ms (cache miss)
8519 http fetch GET 200 https://registry.npmjs.org/common-tags/-/common-tags-1.8.2.tgz 7143ms (cache miss)
8520 timing reifyNode:node_modules/@types/yargs-parser Completed in 7557ms
8521 http fetch GET 200 https://registry.npmjs.org/autoprefixer/-/autoprefixer-10.4.16.tgz 6877ms (cache miss)
8522 timing reifyNode:node_modules/make-dir Completed in 7560ms
8523 timing reifyNode:node_modules/common-tags Completed in 7599ms
8524 http fetch GET 200 https://registry.npmjs.org/@istanbuljs/schema/-/schema-0.1.3.tgz 6519ms (cache miss)
8525 timing reifyNode:node_modules/autoprefixer Completed in 7601ms
8526 http fetch GET 200 https://registry.npmjs.org/find-cache-dir/-/find-cache-dir-3.3.2.tgz 6524ms (cache miss)
8527 http fetch GET 200 https://registry.npmjs.org/@istanbuljs/load-nyc-config/-/load-nyc-config-1.1.0.tgz 6533ms (cache miss)
8528 timing reifyNode:node_modules/find-cache-dir Completed in 7595ms
8529 timing reifyNode:node_modules/babel-plugin-transform-react-remove-prop-types Completed in 7604ms
8530 http fetch GET 200 https://registry.npmjs.org/rollup/-/rollup-2.79.1.tgz 7188ms (cache miss)
8531 http fetch GET 200 https://registry.npmjs.org/@surma/rollup-plugin-off-main-thread/-/rollup-plugin-off-main-thread-2.2.3.tgz 7196ms (cache miss)
8532 http fetch GET 200 https://registry.npmjs.org/@types/istanbul-lib-report/-/istanbul-lib-report-3.0.3.tgz 6550ms (cache miss)
8533 timing reifyNode:node_modules/test-exclude Completed in 7617ms
8534 timing reifyNode:node_modules/@types/istanbul-lib-report Completed in 7617ms
8535 timing reifyNode:node_modules/rollup Completed in 7655ms
8536 http fetch GET 200 https://registry.npmjs.org/workbox-build/-/workbox-build-6.6.0.tgz 7205ms (cache miss)
8537 timing reifyNode:node_modules/workbox-build Completed in 7656ms
8538 timing reifyNode:node_modules/@surma/rollup-plugin-off-main-thread Completed in 7656ms
8539 timing reifyNode:node_modules/tryer Completed in 8256ms
8540 http fetch GET 200 https://registry.npmjs.org/electron-to-chromium/-/electron-to-chromium-1.4.614.tgz 7240ms (cache miss)
8541 http fetch GET 200 https://registry.npmjs.org/@types/babel__template/-/babel__template-7.4.4.tgz 7206ms (cache miss)
8542 http fetch GET 200 https://registry.npmjs.org/@babel/plugin-proposal-decorators/-/plugin-proposal-decorators-7.23.6.tgz 7226ms (cache miss)
8543 timing reifyNode:node_modules/get-package-type Completed in 8269ms
8544 http fetch GET 200 https://registry.npmjs.org/@types/babel__generator/-/babel__generator-7.6.8.tgz 7228ms (cache miss)
8545 timing reifyNode:node_modules/electron-to-chromium Completed in 8285ms
8546 timing reifyNode:node_modules/@types/babel__template Completed in 8294ms
8547 http fetch GET 200 https://registry.npmjs.org/eslint-plugin-testing-library/-/eslint-plugin-testing-library-5.11.1.tgz 7357ms (cache miss)
8548 http fetch GET 200 https://registry.npmjs.org/workbox-core/-/workbox-core-6.6.0.tgz 7894ms (cache miss)
8549 timing reifyNode:node_modules/@istanbuljs/load-nyc-config Completed in 8297ms
8550 timing reifyNode:node_modules/@babel/plugin-proposal-decorators Completed in 8311ms
8551 timing reifyNode:node_modules/@types/babel__generator Completed in 8313ms
8552 timing reifyNode:node_modules/workbox-core Completed in 8362ms
8553 timing reifyNode:node_modules/@istanbuljs/schema Completed in 8336ms
8554 timing reifyNode:node_modules/eslint-plugin-testing-library Completed in 8342ms
8555 http fetch GET 200 https://registry.npmjs.org/@types/yargs/-/yargs-16.0.9.tgz 7285ms (cache miss)
8556 http fetch GET 200 https://registry.npmjs.org/@types/babel__traverse/-/babel__traverse-7.20.4.tgz 7287ms (cache miss)
8557 http fetch GET 200 https://registry.npmjs.org/@types/istanbul-reports/-/istanbul-reports-3.0.4.tgz 7282ms (cache miss)
8558 http fetch GET 200 https://registry.npmjs.org/jest-util/-/jest-util-27.5.1.tgz 7293ms (cache miss)
8559 http fetch GET 200 https://registry.npmjs.org/write-file-atomic/-/write-file-atomic-3.0.3.tgz 7298ms (cache miss)
8560 timing reifyNode:node_modules/@types/istanbul-reports Completed in 8382ms
8561 http fetch GET 200 https://registry.npmjs.org/postcss-calc/-/postcss-calc-8.2.4.tgz 7385ms (cache miss)
8562 http fetch GET 200 https://registry.npmjs.org/jest-regex-util/-/jest-regex-util-27.5.1.tgz 7329ms (cache miss)
8563 http fetch GET 200 https://registry.npmjs.org/@babel/preset-typescript/-/preset-typescript-7.23.3.tgz 7367ms (cache miss)
8564 http fetch GET 200 https://registry.npmjs.org/pirates/-/pirates-4.0.6.tgz 7352ms (cache miss)
8565 http fetch GET 200 https://registry.npmjs.org/fast-json-stable-stringify/-/fast-json-stable-stringify-2.1.0.tgz 7350ms (cache miss)
8566 timing reifyNode:node_modules/postcss-calc Completed in 8440ms
8567 timing reifyNode:node_modules/jest-regex-util Completed in 8451ms
8568 http fetch GET 200 https://registry.npmjs.org/@types/istanbul-lib-coverage/-/istanbul-lib-coverage-2.0.6.tgz 7392ms (cache miss)
8569 http fetch GET 200 https://registry.npmjs.org/slash/-/slash-3.0.0.tgz 7387ms (cache miss)
8570 http fetch GET 200 https://registry.npmjs.org/@types/babel__core/-/babel__core-7.20.5.tgz 7385ms (cache miss)
8571 http fetch GET 200 https://registry.npmjs.org/babel-preset-jest/-/babel-preset-jest-27.5.1.tgz 7384ms (cache miss)
8572 http fetch GET 200 https://registry.npmjs.org/deepmerge/-/deepmerge-4.3.1.tgz 7382ms (cache miss)
8573 http fetch GET 200 https://registry.npmjs.org/@svgr/babel-plugin-replace-jsx-attribute-value/-/babel-plugin-replace-jsx-attribute-value-5.0.1.tgz 7373ms (cache miss)
8574 timing reifyNode:node_modules/@types/babel__traverse Completed in 8454ms
8575 http fetch GET 200 https://registry.npmjs.org/@svgr/babel-plugin-svg-dynamic-title/-/babel-plugin-svg-dynamic-title-5.4.0.tgz 7375ms (cache miss)
8576 http fetch GET 200 https://registry.npmjs.org/@jest/types/-/types-27.5.1.tgz 7385ms (cache miss)
8577 http fetch GET 200 https://registry.npmjs.org/@svgr/babel-plugin-remove-jsx-attribute/-/babel-plugin-remove-jsx-attribute-5.4.0.tgz 7373ms (cache miss)
8578 http fetch GET 200 https://registry.npmjs.org/@svgr/babel-plugin-remove-jsx-empty-expression/-/babel-plugin-remove-jsx-empty-expression-5.0.1.tgz 7374ms (cache miss)
8579 http fetch GET 200 https://registry.npmjs.org/@svgr/babel-plugin-svg-em-dimensions/-/babel-plugin-svg-em-dimensions-5.4.0.tgz 7384ms (cache miss)
8580 http fetch GET 200 https://registry.npmjs.org/@svgr/babel-plugin-transform-react-native-svg/-/babel-plugin-transform-react-native-svg-5.4.0.tgz 7383ms (cache miss)
8581 http fetch GET 200 https://registry.npmjs.org/@svgr/babel-plugin-transform-svg-component/-/babel-plugin-transform-svg-component-5.5.0.tgz 7376ms (cache miss)
8582 http fetch GET 200 https://registry.npmjs.org/@jest/transform/-/transform-27.5.1.tgz 7385ms (cache miss)
8583 http fetch GET 200 https://registry.npmjs.org/micromatch/-/micromatch-4.0.5.tgz 7391ms (cache miss)
8584 http fetch GET 200 https://registry.npmjs.org/@svgr/hast-util-to-babel-ast/-/hast-util-to-babel-ast-5.5.0.tgz 7374ms (cache miss)
8585 http fetch GET 200 https://registry.npmjs.org/@babel/plugin-syntax-jsx/-/plugin-syntax-jsx-7.23.3.tgz 7371ms (cache miss)
8586 http fetch GET 200 https://registry.npmjs.org/svg-parser/-/svg-parser-2.0.4.tgz 7374ms (cache miss)
8587 http fetch GET 200 https://registry.npmjs.org/esutils/-/esutils-2.0.3.tgz 7367ms (cache miss)
8588 http fetch GET 200 https://registry.npmjs.org/@babel/plugin-transform-react-pure-annotations/-/plugin-transform-react-pure-annotations-7.23.3.tgz 7370ms (cache miss)
8589 http fetch GET 200 https://registry.npmjs.org/@babel/helper-builder-binary-assignment-operator-visitor/-/helper-builder-binary-assignment-operator-visitor-7.22.15.tgz 7369ms (cache miss)
8590 http fetch GET 200 https://registry.npmjs.org/@babel/plugin-transform-react-display-name/-/plugin-transform-react-display-name-7.23.3.tgz 7368ms (cache miss)
8591 http fetch GET 200 https://registry.npmjs.org/@babel/plugin-transform-react-jsx-development/-/plugin-transform-react-jsx-development-7.22.5.tgz 7371ms (cache miss)
8592 http fetch GET 200 https://registry.npmjs.org/@babel/helper-replace-supers/-/helper-replace-supers-7.22.20.tgz 7363ms (cache miss)
8593 http fetch GET 200 https://registry.npmjs.org/@svgr/babel-plugin-add-jsx-attribute/-/babel-plugin-add-jsx-attribute-5.4.0.tgz 7374ms (cache miss)
8594 http fetch GET 200 https://registry.npmjs.org/@babel/helper-skip-transparent-expression-wrappers/-/helper-skip-transparent-expression-wrappers-7.22.5.tgz 7362ms (cache miss)
8595 http fetch GET 200 https://registry.npmjs.org/@babel/helper-wrap-function/-/helper-wrap-function-7.22.20.tgz 7366ms (cache miss)
8596 http fetch GET 200 https://registry.npmjs.org/@babel/helper-member-expression-to-functions/-/helper-member-expression-to-functions-7.23.0.tgz 7364ms (cache miss)
8597 http fetch GET 200 https://registry.npmjs.org/@svgr/babel-preset/-/babel-preset-5.5.0.tgz 7375ms (cache miss)
8598 http fetch GET 200 https://registry.npmjs.org/@babel/helper-annotate-as-pure/-/helper-annotate-as-pure-7.22.5.tgz 7362ms (cache miss)
8599 http fetch GET 200 https://registry.npmjs.org/babel-plugin-polyfill-regenerator/-/babel-plugin-polyfill-regenerator-0.5.4.tgz 7352ms (cache miss)
8600 http fetch GET 200 https://registry.npmjs.org/@babel/helper-remap-async-to-generator/-/helper-remap-async-to-generator-7.22.20.tgz 7367ms (cache miss)
8601 http fetch GET 200 https://registry.npmjs.org/@babel/plugin-transform-unicode-sets-regex/-/plugin-transform-unicode-sets-regex-7.23.3.tgz 7360ms (cache miss)
8602 http fetch GET 200 https://registry.npmjs.org/@babel/helper-create-regexp-features-plugin/-/helper-create-regexp-features-plugin-7.22.15.tgz 7362ms (cache miss)
8603 http fetch GET 200 https://registry.npmjs.org/@ungap/structured-clone/-/structured-clone-1.2.0.tgz 7491ms (cache miss)
8604 http fetch GET 200 https://registry.npmjs.org/@babel/plugin-transform-unicode-regex/-/plugin-transform-unicode-regex-7.23.3.tgz 7351ms (cache miss)
8605 http fetch GET 200 https://registry.npmjs.org/@babel/preset-modules/-/preset-modules-0.1.6-no-external-plugins.tgz 7352ms (cache miss)
8606 http fetch GET 200 https://registry.npmjs.org/@babel/plugin-transform-unicode-escapes/-/plugin-transform-unicode-escapes-7.23.3.tgz 7350ms (cache miss)
8607 http fetch GET 200 https://registry.npmjs.org/@babel/plugin-transform-typeof-symbol/-/plugin-transform-typeof-symbol-7.23.3.tgz 7349ms (cache miss)
8608 http fetch GET 200 https://registry.npmjs.org/@babel/plugin-transform-template-literals/-/plugin-transform-template-literals-7.23.3.tgz 7348ms (cache miss)
8609 http fetch GET 200 https://registry.npmjs.org/@babel/plugin-transform-unicode-property-regex/-/plugin-transform-unicode-property-regex-7.23.3.tgz 7352ms (cache miss)
8610 http fetch GET 200 https://registry.npmjs.org/@babel/plugin-transform-reserved-words/-/plugin-transform-reserved-words-7.23.3.tgz 7347ms (cache miss)
8611 http fetch GET 200 https://registry.npmjs.org/@babel/plugin-transform-shorthand-properties/-/plugin-transform-shorthand-properties-7.23.3.tgz 7346ms (cache miss)
8612 http fetch GET 200 https://registry.npmjs.org/regexpu-core/-/regexpu-core-5.3.2.tgz 7364ms (cache miss)
8613 http fetch GET 200 https://registry.npmjs.org/@babel/plugin-transform-sticky-regex/-/plugin-transform-sticky-regex-7.23.3.tgz 7348ms (cache miss)
8614 http fetch GET 200 https://registry.npmjs.org/@babel/plugin-transform-object-super/-/plugin-transform-object-super-7.23.3.tgz 7340ms (cache miss)
8615 http fetch GET 200 https://registry.npmjs.org/@babel/plugin-transform-numeric-separator/-/plugin-transform-numeric-separator-7.23.4.tgz 7340ms (cache miss)
8616 http fetch GET 200 https://registry.npmjs.org/@babel/plugin-transform-optional-catch-binding/-/plugin-transform-optional-catch-binding-7.23.4.tgz 7342ms (cache miss)
8617 http fetch GET 200 https://registry.npmjs.org/@babel/plugin-transform-property-literals/-/plugin-transform-property-literals-7.23.3.tgz 7346ms (cache miss)
8618 http fetch GET 200 https://registry.npmjs.org/@babel/plugin-transform-optional-chaining/-/plugin-transform-optional-chaining-7.23.4.tgz 7340ms (cache miss)
8619 http fetch GET 200 https://registry.npmjs.org/@babel/plugin-transform-private-methods/-/plugin-transform-private-methods-7.23.3.tgz 7344ms (cache miss)
8620 http fetch GET 200 https://registry.npmjs.org/@babel/plugin-transform-new-target/-/plugin-transform-new-target-7.23.3.tgz 7338ms (cache miss)
8621 http fetch GET 200 https://registry.npmjs.org/@babel/plugin-transform-nullish-coalescing-operator/-/plugin-transform-nullish-coalescing-operator-7.23.4.tgz 7341ms (cache miss)
8622 http fetch GET 200 https://registry.npmjs.org/@babel/plugin-transform-named-capturing-groups-regex/-/plugin-transform-named-capturing-groups-regex-7.22.5.tgz 7337ms (cache miss)
8623 http fetch GET 200 https://registry.npmjs.org/@babel/plugin-transform-member-expression-literals/-/plugin-transform-member-expression-literals-7.23.3.tgz 7334ms (cache miss)
8624 http fetch GET 200 https://registry.npmjs.org/@babel/plugin-transform-modules-commonjs/-/plugin-transform-modules-commonjs-7.23.3.tgz 7338ms (cache miss)
8625 http fetch GET 200 https://registry.npmjs.org/@babel/plugin-transform-modules-umd/-/plugin-transform-modules-umd-7.23.3.tgz 7337ms (cache miss)
8626 http fetch GET 200 https://registry.npmjs.org/@babel/plugin-transform-modules-amd/-/plugin-transform-modules-amd-7.23.3.tgz 7336ms (cache miss)
8627 http fetch GET 200 https://registry.npmjs.org/@babel/plugin-transform-modules-systemjs/-/plugin-transform-modules-systemjs-7.23.3.tgz 7339ms (cache miss)
8628 http fetch GET 200 https://registry.npmjs.org/@babel/plugin-transform-export-namespace-from/-/plugin-transform-export-namespace-from-7.23.4.tgz 7324ms (cache miss)
8629 http fetch GET 200 https://registry.npmjs.org/@babel/plugin-transform-literals/-/plugin-transform-literals-7.23.3.tgz 7326ms (cache miss)
8630 http fetch GET 200 https://registry.npmjs.org/@babel/plugin-transform-json-strings/-/plugin-transform-json-strings-7.23.4.tgz 7334ms (cache miss)
8631 http fetch GET 200 https://registry.npmjs.org/@babel/plugin-transform-exponentiation-operator/-/plugin-transform-exponentiation-operator-7.23.3.tgz 7322ms (cache miss)
8632 http fetch GET 200 https://registry.npmjs.org/@babel/plugin-transform-dynamic-import/-/plugin-transform-dynamic-import-7.23.4.tgz 7322ms (cache miss)
8633 http fetch GET 200 https://registry.npmjs.org/@babel/plugin-transform-function-name/-/plugin-transform-function-name-7.23.3.tgz 7325ms (cache miss)
8634 http fetch GET 200 https://registry.npmjs.org/@babel/plugin-transform-logical-assignment-operators/-/plugin-transform-logical-assignment-operators-7.23.4.tgz 7326ms (cache miss)
8635 http fetch GET 200 https://registry.npmjs.org/@babel/plugin-transform-computed-properties/-/plugin-transform-computed-properties-7.23.3.tgz 7321ms (cache miss)
8636 http fetch GET 200 https://registry.npmjs.org/@babel/plugin-transform-for-of/-/plugin-transform-for-of-7.23.6.tgz 7324ms (cache miss)
8637 http fetch GET 200 https://registry.npmjs.org/@babel/plugin-transform-dotall-regex/-/plugin-transform-dotall-regex-7.23.3.tgz 7323ms (cache miss)
8638 http fetch GET 200 https://registry.npmjs.org/@babel/plugin-transform-block-scoped-functions/-/plugin-transform-block-scoped-functions-7.23.3.tgz 7320ms (cache miss)
8639 http fetch GET 200 https://registry.npmjs.org/@babel/plugin-transform-async-to-generator/-/plugin-transform-async-to-generator-7.23.3.tgz 7317ms (cache miss)
8640 http fetch GET 200 https://registry.npmjs.org/@babel/plugin-transform-arrow-functions/-/plugin-transform-arrow-functions-7.23.3.tgz 7318ms (cache miss)
8641 http fetch GET 200 https://registry.npmjs.org/@babel/plugin-syntax-numeric-separator/-/plugin-syntax-numeric-separator-7.10.4.tgz 7314ms (cache miss)
8642 http fetch GET 200 https://registry.npmjs.org/@babel/plugin-syntax-private-property-in-object/-/plugin-syntax-private-property-in-object-7.14.5.tgz 7316ms (cache miss)
8643 http fetch GET 200 https://registry.npmjs.org/@babel/plugin-transform-class-static-block/-/plugin-transform-class-static-block-7.23.4.tgz 7321ms (cache miss)
8644 http fetch GET 200 https://registry.npmjs.org/@babel/plugin-syntax-optional-chaining/-/plugin-syntax-optional-chaining-7.8.3.tgz 7315ms (cache miss)
8645 http fetch GET 200 https://registry.npmjs.org/@babel/plugin-syntax-top-level-await/-/plugin-syntax-top-level-await-7.14.5.tgz 7318ms (cache miss)
8646 http fetch GET 200 https://registry.npmjs.org/@babel/plugin-syntax-optional-catch-binding/-/plugin-syntax-optional-catch-binding-7.8.3.tgz 7317ms (cache miss)
8647 http fetch GET 200 https://registry.npmjs.org/@babel/plugin-syntax-unicode-sets-regex/-/plugin-syntax-unicode-sets-regex-7.18.6.tgz 7316ms (cache miss)
8648 http fetch GET 200 https://registry.npmjs.org/@babel/plugin-transform-async-generator-functions/-/plugin-transform-async-generator-functions-7.23.4.tgz 7319ms (cache miss)
8649 http fetch GET 200 https://registry.npmjs.org/@babel/plugin-syntax-object-rest-spread/-/plugin-syntax-object-rest-spread-7.8.3.tgz 7314ms (cache miss)
8650 http fetch GET 200 https://registry.npmjs.org/@babel/plugin-syntax-logical-assignment-operators/-/plugin-syntax-logical-assignment-operators-7.10.4.tgz 7313ms (cache miss)
8651 http fetch GET 200 https://registry.npmjs.org/@babel/plugin-syntax-json-strings/-/plugin-syntax-json-strings-7.8.3.tgz 7313ms (cache miss)
8652 http fetch GET 200 https://registry.npmjs.org/@babel/plugin-syntax-nullish-coalescing-operator/-/plugin-syntax-nullish-coalescing-operator-7.8.3.tgz 7314ms (cache miss)
8653 http fetch GET 200 https://registry.npmjs.org/@babel/plugin-syntax-import-meta/-/plugin-syntax-import-meta-7.10.4.tgz 7311ms (cache miss)
8654 http fetch GET 200 https://registry.npmjs.org/@babel/plugin-syntax-import-attributes/-/plugin-syntax-import-attributes-7.23.3.tgz 7313ms (cache miss)
8655 timing reifyNode:node_modules/write-file-atomic Completed in 8473ms
8656 http fetch GET 200 https://registry.npmjs.org/babel-plugin-istanbul/-/babel-plugin-istanbul-6.1.1.tgz 7407ms (cache miss)
8657 http fetch GET 200 https://registry.npmjs.org/@babel/helper-optimise-call-expression/-/helper-optimise-call-expression-7.22.5.tgz 7384ms (cache miss)
8658 http fetch GET 200 https://registry.npmjs.org/@babel/plugin-transform-regenerator/-/plugin-transform-regenerator-7.23.3.tgz 7360ms (cache miss)
8659 http fetch GET 200 https://registry.npmjs.org/@babel/plugin-transform-spread/-/plugin-transform-spread-7.23.3.tgz 7362ms (cache miss)
8660 http fetch GET 200 https://registry.npmjs.org/@babel/plugin-transform-duplicate-keys/-/plugin-transform-duplicate-keys-7.23.3.tgz 7334ms (cache miss)
8661 timing reifyNode:node_modules/@types/istanbul-lib-coverage Completed in 8482ms
8662 timing reifyNode:node_modules/babel-preset-jest Completed in 8482ms
8663 http fetch GET 200 https://registry.npmjs.org/@babel/plugin-syntax-class-static-block/-/plugin-syntax-class-static-block-7.14.5.tgz 7329ms (cache miss)
8664 http fetch GET 200 https://registry.npmjs.org/@babel/plugin-syntax-import-assertions/-/plugin-syntax-import-assertions-7.23.3.tgz 7339ms (cache miss)
8665 http fetch GET 200 https://registry.npmjs.org/@babel/plugin-syntax-class-properties/-/plugin-syntax-class-properties-7.12.13.tgz 7338ms (cache miss)
8666 timing reifyNode:node_modules/@babel/plugin-syntax-object-rest-spread Completed in 8499ms
8667 timing reifyNode:node_modules/@babel/plugin-syntax-numeric-separator Completed in 8500ms
8668 timing reifyNode:node_modules/@babel/plugin-syntax-optional-chaining Completed in 8500ms
8669 timing reifyNode:node_modules/@babel/plugin-syntax-json-strings Completed in 8500ms
8670 timing reifyNode:node_modules/@babel/plugin-syntax-optional-catch-binding Completed in 8500ms
8671 timing reifyNode:node_modules/@babel/plugin-syntax-private-property-in-object Completed in 8500ms
8672 timing reifyNode:node_modules/@babel/plugin-syntax-logical-assignment-operators Completed in 8500ms
8673 timing reifyNode:node_modules/@babel/plugin-syntax-top-level-await Completed in 8500ms
8674 timing reifyNode:node_modules/@babel/plugin-syntax-unicode-sets-regex Completed in 8501ms
8675 timing reifyNode:node_modules/@babel/plugin-syntax-import-meta Completed in 8501ms
8676 timing reifyNode:node_modules/@babel/plugin-syntax-nullish-coalescing-operator Completed in 8502ms
8677 timing reifyNode:node_modules/@types/babel__core Completed in 8510ms
8678 http fetch GET 200 https://registry.npmjs.org/@babel/plugin-syntax-async-generators/-/plugin-syntax-async-generators-7.8.4.tgz 7348ms (cache miss)
8679 http fetch GET 200 https://registry.npmjs.org/istanbul-lib-instrument/-/istanbul-lib-instrument-5.2.1.tgz 7469ms (cache miss)
8680 http fetch GET 200 https://registry.npmjs.org/@babel/plugin-bugfix-v8-spread-parameters-in-optional-chaining/-/plugin-bugfix-v8-spread-parameters-in-optional-chaining-7.23.3.tgz 7349ms (cache miss)
8681 timing reifyNode:node_modules/micromatch Completed in 8514ms
8682 http fetch GET 200 https://registry.npmjs.org/@babel/plugin-proposal-private-property-in-object/-/plugin-proposal-private-property-in-object-7.21.0-placeholder-for-preset-env.2.tgz 7350ms (cache miss)
8683 http fetch GET 200 https://registry.npmjs.org/@babel/plugin-syntax-export-namespace-from/-/plugin-syntax-export-namespace-from-7.8.3.tgz 7354ms (cache miss)
8684 timing reifyNode:node_modules/@babel/preset-typescript Completed in 8522ms
8685 http fetch GET 200 https://registry.npmjs.org/@babel/plugin-syntax-dynamic-import/-/plugin-syntax-dynamic-import-7.8.3.tgz 7362ms (cache miss)
8686 timing reifyNode:node_modules/@babel/plugin-syntax-class-static-block Completed in 8521ms
8687 timing reifyNode:node_modules/pirates Completed in 8528ms
8688 timing reifyNode:node_modules/slash Completed in 8529ms
8689 timing reifyNode:node_modules/@types/yargs Completed in 8530ms
8690 http fetch GET 200 https://registry.npmjs.org/@babel/plugin-bugfix-v8-static-class-fields-redefine-readonly/-/plugin-bugfix-v8-static-class-fields-redefine-readonly-7.23.3.tgz 7365ms (cache miss)
8691 http fetch GET 200 https://registry.npmjs.org/@babel/helper-plugin-utils/-/helper-plugin-utils-7.22.5.tgz 7366ms (cache miss)
8692 timing reifyNode:node_modules/@babel/plugin-syntax-class-properties Completed in 8528ms
8693 timing reifyNode:node_modules/@svgr/babel-plugin-svg-dynamic-title Completed in 8541ms
8694 timing reifyNode:node_modules/@svgr/babel-plugin-replace-jsx-attribute-value Completed in 8542ms
8695 timing reifyNode:node_modules/@svgr/babel-plugin-svg-em-dimensions Completed in 8543ms
8696 timing reifyNode:node_modules/@svgr/babel-plugin-remove-jsx-attribute Completed in 8544ms
8697 timing reifyNode:node_modules/@babel/plugin-syntax-async-generators Completed in 8541ms
8698 timing reifyNode:node_modules/@svgr/babel-plugin-remove-jsx-empty-expression Completed in 8544ms
8699 timing reifyNode:node_modules/@svgr/babel-plugin-transform-react-native-svg Completed in 8544ms
8700 timing reifyNode:node_modules/@babel/plugin-syntax-jsx Completed in 8544ms
8701 timing reifyNode:node_modules/@babel/plugin-transform-react-pure-annotations Completed in 8544ms
8702 timing reifyNode:node_modules/@babel/plugin-transform-react-display-name Completed in 8545ms
8703 timing reifyNode:node_modules/@babel/helper-optimise-call-expression Completed in 8545ms
8704 timing reifyNode:node_modules/@babel/plugin-transform-react-jsx-development Completed in 8546ms
8705 timing reifyNode:node_modules/istanbul-lib-instrument Completed in 8549ms
8706 timing reifyNode:node_modules/@svgr/babel-plugin-add-jsx-attribute Completed in 8548ms
8707 timing reifyNode:node_modules/@babel/helper-skip-transparent-expression-wrappers Completed in 8548ms
8708 timing reifyNode:node_modules/@babel/helper-remap-async-to-generator Completed in 8548ms
8709 timing reifyNode:node_modules/@svgr/babel-preset Completed in 8548ms
8710 timing reifyNode:node_modules/@babel/helper-annotate-as-pure Completed in 8549ms
8711 timing reifyNode:node_modules/@babel/plugin-transform-unicode-sets-regex Completed in 8549ms
8712 timing reifyNode:node_modules/@babel/plugin-transform-unicode-escapes Completed in 8549ms
8713 timing reifyNode:node_modules/@babel/plugin-transform-unicode-regex Completed in 8550ms
8714 timing reifyNode:node_modules/@babel/plugin-transform-unicode-property-regex Completed in 8550ms
8715 timing reifyNode:node_modules/@babel/plugin-transform-reserved-words Completed in 8549ms
8716 timing reifyNode:node_modules/@babel/plugin-transform-sticky-regex Completed in 8549ms
8717 timing reifyNode:node_modules/@babel/plugin-transform-typeof-symbol Completed in 8550ms
8718 timing reifyNode:node_modules/@babel/plugin-transform-regenerator Completed in 8550ms
8719 timing reifyNode:node_modules/@babel/plugin-transform-property-literals Completed in 8550ms
8720 timing reifyNode:node_modules/@babel/plugin-transform-shorthand-properties Completed in 8550ms
8721 timing reifyNode:node_modules/@babel/plugin-transform-object-super Completed in 8550ms
8722 timing reifyNode:node_modules/@babel/plugin-transform-optional-catch-binding Completed in 8551ms
8723 timing reifyNode:node_modules/@babel/plugin-transform-private-methods Completed in 8551ms
8724 timing reifyNode:node_modules/@babel/plugin-transform-numeric-separator Completed in 8551ms
8725 timing reifyNode:node_modules/@babel/plugin-transform-nullish-coalescing-operator Completed in 8551ms
8726 timing reifyNode:node_modules/@babel/plugin-transform-new-target Completed in 8552ms
8727 timing reifyNode:node_modules/@babel/plugin-transform-named-capturing-groups-regex Completed in 8552ms
8728 timing reifyNode:node_modules/@babel/plugin-transform-literals Completed in 8553ms
8729 timing reifyNode:node_modules/@babel/plugin-transform-dynamic-import Completed in 8553ms
8730 timing reifyNode:node_modules/@babel/plugin-transform-member-expression-literals Completed in 8553ms
8731 timing reifyNode:node_modules/@babel/plugin-syntax-export-namespace-from Completed in 8552ms
8732 timing reifyNode:node_modules/@babel/plugin-transform-export-namespace-from Completed in 8553ms
8733 timing reifyNode:node_modules/@babel/plugin-transform-json-strings Completed in 8553ms
8734 timing reifyNode:node_modules/@babel/plugin-transform-function-name Completed in 8553ms
8735 timing reifyNode:node_modules/@babel/plugin-transform-logical-assignment-operators Completed in 8553ms
8736 timing reifyNode:node_modules/@babel/plugin-transform-class-static-block Completed in 8554ms
8737 timing reifyNode:node_modules/@babel/plugin-transform-dotall-regex Completed in 8554ms
8738 timing reifyNode:node_modules/@babel/plugin-transform-block-scoped-functions Completed in 8553ms
8739 timing reifyNode:node_modules/@babel/plugin-transform-exponentiation-operator Completed in 8554ms
8740 timing reifyNode:node_modules/@babel/plugin-transform-duplicate-keys Completed in 8554ms
8741 timing reifyNode:node_modules/@babel/plugin-transform-async-to-generator Completed in 8553ms
8742 timing reifyNode:node_modules/@babel/plugin-transform-arrow-functions Completed in 8553ms
8743 timing reifyNode:node_modules/@babel/plugin-syntax-import-attributes Completed in 8554ms
8744 timing reifyNode:node_modules/@babel/plugin-syntax-dynamic-import Completed in 8559ms
8745 timing reifyNode:node_modules/@babel/helper-wrap-function Completed in 8561ms
8746 timing reifyNode:node_modules/@babel/plugin-transform-template-literals Completed in 8565ms
8747 timing reifyNode:node_modules/@babel/plugin-transform-spread Completed in 8564ms
8748 timing reifyNode:node_modules/@babel/plugin-transform-modules-amd Completed in 8565ms
8749 timing reifyNode:node_modules/@babel/plugin-transform-modules-umd Completed in 8566ms
8750 timing reifyNode:node_modules/@babel/plugin-transform-computed-properties Completed in 8566ms
8751 http fetch GET 200 https://registry.npmjs.org/@babel/plugin-transform-private-property-in-object/-/plugin-transform-private-property-in-object-7.23.4.tgz 7452ms (cache miss)
8752 http fetch GET 200 https://registry.npmjs.org/@babel/plugin-bugfix-safari-id-destructuring-collision-in-function-expression/-/plugin-bugfix-safari-id-destructuring-collision-in-function-expression-7.23.3.tgz 7404ms (cache miss)
8753 timing reifyNode:node_modules/@babel/helper-replace-supers Completed in 8571ms
8754 timing reifyNode:node_modules/@babel/helper-member-expression-to-functions Completed in 8571ms
8755 http fetch GET 200 https://registry.npmjs.org/@babel/plugin-transform-react-constant-elements/-/plugin-transform-react-constant-elements-7.23.3.tgz 7409ms (cache miss)
8756 http fetch GET 200 https://registry.npmjs.org/@babel/preset-react/-/preset-react-7.23.3.tgz 7410ms (cache miss)
8757 timing reifyNode:node_modules/@babel/plugin-transform-optional-chaining Completed in 8577ms
8758 http fetch GET 200 https://registry.npmjs.org/@svgr/plugin-svgo/-/plugin-svgo-5.5.0.tgz 7414ms (cache miss)
8759 http fetch GET 200 https://registry.npmjs.org/@svgr/plugin-jsx/-/plugin-jsx-5.5.0.tgz 7413ms (cache miss)
8760 http fetch GET 200 https://registry.npmjs.org/@babel/plugin-transform-destructuring/-/plugin-transform-destructuring-7.23.3.tgz 7436ms (cache miss)
8761 http fetch GET 200 https://registry.npmjs.org/uri-js/-/uri-js-4.4.1.tgz 7636ms (cache miss)
8762 timing reifyNode:node_modules/@babel/plugin-syntax-import-assertions Completed in 8585ms
8763 timing reifyNode:node_modules/@babel/plugin-bugfix-v8-spread-parameters-in-optional-chaining Completed in 8589ms
8764 timing reifyNode:node_modules/@babel/plugin-transform-modules-systemjs Completed in 8595ms
8765 timing reifyNode:node_modules/babel-plugin-istanbul Completed in 8599ms
8766 timing reifyNode:node_modules/@svgr/babel-plugin-transform-svg-component Completed in 8600ms
8767 http fetch GET 200 https://registry.npmjs.org/@svgr/core/-/core-5.5.0.tgz 7433ms (cache miss)
8768 timing reifyNode:node_modules/@babel/helper-plugin-utils Completed in 8598ms
8769 timing reifyNode:node_modules/babel-plugin-polyfill-regenerator Completed in 8601ms
8770 timing reifyNode:node_modules/@babel/plugin-proposal-private-property-in-object Completed in 8600ms
8771 http fetch GET 200 https://registry.npmjs.org/@babel/plugin-transform-class-properties/-/plugin-transform-class-properties-7.23.3.tgz 7458ms (cache miss)
8772 timing reifyNode:node_modules/@babel/plugin-transform-destructuring Completed in 8602ms
8773 timing reifyNode:node_modules/uri-js Completed in 8612ms
8774 http fetch GET 200 https://registry.npmjs.org/find-up/-/find-up-5.0.0.tgz 7437ms (cache miss)
8775 timing reifyNode:node_modules/@babel/plugin-bugfix-v8-static-class-fields-redefine-readonly Completed in 8605ms
8776 http fetch GET 200 https://registry.npmjs.org/error-stack-parser/-/error-stack-parser-2.1.4.tgz 7440ms (cache miss)
8777 timing reifyNode:node_modules/regexpu-core Completed in 8615ms
8778 http fetch GET 200 https://registry.npmjs.org/common-path-prefix/-/common-path-prefix-3.0.0.tgz 7443ms (cache miss)
8779 timing reifyNode:node_modules/@babel/plugin-transform-async-generator-functions Completed in 8618ms
8780 timing reifyNode:node_modules/@babel/plugin-bugfix-safari-id-destructuring-collision-in-function-expression Completed in 8619ms
8781 timing reifyNode:node_modules/@babel/helper-builder-binary-assignment-operator-visitor Completed in 8622ms
8782 http fetch GET 200 https://registry.npmjs.org/@jridgewell/resolve-uri/-/resolve-uri-3.1.1.tgz 7452ms (cache miss)
8783 timing reifyNode:node_modules/@babel/preset-react Completed in 8622ms
8784 timing reifyNode:node_modules/@svgr/plugin-jsx Completed in 8623ms
8785 timing reifyNode:node_modules/@babel/plugin-transform-private-property-in-object Completed in 8627ms
8786 http fetch GET 200 https://registry.npmjs.org/@jridgewell/set-array/-/set-array-1.1.2.tgz 7459ms (cache miss)
8787 http fetch GET 200 https://registry.npmjs.org/@eslint/eslintrc/-/eslintrc-2.1.4.tgz 7656ms (cache miss)
8788 http fetch GET 200 https://registry.npmjs.org/@babel/helper-string-parser/-/helper-string-parser-7.23.4.tgz 7458ms (cache miss)
8789 http fetch GET 200 https://registry.npmjs.org/ansi-html-community/-/ansi-html-community-0.0.8.tgz 7458ms (cache miss)
8790 timing reifyNode:node_modules/@babel/plugin-transform-react-constant-elements Completed in 8630ms
8791 http fetch GET 200 https://registry.npmjs.org/@babel/helper-function-name/-/helper-function-name-7.23.0.tgz 7458ms (cache miss)
8792 timing reifyNode:node_modules/svg-parser Completed in 8638ms
8793 timing reifyNode:node_modules/esutils Completed in 8638ms
8794 http fetch GET 200 https://registry.npmjs.org/loader-utils/-/loader-utils-2.0.4.tgz 7469ms (cache miss)
8795 timing reifyNode:node_modules/@babel/plugin-transform-for-of Completed in 8638ms
8796 http fetch GET 200 https://registry.npmjs.org/globals/-/globals-11.12.0.tgz 7461ms (cache miss)
8797 timing reifyNode:node_modules/@babel/plugin-transform-runtime Completed in 8644ms
8798 http fetch GET 200 https://registry.npmjs.org/jest-worker/-/jest-worker-27.5.1.tgz 7637ms (cache miss)
8799 timing reifyNode:node_modules/find-up Completed in 8640ms
8800 timing reifyNode:node_modules/@babel/plugin-transform-class-properties Completed in 8647ms
8801 http fetch GET 200 https://registry.npmjs.org/@jridgewell/sourcemap-codec/-/sourcemap-codec-1.4.15.tgz 7475ms (cache miss)
8802 http fetch GET 200 https://registry.npmjs.org/to-fast-properties/-/to-fast-properties-2.0.0.tgz 7469ms (cache miss)
8803 timing reifyNode:node_modules/@eslint/eslintrc Completed in 8658ms
8804 timing reifyNode:node_modules/@svgr/plugin-svgo Completed in 8656ms
8805 timing reifyNode:node_modules/common-path-prefix Completed in 8655ms
8806 http fetch GET 200 https://registry.npmjs.org/@babel/helper-hoist-variables/-/helper-hoist-variables-7.22.5.tgz 7480ms (cache miss)
8807 http fetch GET 200 https://registry.npmjs.org/terser/-/terser-5.26.0.tgz 7822ms (cache miss)
8808 timing reifyNode:node_modules/to-fast-properties Completed in 8663ms
8809 http fetch GET 200 https://registry.npmjs.org/@babel/helper-validator-option/-/helper-validator-option-7.23.5.tgz 7486ms (cache miss)
8810 timing reifyNode:node_modules/jest-worker Completed in 8672ms
8811 http fetch GET 200 https://registry.npmjs.org/@babel/helper-simple-access/-/helper-simple-access-7.22.5.tgz 7490ms (cache miss)
8812 timing reifyNode:node_modules/terser Completed in 8687ms
8813 http fetch GET 200 https://registry.npmjs.org/@babel/helper-environment-visitor/-/helper-environment-visitor-7.22.20.tgz 7493ms (cache miss)
8814 http fetch GET 200 https://registry.npmjs.org/lru-cache/-/lru-cache-5.1.1.tgz 7492ms (cache miss)
8815 http fetch GET 200 https://registry.npmjs.org/@babel/compat-data/-/compat-data-7.23.5.tgz 7492ms (cache miss)
8816 timing reifyNode:node_modules/@babel/helper-create-regexp-features-plugin Completed in 8677ms
8817 timing reifyNode:node_modules/ansi-html-community Completed in 8679ms
8818 http fetch GET 200 https://registry.npmjs.org/@babel/helper-split-export-declaration/-/helper-split-export-declaration-7.22.6.tgz 7499ms (cache miss)
8819 http fetch GET 200 https://registry.npmjs.org/@babel/plugin-transform-react-jsx/-/plugin-transform-react-jsx-7.23.4.tgz 7599ms (cache miss)
8820 timing reifyNode:node_modules/@babel/helper-function-name Completed in 8682ms
8821 timing reifyNode:node_modules/lru-cache Completed in 8683ms
8822 http fetch GET 200 https://registry.npmjs.org/jsesc/-/jsesc-2.5.2.tgz 7504ms (cache miss)
8823 timing reifyNode:node_modules/@babel/helper-string-parser Completed in 8684ms
8824 http fetch GET 200 https://registry.npmjs.org/chalk/-/chalk-2.4.2.tgz 7502ms (cache miss)
8825 http fetch GET 200 https://registry.npmjs.org/@babel/highlight/-/highlight-7.23.4.tgz 7504ms (cache miss)
8826 http fetch GET 200 https://registry.npmjs.org/babel-plugin-polyfill-corejs2/-/babel-plugin-polyfill-corejs2-0.4.7.tgz 7591ms (cache miss)
8827 http fetch GET 200 https://registry.npmjs.org/@babel/plugin-transform-classes/-/plugin-transform-classes-7.23.5.tgz 7546ms (cache miss)
8828 timing reifyNode:node_modules/globals Completed in 8688ms
8829 timing reifyNode:node_modules/postcss-ordered-values Completed in 8700ms
8830 timing reifyNode:node_modules/@babel/helper-hoist-variables Completed in 8692ms
8831 timing reifyNode:node_modules/@babel/plugin-transform-react-jsx Completed in 8699ms
8832 http fetch GET 200 https://registry.npmjs.org/@babel/helper-module-imports/-/helper-module-imports-7.22.15.tgz 7522ms (cache miss)
8833 timing reifyNode:node_modules/babel-plugin-polyfill-corejs2 Completed in 8705ms
8834 timing reifyNode:node_modules/@babel/plugin-transform-classes Completed in 8707ms
8835 http fetch GET 200 https://registry.npmjs.org/@babel/plugin-transform-typescript/-/plugin-transform-typescript-7.23.6.tgz 7680ms (cache miss)
8836 timing reifyNode:node_modules/@babel/plugin-transform-typescript Completed in 8712ms
8837 timing reifyNode:node_modules/@babel/helper-simple-access Completed in 8706ms
8838 timing reifyNode:node_modules/@babel/helper-environment-visitor Completed in 8711ms
8839 http fetch GET 200 https://registry.npmjs.org/gensync/-/gensync-1.0.0-beta.2.tgz 7529ms (cache miss)
8840 timing reifyNode:node_modules/@babel/helper-split-export-declaration Completed in 8715ms
8841 timing reifyNode:node_modules/deepmerge Completed in 8726ms
8842 timing reifyNode:node_modules/@babel/plugin-transform-modules-commonjs Completed in 8726ms
8843 http fetch GET 200 https://registry.npmjs.org/@babel/plugin-transform-parameters/-/plugin-transform-parameters-7.23.3.tgz 7611ms (cache miss)
8844 http fetch GET 200 https://registry.npmjs.org/@jridgewell/gen-mapping/-/gen-mapping-0.3.3.tgz 7544ms (cache miss)
8845 timing reifyNode:node_modules/@babel/highlight Completed in 8728ms
8846 timing reifyNode:node_modules/error-stack-parser Completed in 8731ms
8847 http fetch GET 200 https://registry.npmjs.org/convert-source-map/-/convert-source-map-2.0.0.tgz 7550ms (cache miss)
8848 timing reifyNode:node_modules/@svgr/core Completed in 8740ms
8849 timing reifyNode:node_modules/@babel/plugin-transform-parameters Completed in 8742ms
8850 timing reifyNode:node_modules/@svgr/hast-util-to-babel-ast Completed in 8746ms
8851 timing reifyNode:node_modules/@jridgewell/resolve-uri Completed in 8750ms
8852 timing reifyNode:node_modules/convert-source-map Completed in 8751ms
8853 http fetch GET 200 https://registry.npmjs.org/debug/-/debug-4.3.4.tgz 7575ms (cache miss)
8854 timing reifyNode:node_modules/jsesc Completed in 8762ms
8855 timing reifyNode:node_modules/@jridgewell/set-array Completed in 8773ms
8856 timing reifyNode:node_modules/chalk Completed in 8773ms
8857 http fetch GET 200 https://registry.npmjs.org/html-entities/-/html-entities-2.4.0.tgz 7611ms (cache miss)
8858 timing reifyNode:node_modules/@jridgewell/sourcemap-codec Completed in 8778ms
8859 http fetch GET 200 https://registry.npmjs.org/webpack-manifest-plugin/-/webpack-manifest-plugin-4.1.1.tgz 7589ms (cache miss)
8860 timing reifyNode:node_modules/@jest/types Completed in 8785ms
8861 http fetch GET 200 https://registry.npmjs.org/@babel/code-frame/-/code-frame-7.23.5.tgz 7592ms (cache miss)
8862 timing reifyNode:node_modules/html-entities Completed in 8787ms
8863 timing reifyNode:node_modules/@babel/helper-validator-option Completed in 8793ms
8864 timing reifyNode:node_modules/@jest/transform Completed in 8798ms
8865 http fetch GET 200 https://registry.npmjs.org/async/-/async-3.2.5.tgz 8430ms (cache miss)
8866 timing reifyNode:node_modules/async Completed in 8846ms
8867 timing reifyNode:node_modules/gensync Completed in 8804ms
8868 http fetch GET 200 https://registry.npmjs.org/@babel/helper-define-polyfill-provider/-/helper-define-polyfill-provider-0.4.4.tgz 7772ms (cache miss)
8869 http fetch GET 200 https://registry.npmjs.org/@babel/helper-validator-identifier/-/helper-validator-identifier-7.22.20.tgz 7632ms (cache miss)
8870 timing reifyNode:node_modules/@babel/helper-define-polyfill-provider Completed in 8830ms
8871 timing reifyNode:node_modules/@babel/code-frame Completed in 8823ms
8872 timing reifyNode:node_modules/@babel/helper-validator-identifier Completed in 8825ms
8873 http fetch GET 200 https://registry.npmjs.org/@ampproject/remapping/-/remapping-2.2.1.tgz 7640ms (cache miss)
8874 http fetch GET 200 https://registry.npmjs.org/style-loader/-/style-loader-3.3.3.tgz 7638ms (cache miss)
8875 http fetch GET 200 https://registry.npmjs.org/@babel/helper-compilation-targets/-/helper-compilation-targets-7.23.6.tgz 7650ms (cache miss)
8876 http fetch GET 200 https://registry.npmjs.org/source-map-loader/-/source-map-loader-3.0.2.tgz 7644ms (cache miss)
8877 http fetch GET 200 https://registry.npmjs.org/babel-plugin-polyfill-corejs3/-/babel-plugin-polyfill-corejs3-0.8.7.tgz 7740ms (cache miss)
8878 timing reifyNode:node_modules/debug Completed in 8842ms
8879 timing reifyNode:node_modules/@ungap/structured-clone Completed in 8853ms
8880 http fetch GET 200 https://registry.npmjs.org/@babel/helper-create-class-features-plugin/-/helper-create-class-features-plugin-7.23.6.tgz 7755ms (cache miss)
8881 timing reifyNode:node_modules/babel-plugin-polyfill-corejs3 Completed in 8861ms
8882 timing reifyNode:node_modules/@babel/helper-create-class-features-plugin Completed in 8862ms
8883 timing reifyNode:node_modules/fast-json-stable-stringify Completed in 8865ms
8884 timing reifyNode:node_modules/@babel/helper-module-imports Completed in 8873ms
8885 timing reifyNode:node_modules/@jridgewell/gen-mapping Completed in 8895ms
8886 http fetch GET 200 https://registry.npmjs.org/postcss-normalize/-/postcss-normalize-10.0.1.tgz 7695ms (cache miss)
8887 http fetch GET 200 https://registry.npmjs.org/postcss-flexbugs-fixes/-/postcss-flexbugs-fixes-5.0.2.tgz 7697ms (cache miss)
8888 http fetch GET 200 https://registry.npmjs.org/jest-watch-typeahead/-/jest-watch-typeahead-1.1.0.tgz 7696ms (cache miss)
8889 http fetch GET 200 https://registry.npmjs.org/react-app-polyfill/-/react-app-polyfill-3.0.0.tgz 7699ms (cache miss)
8890 http fetch GET 200 https://registry.npmjs.org/regenerator-transform/-/regenerator-transform-0.15.2.tgz 7817ms (cache miss)
8891 http fetch GET 200 https://registry.npmjs.org/postcss-loader/-/postcss-loader-6.2.1.tgz 7706ms (cache miss)
8892 timing reifyNode:node_modules/regenerator-transform Completed in 8924ms
8893 http fetch GET 200 https://registry.npmjs.org/jsonpath/-/jsonpath-1.1.1.tgz 7906ms (cache miss)
8894 timing reifyNode:node_modules/@babel/compat-data Completed in 8928ms
8895 timing reifyNode:node_modules/jsonpath Completed in 8950ms
8896 http fetch GET 200 https://registry.npmjs.org/jest-resolve/-/jest-resolve-27.5.1.tgz 7738ms (cache miss)
8897 http fetch GET 200 https://registry.npmjs.org/schema-utils/-/schema-utils-3.3.0.tgz 7781ms (cache miss)
8898 timing reifyNode:node_modules/loader-utils Completed in 8952ms
8899 http fetch GET 200 https://registry.npmjs.org/identity-obj-proxy/-/identity-obj-proxy-3.0.0.tgz 7745ms (cache miss)
8900 http fetch GET 200 https://registry.npmjs.org/file-loader/-/file-loader-6.2.0.tgz 7745ms (cache miss)
8901 http fetch GET 200 https://registry.npmjs.org/jest/-/jest-27.5.1.tgz 7746ms (cache miss)
8902 timing reifyNode:node_modules/schema-utils Completed in 8955ms
8903 timing reifyNode:node_modules/postcss-normalize Completed in 8953ms
8904 http fetch GET 200 https://registry.npmjs.org/neo-async/-/neo-async-2.6.2.tgz 8360ms (cache miss)
8905 timing reifyNode:node_modules/webpack-manifest-plugin Completed in 8954ms
8906 timing reifyNode:node_modules/source-map-loader Completed in 8962ms
8907 timing reifyNode:node_modules/neo-async Completed in 9000ms
8908 http fetch GET 200 https://registry.npmjs.org/terser-webpack-plugin/-/terser-webpack-plugin-5.3.9.tgz 7769ms (cache miss)
8909 timing reifyNode:node_modules/react-app-polyfill Completed in 8965ms
8910 http fetch GET 200 https://registry.npmjs.org/postcss-preset-env/-/postcss-preset-env-7.8.3.tgz 7771ms (cache miss)
8911 timing reifyNode:node_modules/terser-webpack-plugin Completed in 8976ms
8912 http fetch GET 200 https://registry.npmjs.org/eslint-webpack-plugin/-/eslint-webpack-plugin-3.2.0.tgz 7771ms (cache miss)
8913 timing reifyNode:node_modules/postcss-preset-env Completed in 8980ms
8914 http fetch GET 200 https://registry.npmjs.org/sass-loader/-/sass-loader-12.6.0.tgz 7784ms (cache miss)
8915 http fetch GET 200 https://registry.npmjs.org/dotenv-expand/-/dotenv-expand-5.1.0.tgz 7779ms (cache miss)
8916 http fetch GET 200 https://registry.npmjs.org/dotenv/-/dotenv-10.0.0.tgz 7780ms (cache miss)
8917 timing reifyNode:node_modules/postcss-flexbugs-fixes Completed in 8990ms
8918 timing reifyNode:node_modules/sass-loader Completed in 8991ms
8919 http fetch GET 200 https://registry.npmjs.org/eslint-config-react-app/-/eslint-config-react-app-7.0.1.tgz 7785ms (cache miss)
8920 http fetch GET 200 https://registry.npmjs.org/tsconfig-paths/-/tsconfig-paths-3.15.0.tgz 8085ms (cache miss)
8921 http fetch GET 200 https://registry.npmjs.org/case-sensitive-paths-webpack-plugin/-/case-sensitive-paths-webpack-plugin-2.4.0.tgz 7788ms (cache miss)
8922 http fetch GET 200 https://registry.npmjs.org/css-minimizer-webpack-plugin/-/css-minimizer-webpack-plugin-3.4.1.tgz 7800ms (cache miss)
8923 timing reifyNode:node_modules/jest Completed in 9008ms
8924 http fetch GET 200 https://registry.npmjs.org/camelcase/-/camelcase-6.3.0.tgz 7797ms (cache miss)
8925 http fetch GET 200 https://registry.npmjs.org/@jridgewell/trace-mapping/-/trace-mapping-0.3.20.tgz 7831ms (cache miss)
8926 timing reifyNode:node_modules/tsconfig-paths Completed in 9028ms
8927 timing reifyNode:node_modules/@jridgewell/trace-mapping Completed in 9029ms
8928 timing reifyNode:node_modules/postcss-loader Completed in 9043ms
8929 http fetch GET 200 https://registry.npmjs.org/cssstyle/-/cssstyle-2.3.0.tgz 8290ms (cache miss)
8930 http fetch GET 200 https://registry.npmjs.org/core-js-compat/-/core-js-compat-3.34.0.tgz 7953ms (cache miss)
8931 timing reifyNode:node_modules/@ampproject/remapping Completed in 9045ms
8932 timing reifyNode:node_modules/case-sensitive-paths-webpack-plugin Completed in 9043ms
8933 http fetch GET 200 https://registry.npmjs.org/babel-plugin-named-asset-import/-/babel-plugin-named-asset-import-0.3.8.tgz 7833ms (cache miss)
8934 timing reifyNode:node_modules/babel-plugin-named-asset-import Completed in 9038ms
8935 timing reifyNode:node_modules/camelcase Completed in 9046ms
8936 timing reifyNode:node_modules/dotenv-expand Completed in 9050ms
8937 http fetch GET 200 https://registry.npmjs.org/source-map/-/source-map-0.7.4.tgz 7893ms (cache miss)
8938 timing reifyNode:node_modules/source-map Completed in 9058ms
8939 timing reifyNode:node_modules/eslint-config-react-app Completed in 9056ms
8940 http fetch GET 200 https://registry.npmjs.org/@typescript-eslint/type-utils/-/type-utils-5.62.0.tgz 8130ms (cache miss)
8941 timing reifyNode:node_modules/core-js-compat Completed in 9069ms
8942 timing reifyNode:node_modules/cssstyle Completed in 9088ms
8943 timing reifyNode:node_modules/file-loader Completed in 9064ms
8944 http fetch GET 200 https://registry.npmjs.org/@rushstack/eslint-patch/-/eslint-patch-1.6.1.tgz 8130ms (cache miss)
8945 http fetch GET 200 https://registry.npmjs.org/browserslist/-/browserslist-4.22.2.tgz 7935ms (cache miss)
8946 http fetch GET 200 https://registry.npmjs.org/@babel/template/-/template-7.22.15.tgz 7973ms (cache miss)
8947 timing reifyNode:node_modules/@typescript-eslint/type-utils Completed in 9173ms
8948 timing reifyNode:node_modules/@rushstack/eslint-patch Completed in 9182ms
8949 http fetch GET 200 https://registry.npmjs.org/babel-preset-react-app/-/babel-preset-react-app-10.0.1.tgz 7959ms (cache miss)
8950 http fetch GET 200 https://registry.npmjs.org/react-refresh/-/react-refresh-0.11.0.tgz 7958ms (cache miss)
8951 http fetch GET 200 https://registry.npmjs.org/babel-loader/-/babel-loader-8.3.0.tgz 7959ms (cache miss)
8952 timing reifyNode:node_modules/@babel/template Completed in 9180ms
8953 http fetch GET 200 https://registry.npmjs.org/undici-types/-/undici-types-5.26.5.tgz 8137ms (cache miss)
8954 timing reifyNode:node_modules/@babel/preset-modules Completed in 9198ms
8955 http fetch GET 200 https://registry.npmjs.org/js-tokens/-/js-tokens-4.0.0.tgz 7975ms (cache miss)
8956 http fetch GET 200 https://registry.npmjs.org/json5/-/json5-2.2.3.tgz 8017ms (cache miss)
8957 http fetch GET 200 https://registry.npmjs.org/@svgr/webpack/-/webpack-5.5.0.tgz 7983ms (cache miss)
8958 http fetch GET 200 https://registry.npmjs.org/@babel/helper-module-transforms/-/helper-module-transforms-7.23.3.tgz 8013ms (cache miss)
8959 timing reifyNode:node_modules/undici-types Completed in 9213ms
8960 http fetch GET 200 https://registry.npmjs.org/babel-jest/-/babel-jest-27.5.1.tgz 7997ms (cache miss)
8961 timing reifyNode:node_modules/json5 Completed in 9220ms
8962 timing reifyNode:node_modules/@babel/helper-module-transforms Completed in 9222ms
8963 http fetch GET 200 https://registry.npmjs.org/loose-envify/-/loose-envify-1.4.0.tgz 8017ms (cache miss)
8964 timing reifyNode:node_modules/js-tokens Completed in 9234ms
8965 timing reifyNode:node_modules/@babel/helper-compilation-targets Completed in 9247ms
8966 http fetch GET 200 https://registry.npmjs.org/json-schema-traverse/-/json-schema-traverse-1.0.0.tgz 8025ms (cache miss)
8967 http fetch GET 200 https://registry.npmjs.org/minimatch/-/minimatch-5.1.6.tgz 8025ms (cache miss)
8968 http fetch GET 200 https://registry.npmjs.org/brace-expansion/-/brace-expansion-2.0.1.tgz 8027ms (cache miss)
8969 http fetch GET 200 https://registry.npmjs.org/serialize-javascript/-/serialize-javascript-4.0.0.tgz 8024ms (cache miss)
8970 http fetch GET 200 https://registry.npmjs.org/@types/estree/-/estree-0.0.39.tgz 8025ms (cache miss)
8971 http fetch GET 200 https://registry.npmjs.org/jest-worker/-/jest-worker-26.6.2.tgz 8025ms (cache miss)
8972 http fetch GET 200 https://registry.npmjs.org/webidl-conversions/-/webidl-conversions-4.0.2.tgz 8025ms (cache miss)
8973 timing reifyNode:node_modules/@svgr/webpack Completed in 9245ms
8974 timing reifyNode:node_modules/jest-watch-typeahead Completed in 9268ms
8975 timing reifyNode:node_modules/@rollup/pluginutils/node_modules/@types/estree Completed in 9319ms
8976 http fetch GET 200 https://registry.npmjs.org/@babel/plugin-transform-object-rest-spread/-/plugin-transform-object-rest-spread-7.23.4.tgz 8162ms (cache miss)
8977 http fetch GET 200 https://registry.npmjs.org/json-schema-traverse/-/json-schema-traverse-1.0.0.tgz 8043ms (cache miss)
8978 timing reifyNode:node_modules/workbox-build/node_modules/webidl-conversions Completed in 9323ms
8979 http fetch GET 200 https://registry.npmjs.org/ms/-/ms-2.1.3.tgz 8054ms (cache miss)
8980 timing reifyNode:node_modules/style-loader Completed in 9301ms
8981 timing reifyNode:node_modules/@babel/plugin-transform-object-rest-spread Completed in 9307ms
8982 timing reifyNode:node_modules/css-minimizer-webpack-plugin Completed in 9306ms
8983 timing reifyNode:node_modules/filelist/node_modules/brace-expansion Completed in 9354ms
8984 timing reifyNode:node_modules/send/node_modules/ms Completed in 9352ms
8985 timing reifyNode:node_modules/filelist/node_modules/minimatch Completed in 9358ms
8986 timing reifyNode:node_modules/rollup-plugin-terser/node_modules/serialize-javascript Completed in 9358ms
8987 timing reifyNode:node_modules/dotenv Completed in 9314ms
8988 http fetch GET 200 https://registry.npmjs.org/bytes/-/bytes-3.1.2.tgz 8077ms (cache miss)
8989 http fetch GET 200 https://registry.npmjs.org/@apideck/better-ajv-errors/-/better-ajv-errors-0.3.6.tgz 8081ms (cache miss)
8990 timing reifyNode:node_modules/babel-jest Completed in 9316ms
8991 http fetch GET 200 https://registry.npmjs.org/json-schema-traverse/-/json-schema-traverse-1.0.0.tgz 8091ms (cache miss)
8992 http fetch GET 200 https://registry.npmjs.org/html-webpack-plugin/-/html-webpack-plugin-5.5.4.tgz 8135ms (cache miss)
8993 http fetch GET 200 https://registry.npmjs.org/ipaddr.js/-/ipaddr.js-1.9.1.tgz 8100ms (cache miss)
8994 timing reifyNode:node_modules/postcss-merge-longhand Completed in 9360ms
8995 http fetch GET 200 https://registry.npmjs.org/bytes/-/bytes-3.1.2.tgz 8113ms (cache miss)
8996 timing reifyNode:node_modules/html-webpack-plugin Completed in 9361ms
8997 timing reifyNode:node_modules/body-parser/node_modules/bytes Completed in 9406ms
8998 http fetch GET 200 https://registry.npmjs.org/mini-css-extract-plugin/-/mini-css-extract-plugin-2.7.6.tgz 8164ms (cache miss)
8999 timing reifyNode:node_modules/loose-envify Completed in 9359ms
9000 timing reifyNode:node_modules/babel-preset-react-app Completed in 9361ms
9001 timing reifyNode:node_modules/react-refresh Completed in 9362ms
9002 http fetch GET 200 https://registry.npmjs.org/setprototypeof/-/setprototypeof-1.1.0.tgz 8133ms (cache miss)
9003 http fetch GET 200 https://registry.npmjs.org/statuses/-/statuses-1.5.0.tgz 8133ms (cache miss)
9004 timing reifyNode:node_modules/mini-css-extract-plugin Completed in 9389ms
9005 timing reifyNode:node_modules/raw-body/node_modules/bytes Completed in 9431ms
9006 timing reifyNode:node_modules/browserslist Completed in 9391ms
9007 timing reifyNode:node_modules/babel-loader Completed in 9388ms
9008 http fetch GET 200 https://registry.npmjs.org/tsutils/-/tsutils-3.21.0.tgz 8469ms (cache miss)
9009 http fetch GET 200 https://registry.npmjs.org/http-errors/-/http-errors-1.6.3.tgz 8156ms (cache miss)
9010 http fetch GET 200 https://registry.npmjs.org/schema-utils/-/schema-utils-4.2.0.tgz 8158ms (cache miss)
9011 http fetch GET 200 https://registry.npmjs.org/array-flatten/-/array-flatten-1.1.1.tgz 8166ms (cache miss)
9012 timing reifyNode:node_modules/tsutils Completed in 9426ms
9013 http fetch GET 200 https://registry.npmjs.org/js-yaml/-/js-yaml-3.14.1.tgz 8378ms (cache miss)
9014 http fetch GET 200 https://registry.npmjs.org/depd/-/depd-1.1.2.tgz 8172ms (cache miss)
9015 http fetch GET 200 https://registry.npmjs.org/inherits/-/inherits-2.0.3.tgz 8173ms (cache miss)
9016 http fetch GET 200 https://registry.npmjs.org/emoji-regex/-/emoji-regex-8.0.0.tgz 8192ms (cache miss)
9017 timing reifyNode:node_modules/serve-index/node_modules/setprototypeof Completed in 9458ms
9018 timing reifyNode:node_modules/express/node_modules/array-flatten Completed in 9465ms
9019 timing reifyNode:node_modules/js-yaml Completed in 9436ms
9020 http fetch GET 200 https://registry.npmjs.org/glob/-/glob-7.1.6.tgz 8182ms (cache miss)
9021 http fetch GET 200 https://registry.npmjs.org/lilconfig/-/lilconfig-3.0.0.tgz 8182ms (cache miss)
9022 timing reifyNode:node_modules/proxy-addr/node_modules/ipaddr.js Completed in 9474ms
9023 timing reifyNode:node_modules/serve-index/node_modules/http-errors Completed in 9489ms
9024 timing reifyNode:node_modules/serve-index/node_modules/inherits Completed in 9492ms
9025 timing reifyNode:node_modules/serve-index/node_modules/statuses Completed in 9497ms
9026 http fetch GET 200 https://registry.npmjs.org/resolve-url-loader/-/resolve-url-loader-4.0.0.tgz 8260ms (cache miss)
9027 http fetch GET 200 https://registry.npmjs.org/jest-haste-map/-/jest-haste-map-27.5.1.tgz 8411ms (cache miss)
9028 timing reifyNode:node_modules/eslint-webpack-plugin Completed in 9479ms
9029 timing reifyNode:node_modules/resolve-url-loader Completed in 9482ms
9030 http fetch GET 200 https://registry.npmjs.org/find-up/-/find-up-3.0.0.tgz 8233ms (cache miss)
9031 http fetch GET 200 https://registry.npmjs.org/jsesc/-/jsesc-0.5.0.tgz 8240ms (cache miss)
9032 http fetch GET 200 https://registry.npmjs.org/path-exists/-/path-exists-3.0.0.tgz 8234ms (cache miss)
9033 timing reifyNode:node_modules/postcss-load-config/node_modules/lilconfig Completed in 9526ms
9034 timing reifyNode:node_modules/identity-obj-proxy Completed in 9490ms
9035 http fetch GET 200 https://registry.npmjs.org/tr46/-/tr46-1.0.1.tgz 8259ms (cache miss)
9036 timing reifyNode:node_modules/jest-haste-map Completed in 9502ms
9037 timing reifyNode:node_modules/workbox-build/node_modules/tr46 Completed in 9538ms
9038 timing reifyNode:node_modules/pkg-up/node_modules/path-exists Completed in 9535ms
9039 timing reifyNode:node_modules/pkg-up/node_modules/find-up Completed in 9536ms
9040 http fetch GET 200 https://registry.npmjs.org/p-locate/-/p-locate-3.0.0.tgz 8253ms (cache miss)
9041 http fetch GET 200 https://registry.npmjs.org/glob-parent/-/glob-parent-5.1.2.tgz 8256ms (cache miss)
9042 http fetch GET 200 https://registry.npmjs.org/bluebird/-/bluebird-3.7.2.tgz 8490ms (cache miss)
9043 http fetch GET 200 https://registry.npmjs.org/p-limit/-/p-limit-2.3.0.tgz 8263ms (cache miss)
9044 timing reifyNode:node_modules/pkg-up/node_modules/p-locate Completed in 9560ms
9045 http fetch GET 200 https://registry.npmjs.org/whatwg-url/-/whatwg-url-7.1.0.tgz 8292ms (cache miss)
9046 timing reifyNode:node_modules/bluebird Completed in 9543ms
9047 http fetch GET 200 https://registry.npmjs.org/which/-/which-1.3.1.tgz 8284ms (cache miss)
9048 timing reifyNode:node_modules/jest-resolve Completed in 9541ms
9049 timing reifyNode:node_modules/workbox-build/node_modules/whatwg-url Completed in 9592ms
9050 timing reifyNode:node_modules/sucrase/node_modules/glob Completed in 9589ms
9051 timing reifyNode:node_modules/workbox-build/node_modules/json-schema-traverse Completed in 9596ms
9052 timing reifyNode:node_modules/ajv-formats/node_modules/json-schema-traverse Completed in 9599ms
9053 timing reifyNode:node_modules/pkg-up/node_modules/p-limit Completed in 9589ms
9054 timing reifyNode:node_modules/chokidar/node_modules/glob-parent Completed in 9590ms
9055 http fetch GET 200 https://registry.npmjs.org/tapable/-/tapable-1.1.3.tgz 8301ms (cache miss)
9056 http fetch GET 200 https://registry.npmjs.org/eslint-plugin-flowtype/-/eslint-plugin-flowtype-8.0.3.tgz 8620ms (cache miss)
9057 timing reifyNode:node_modules/eslint-plugin-flowtype Completed in 9571ms
9058 timing reifyNode:node_modules/jest-util Completed in 9567ms
9059 http fetch GET 200 https://registry.npmjs.org/cosmiconfig/-/cosmiconfig-7.1.0.tgz 8491ms (cache miss)
9060 timing reifyNode:node_modules/string-width/node_modules/emoji-regex Completed in 9614ms
9061 http fetch GET 200 https://registry.npmjs.org/prelude-ls/-/prelude-ls-1.1.2.tgz 8311ms (cache miss)
9062 http fetch GET 200 https://registry.npmjs.org/type-check/-/type-check-0.3.2.tgz 8312ms (cache miss)
9063 http fetch GET 200 https://registry.npmjs.org/locate-path/-/locate-path-3.0.0.tgz 8321ms (cache miss)
9064 http fetch GET 200 https://registry.npmjs.org/levn/-/levn-0.3.0.tgz 8318ms (cache miss)
9065 timing reifyNode:node_modules/regjsparser/node_modules/jsesc Completed in 9622ms
9066 timing reifyNode:node_modules/cosmiconfig Completed in 9594ms
9067 timing reifyNode:node_modules/pkg-up/node_modules/locate-path Completed in 9629ms
9068 http fetch GET 200 https://registry.npmjs.org/@babel/plugin-transform-block-scoping/-/plugin-transform-block-scoping-7.23.4.tgz 8456ms (cache miss)
9069 http fetch GET 200 https://registry.npmjs.org/css-loader/-/css-loader-6.8.1.tgz 8398ms (cache miss)
9070 timing reifyNode:node_modules/css-loader Completed in 9605ms
9071 timing reifyNode:node_modules/global-prefix/node_modules/which Completed in 9649ms
9072 timing reifyNode:node_modules/@babel/plugin-transform-block-scoping Completed in 9620ms
9073 http fetch GET 200 https://registry.npmjs.org/@jest/core/-/core-27.5.1.tgz 8795ms (cache miss)
9074 timing reifyNode:node_modules/serve-index/node_modules/depd Completed in 9661ms
9075 http fetch GET 200 https://registry.npmjs.org/estraverse/-/estraverse-4.3.0.tgz 8360ms (cache miss)
9076 http fetch GET 200 https://registry.npmjs.org/universalify/-/universalify-0.2.0.tgz 8360ms (cache miss)
9077 timing reifyNode:node_modules/webpack-dev-middleware/node_modules/json-schema-traverse Completed in 9663ms
9078 http fetch GET 200 https://registry.npmjs.org/escape-string-regexp/-/escape-string-regexp-2.0.0.tgz 8368ms (cache miss)
9079 http fetch GET 200 https://registry.npmjs.org/optionator/-/optionator-0.8.3.tgz 8374ms (cache miss)
9080 timing reifyNode:node_modules/tough-cookie/node_modules/universalify Completed in 9660ms
9081 http fetch GET 200 https://registry.npmjs.org/jsx-ast-utils/-/jsx-ast-utils-3.3.5.tgz 8770ms (cache miss)
9082 timing reifyNode:node_modules/@jest/core Completed in 9659ms
9083 timing reifyNode:node_modules/static-eval/node_modules/type-check Completed in 9675ms
9084 timing reifyNode:node_modules/jsx-ast-utils Completed in 9670ms
9085 http fetch GET 200 https://registry.npmjs.org/ansi-styles/-/ansi-styles-5.2.0.tgz 8388ms (cache miss)
9086 timing reifyNode:node_modules/stack-utils/node_modules/escape-string-regexp Completed in 9691ms
9087 http fetch GET 200 https://registry.npmjs.org/scheduler/-/scheduler-0.23.0.tgz 8448ms (cache miss)
9088 http fetch GET 200 https://registry.npmjs.org/yaml/-/yaml-1.10.2.tgz 8665ms (cache miss)
9089 http fetch GET 200 https://registry.npmjs.org/convert-source-map/-/convert-source-map-1.9.0.tgz 8407ms (cache miss)
9090 http fetch GET 200 https://registry.npmjs.org/webidl-conversions/-/webidl-conversions-5.0.0.tgz 8414ms (cache miss)
9091 timing reifyNode:node_modules/v8-to-istanbul/node_modules/convert-source-map Completed in 9708ms
9092 timing reifyNode:node_modules/scheduler Completed in 9677ms
9093 timing reifyNode:node_modules/yaml Completed in 9699ms
9094 http fetch GET 200 https://registry.npmjs.org/make-dir/-/make-dir-4.0.0.tgz 8418ms (cache miss)
9095 http fetch GET 200 https://registry.npmjs.org/@babel/preset-env/-/preset-env-7.23.6.tgz 8529ms (cache miss)
9096 timing reifyNode:node_modules/static-eval/node_modules/estraverse Completed in 9720ms
9097 timing reifyNode:node_modules/pretty-format/node_modules/ansi-styles Completed in 9725ms
9098 timing reifyNode:node_modules/domexception/node_modules/webidl-conversions Completed in 9730ms
9099 http fetch GET 200 https://registry.npmjs.org/escodegen/-/escodegen-1.14.3.tgz 8448ms (cache miss)
9100 timing reifyNode:node_modules/@babel/preset-env Completed in 9717ms
9101 timing reifyNode:node_modules/static-eval/node_modules/levn Completed in 9739ms
9102 http fetch GET 200 https://registry.npmjs.org/glob-parent/-/glob-parent-5.1.2.tgz 8440ms (cache miss)
9103 timing reifyNode:node_modules/static-eval/node_modules/escodegen Completed in 9745ms
9104 http fetch GET 200 https://registry.npmjs.org/p-limit/-/p-limit-2.3.0.tgz 8443ms (cache miss)
9105 timing reifyNode:node_modules/istanbul-lib-report/node_modules/make-dir Completed in 9745ms
9106 http fetch GET 200 https://registry.npmjs.org/cra-template/-/cra-template-1.2.0.tgz 8501ms (cache miss)
9107 timing reifyNode:node_modules/static-eval/node_modules/optionator Completed in 9771ms
9108 timing reifyNode:node_modules/cra-template Completed in 9736ms
9109 http fetch GET 200 https://registry.npmjs.org/p-locate/-/p-locate-4.1.0.tgz 8481ms (cache miss)
9110 http fetch GET 200 https://registry.npmjs.org/find-up/-/find-up-4.1.0.tgz 8480ms (cache miss)
9111 timing reifyNode:node_modules/static-eval/node_modules/prelude-ls Completed in 9786ms
9112 timing reifyNode:node_modules/fast-glob/node_modules/glob-parent Completed in 9778ms
9113 http fetch GET 200 https://registry.npmjs.org/locate-path/-/locate-path-5.0.0.tgz 8487ms (cache miss)
9114 timing reifyNode:node_modules/pkg-dir/node_modules/p-limit Completed in 9785ms
9115 http fetch GET 200 https://registry.npmjs.org/@babel/parser/-/parser-7.23.6.tgz 8584ms (cache miss)
9116 http fetch GET 200 https://registry.npmjs.org/workbox-webpack-plugin/-/workbox-webpack-plugin-6.6.0.tgz 8583ms (cache miss)
9117 timing reifyNode:node_modules/workbox-webpack-plugin Completed in 9777ms
9118 http fetch GET 200 https://registry.npmjs.org/react-is/-/react-is-16.13.1.tgz 8498ms (cache miss)
9119 timing reifyNode:node_modules/@babel/parser Completed in 9782ms
9120 timing reifyNode:node_modules/pkg-dir/node_modules/p-locate Completed in 9812ms
9121 timing reifyNode:node_modules/pkg-dir/node_modules/locate-path Completed in 9813ms
9122 timing reifyNode:node_modules/pkg-dir/node_modules/find-up Completed in 9813ms
9123 http fetch GET 200 https://registry.npmjs.org/source-map/-/source-map-0.8.0-beta.0.tgz 8578ms (cache miss)
9124 http fetch GET 200 https://registry.npmjs.org/estraverse/-/estraverse-4.3.0.tgz 8531ms (cache miss)
9125 http fetch GET 200 https://registry.npmjs.org/commander/-/commander-2.20.3.tgz 8540ms (cache miss)
9126 timing reifyNode:node_modules/workbox-build/node_modules/source-map Completed in 9879ms
9127 http fetch GET 200 https://registry.npmjs.org/estraverse/-/estraverse-4.3.0.tgz 8554ms (cache miss)
9128 timing reifyNode:node_modules/terser/node_modules/commander Completed in 9856ms
9129 http fetch GET 200 https://registry.npmjs.org/tslib/-/tslib-1.14.1.tgz 8557ms (cache miss)
9130 http fetch GET 200 https://registry.npmjs.org/react-dev-utils/-/react-dev-utils-12.0.1.tgz 8648ms (cache miss)
9131 http fetch GET 200 https://registry.npmjs.org/react/-/react-18.2.0.tgz 8629ms (cache miss)
9132 http fetch GET 200 https://registry.npmjs.org/strip-bom/-/strip-bom-3.0.0.tgz 8572ms (cache miss)
9133 timing reifyNode:node_modules/react-dev-utils Completed in 9862ms
9134 timing reifyNode:node_modules/rollup-plugin-terser/node_modules/jest-worker Completed in 9911ms
9135 http fetch GET 200 https://registry.npmjs.org/css-tree/-/css-tree-1.0.0-alpha.37.tgz 9290ms (cache miss)
9136 timing reifyNode:node_modules/tsconfig-paths/node_modules/strip-bom Completed in 9887ms
9137 timing reifyNode:node_modules/react Completed in 9867ms
9138 http fetch GET 200 https://registry.npmjs.org/eslint-plugin-jest/-/eslint-plugin-jest-25.7.0.tgz 8956ms (cache miss)
9139 timing reifyNode:node_modules/css-tree Completed in 9932ms
9140 timing reifyNode:node_modules/eslint-plugin-jest Completed in 9922ms
9141 timing reifyNode:node_modules/@typescript-eslint/utils/node_modules/estraverse Completed in 9931ms
9142 http fetch GET 200 https://registry.npmjs.org/cssom/-/cssom-0.3.8.tgz 8658ms (cache miss)
9143 http fetch GET 200 https://registry.npmjs.org/eslint-visitor-keys/-/eslint-visitor-keys-2.1.0.tgz 8638ms (cache miss)
9144 http fetch GET 200 https://registry.npmjs.org/globals/-/globals-13.24.0.tgz 8644ms (cache miss)
9145 timing reifyNode:node_modules/@nicolo-ribaudo/eslint-scope-5-internals/node_modules/estraverse Completed in 9953ms
9146 http fetch GET 200 https://registry.npmjs.org/es-iterator-helpers/-/es-iterator-helpers-1.0.15.tgz 9079ms (cache miss)
9147 timing reifyNode:node_modules/workbox-build/node_modules/@apideck/better-ajv-errors Completed in 9993ms
9148 timing reifyNode:node_modules/webpack-dev-middleware/node_modules/schema-utils Completed in 9993ms
9149 http fetch GET 200 https://registry.npmjs.org/react-scripts/-/react-scripts-5.0.1.tgz 8738ms (cache miss)
9150 timing reifyNode:node_modules/es-iterator-helpers Completed in 9987ms
9151 http fetch GET 200 https://registry.npmjs.org/semver/-/semver-6.3.1.tgz 8695ms (cache miss)
9152 timing reifyNode:node_modules/prop-types/node_modules/react-is Completed in 9998ms
9153 http fetch GET 200 https://registry.npmjs.org/supports-color/-/supports-color-8.1.1.tgz 8685ms (cache miss)
9154 http fetch GET 200 https://registry.npmjs.org/semver/-/semver-6.3.1.tgz 8697ms (cache miss)
9155 timing reifyNode:node_modules/react-scripts Completed in 9979ms
9156 http fetch GET 200 https://registry.npmjs.org/p-limit/-/p-limit-2.3.0.tgz 8691ms (cache miss)
9157 http fetch GET 200 https://registry.npmjs.org/debug/-/debug-3.2.7.tgz 8711ms (cache miss)
9158 timing reifyNode:node_modules/eslint-plugin-react/node_modules/semver Completed in 10009ms
9159 timing reifyNode:node_modules/eslint-plugin-import/node_modules/semver Completed in 10014ms
9160 http fetch GET 200 https://registry.npmjs.org/resolve-from/-/resolve-from-4.0.0.tgz 8710ms (cache miss)
9161 timing reifyNode:node_modules/eslint-import-resolver-node/node_modules/debug Completed in 10025ms
9162 http fetch GET 200 https://registry.npmjs.org/p-locate/-/p-locate-4.1.0.tgz 8717ms (cache miss)
9163 http fetch GET 200 https://registry.npmjs.org/locate-path/-/locate-path-5.0.0.tgz 8720ms (cache miss)
9164 timing reifyNode:node_modules/fork-ts-checker-webpack-plugin/node_modules/tapable Completed in 10057ms
9165 http fetch GET 200 https://registry.npmjs.org/type-fest/-/type-fest-0.16.0.tgz 8795ms (cache miss)
9166 timing reifyNode:node_modules/import-fresh/node_modules/resolve-from Completed in 10036ms
9167 timing reifyNode:node_modules/@babel/eslint-parser/node_modules/eslint-visitor-keys Completed in 10042ms
9168 timing reifyNode:node_modules/jest-worker/node_modules/supports-color Completed in 10040ms
9169 http fetch GET 200 https://registry.npmjs.org/find-up/-/find-up-4.1.0.tgz 8734ms (cache miss)
9170 http fetch GET 200 https://registry.npmjs.org/semver/-/semver-6.3.1.tgz 8750ms (cache miss)
9171 http fetch GET 200 https://registry.npmjs.org/camelcase/-/camelcase-5.3.1.tgz 8735ms (cache miss)
9172 timing reifyNode:node_modules/@istanbuljs/load-nyc-config/node_modules/p-limit Completed in 10055ms
9173 timing reifyNode:node_modules/@eslint/eslintrc/node_modules/globals Completed in 10060ms
9174 timing reifyNode:node_modules/tempy/node_modules/type-fest Completed in 10092ms
9175 http fetch GET 200 https://registry.npmjs.org/debug/-/debug-3.2.7.tgz 8772ms (cache miss)
9176 http fetch GET 200 https://registry.npmjs.org/convert-source-map/-/convert-source-map-1.9.0.tgz 8749ms (cache miss)
9177 timing reifyNode:node_modules/@babel/eslint-parser/node_modules/semver Completed in 10068ms
9178 http fetch GET 200 https://registry.npmjs.org/schema-utils/-/schema-utils-2.7.0.tgz 8799ms (cache miss)
9179 http fetch GET 200 https://registry.npmjs.org/dom-serializer/-/dom-serializer-0.2.2.tgz 8759ms (cache miss)
9180 timing reifyNode:node_modules/@istanbuljs/load-nyc-config/node_modules/p-locate Completed in 10078ms
9181 http fetch GET 200 https://registry.npmjs.org/nth-check/-/nth-check-1.0.2.tgz 8766ms (cache miss)
9182 http fetch GET 200 https://registry.npmjs.org/css-what/-/css-what-3.4.2.tgz 8765ms (cache miss)
9183 timing reifyNode:node_modules/@jest/transform/node_modules/convert-source-map Completed in 10080ms
9184 timing reifyNode:node_modules/@istanbuljs/load-nyc-config/node_modules/locate-path Completed in 10082ms
9185 timing reifyNode:node_modules/eslint-module-utils/node_modules/debug Completed in 10092ms
9186 timing reifyNode:node_modules/fork-ts-checker-webpack-plugin/node_modules/schema-utils Completed in 10114ms
9187 http fetch GET 200 https://registry.npmjs.org/css-select/-/css-select-2.1.0.tgz 8775ms (cache miss)
9188 timing reifyNode:node_modules/@istanbuljs/load-nyc-config/node_modules/find-up Completed in 10093ms
9189 timing reifyNode:node_modules/@istanbuljs/load-nyc-config/node_modules/camelcase Completed in 10093ms
9190 http fetch GET 200 https://registry.npmjs.org/semver/-/semver-6.3.1.tgz 8791ms (cache miss)
9191 http fetch GET 200 https://registry.npmjs.org/domutils/-/domutils-1.7.0.tgz 8781ms (cache miss)
9192 http fetch GET 200 https://registry.npmjs.org/debug/-/debug-3.2.7.tgz 8814ms (cache miss)
9193 timing reifyNode:node_modules/@babel/plugin-transform-runtime/node_modules/semver Completed in 10111ms
9194 http fetch GET 200 https://registry.npmjs.org/domelementtype/-/domelementtype-1.3.1.tgz 8795ms (cache miss)
9195 timing reifyNode:node_modules/svgo/node_modules/domutils/node_modules/domelementtype Completed in 10118ms
9196 http fetch GET 200 https://registry.npmjs.org/argparse/-/argparse-2.0.1.tgz 8823ms (cache miss)
9197 http fetch GET 200 https://registry.npmjs.org/@babel/generator/-/generator-7.23.6.tgz 8928ms (cache miss)
9198 timing reifyNode:node_modules/eslint-plugin-import/node_modules/debug Completed in 10137ms
9199 http fetch GET 200 https://registry.npmjs.org/webpack-sources/-/webpack-sources-2.3.1.tgz 8807ms (cache miss)
9200 http fetch GET 200 https://registry.npmjs.org/iconv-lite/-/iconv-lite-0.4.24.tgz 8889ms (cache miss)
9201 http fetch GET 200 https://registry.npmjs.org/doctrine/-/doctrine-2.1.0.tgz 8840ms (cache miss)
9202 timing reifyNode:node_modules/svgo/node_modules/dom-serializer Completed in 10135ms
9203 http fetch GET 200 https://registry.npmjs.org/semver/-/semver-6.3.1.tgz 8827ms (cache miss)
9204 http fetch GET 200 https://registry.npmjs.org/webpack-sources/-/webpack-sources-1.4.3.tgz 8812ms (cache miss)
9205 http fetch GET 200 https://registry.npmjs.org/semver/-/semver-6.3.1.tgz 8833ms (cache miss)
9206 timing reifyNode:node_modules/@eslint/eslintrc/node_modules/argparse Completed in 10155ms
9207 timing reifyNode:node_modules/@babel/generator Completed in 10146ms
9208 timing reifyNode:node_modules/svgo/node_modules/nth-check Completed in 10153ms
9209 http fetch GET 200 https://registry.npmjs.org/commander/-/commander-7.2.0.tgz 8851ms (cache miss)
9210 http fetch GET 200 https://registry.npmjs.org/doctrine/-/doctrine-2.1.0.tgz 8860ms (cache miss)
9211 timing reifyNode:node_modules/istanbul-lib-instrument/node_modules/semver Completed in 10157ms
9212 timing reifyNode:node_modules/raw-body/node_modules/iconv-lite Completed in 10193ms
9213 timing reifyNode:node_modules/eslint-plugin-import/node_modules/doctrine Completed in 10166ms
9214 timing reifyNode:node_modules/make-dir/node_modules/semver Completed in 10162ms
9215 http fetch GET 200 https://registry.npmjs.org/json-schema-traverse/-/json-schema-traverse-1.0.0.tgz 8837ms (cache miss)
9216 http fetch GET 200 https://registry.npmjs.org/json5/-/json5-1.0.2.tgz 8876ms (cache miss)
9217 timing reifyNode:node_modules/postcss-svgo/node_modules/commander Completed in 10170ms
9218 http fetch GET 200 https://registry.npmjs.org/picocolors/-/picocolors-0.2.1.tgz 8840ms (cache miss)
9219 http fetch GET 200 https://registry.npmjs.org/iconv-lite/-/iconv-lite-0.4.24.tgz 8922ms (cache miss)
9220 http fetch GET 200 https://registry.npmjs.org/convert-source-map/-/convert-source-map-1.9.0.tgz 8845ms (cache miss)
9221 timing reifyNode:node_modules/eslint-plugin-react/node_modules/doctrine Completed in 10181ms
9222 timing reifyNode:node_modules/tsutils/node_modules/tslib Completed in 10187ms
9223 http fetch GET 200 https://registry.npmjs.org/eslint-scope/-/eslint-scope-5.1.1.tgz 8890ms (cache miss)
9224 timing reifyNode:node_modules/tsconfig-paths/node_modules/json5 Completed in 10190ms
9225 http fetch GET 200 https://registry.npmjs.org/eslint-scope/-/eslint-scope-5.1.1.tgz 8897ms (cache miss)
9226 timing reifyNode:node_modules/resolve-url-loader/node_modules/convert-source-map Completed in 10181ms
9227 timing reifyNode:node_modules/@nicolo-ribaudo/eslint-scope-5-internals/node_modules/eslint-scope Completed in 10201ms
9228 timing reifyNode:node_modules/body-parser/node_modules/iconv-lite Completed in 10228ms
9229 http fetch GET 200 https://registry.npmjs.org/semver/-/semver-6.3.1.tgz 8882ms (cache miss)
9230 http fetch GET 200 https://registry.npmjs.org/semver/-/semver-6.3.1.tgz 8882ms (cache miss)
9231 http fetch GET 200 https://registry.npmjs.org/schema-utils/-/schema-utils-4.2.0.tgz 8873ms (cache miss)
9232 timing reifyNode:node_modules/@typescript-eslint/utils/node_modules/eslint-scope Completed in 10211ms
9233 http fetch GET 200 https://registry.npmjs.org/semver/-/semver-6.3.1.tgz 8888ms (cache miss)
9234 timing reifyNode:node_modules/@babel/helper-create-class-features-plugin/node_modules/semver Completed in 10214ms
9235 timing reifyNode:node_modules/@babel/helper-create-regexp-features-plugin/node_modules/semver Completed in 10214ms
9236 http fetch GET 200 https://registry.npmjs.org/semver/-/semver-6.3.1.tgz 8896ms (cache miss)
9237 http fetch GET 200 https://registry.npmjs.org/escape-string-regexp/-/escape-string-regexp-4.0.0.tgz 8891ms (cache miss)
9238 http fetch GET 200 https://registry.npmjs.org/loader-utils/-/loader-utils-3.2.1.tgz 8891ms (cache miss)
9239 timing reifyNode:node_modules/@babel/preset-env/node_modules/semver Completed in 10218ms
9240 http fetch GET 200 https://registry.npmjs.org/semver/-/semver-6.3.1.tgz 8910ms (cache miss)
9241 http fetch GET 200 https://registry.npmjs.org/regenerator-runtime/-/regenerator-runtime-0.13.11.tgz 8902ms (cache miss)
9242 timing reifyNode:node_modules/@babel/helper-compilation-targets/node_modules/semver Completed in 10227ms
9243 http fetch GET 200 https://registry.npmjs.org/ansi-styles/-/ansi-styles-5.2.0.tgz 8900ms (cache miss)
9244 timing reifyNode:node_modules/babel-plugin-polyfill-corejs2/node_modules/semver Completed in 10240ms
9245 http fetch GET 200 https://registry.npmjs.org/json-schema-traverse/-/json-schema-traverse-1.0.0.tgz 8917ms (cache miss)
9246 http fetch GET 200 https://registry.npmjs.org/schema-utils/-/schema-utils-4.2.0.tgz 8917ms (cache miss)
9247 http fetch GET 200 https://registry.npmjs.org/react-is/-/react-is-18.2.0.tgz 8916ms (cache miss)
9248 timing reifyNode:node_modules/react-dev-utils/node_modules/escape-string-regexp Completed in 10259ms
9249 timing reifyNode:node_modules/resolve-url-loader/node_modules/picocolors Completed in 10261ms
9250 http fetch GET 200 https://registry.npmjs.org/mdn-data/-/mdn-data-2.0.14.tgz 9019ms (cache miss)
9251 http fetch GET 200 https://registry.npmjs.org/jest-message-util/-/jest-message-util-28.1.3.tgz 8943ms (cache miss)
9252 http fetch GET 200 https://registry.npmjs.org/webpack-dev-server/-/webpack-dev-server-4.15.1.tgz 9080ms (cache miss)
9253 http fetch GET 200 https://registry.npmjs.org/pretty-format/-/pretty-format-28.1.3.tgz 8945ms (cache miss)
9254 timing reifyNode:node_modules/react-app-polyfill/node_modules/regenerator-runtime Completed in 10280ms
9255 timing reifyNode:node_modules/jest-watch-typeahead/node_modules/pretty-format/node_modules/ansi-styles Completed in 10283ms
9256 timing reifyNode:node_modules/csso/node_modules/mdn-data Completed in 10323ms
9257 http fetch GET 200 https://registry.npmjs.org/slash/-/slash-3.0.0.tgz 8956ms (cache miss)
9258 http fetch GET 200 https://registry.npmjs.org/slash/-/slash-3.0.0.tgz 8957ms (cache miss)
9259 timing reifyNode:node_modules/webpack-dev-server Completed in 10297ms
9260 http fetch GET 200 https://registry.npmjs.org/jest-util/-/jest-util-28.1.3.tgz 8966ms (cache miss)
9261 http fetch GET 200 https://registry.npmjs.org/strip-ansi/-/strip-ansi-7.1.0.tgz 8978ms (cache miss)
9262 http fetch GET 200 https://registry.npmjs.org/bfj/-/bfj-7.1.0.tgz 9102ms (cache miss)
9263 http fetch GET 200 https://registry.npmjs.org/emittery/-/emittery-0.10.2.tgz 8980ms (cache miss)
9264 http fetch GET 200 https://registry.npmjs.org/@types/yargs/-/yargs-17.0.32.tgz 8993ms (cache miss)
9265 timing reifyNode:node_modules/svgo/node_modules/css-select Completed in 10335ms
9266 timing reifyNode:node_modules/jest-watch-typeahead/node_modules/jest-message-util Completed in 10329ms
9267 timing reifyNode:node_modules/svgo/node_modules/css-what Completed in 10341ms
9268 timing reifyNode:node_modules/jest-watch-typeahead/node_modules/@jest/console/node_modules/slash Completed in 10333ms
9269 timing reifyNode:node_modules/jest-watch-typeahead/node_modules/jest-message-util/node_modules/slash Completed in 10334ms
9270 http fetch GET 200 https://registry.npmjs.org/ansi-regex/-/ansi-regex-6.0.1.tgz 8997ms (cache miss)
9271 http fetch GET 200 https://registry.npmjs.org/slash/-/slash-4.0.0.tgz 8997ms (cache miss)
9272 timing reifyNode:node_modules/bfj Completed in 10327ms
9273 http fetch GET 200 https://registry.npmjs.org/source-map/-/source-map-0.6.1.tgz 9104ms (cache miss)
9274 timing reifyNode:node_modules/csso/node_modules/source-map Completed in 10387ms
9275 http fetch GET 200 https://registry.npmjs.org/char-regex/-/char-regex-2.0.1.tgz 9015ms (cache miss)
9276 http fetch GET 200 https://registry.npmjs.org/string-length/-/string-length-5.0.1.tgz 9017ms (cache miss)
9277 timing reifyNode:node_modules/jest-watch-typeahead/node_modules/strip-ansi Completed in 10363ms
9278 http fetch GET 200 https://registry.npmjs.org/@jest/console/-/console-28.1.3.tgz 9037ms (cache miss)
9279 http fetch GET 200 https://registry.npmjs.org/@jest/test-result/-/test-result-28.1.3.tgz 9029ms (cache miss)
9280 http fetch GET 200 https://registry.npmjs.org/string-length/-/string-length-4.0.2.tgz 9024ms (cache miss)
9281 http fetch GET 200 https://registry.npmjs.org/jest-regex-util/-/jest-regex-util-28.0.2.tgz 9025ms (cache miss)
9282 http fetch GET 200 https://registry.npmjs.org/strip-ansi/-/strip-ansi-6.0.1.tgz 9025ms (cache miss)
9283 timing reifyNode:node_modules/jest-watch-typeahead/node_modules/emittery Completed in 10373ms
9284 http fetch GET 200 https://registry.npmjs.org/jest-watcher/-/jest-watcher-28.1.3.tgz 9042ms (cache miss)
9285 http fetch GET 200 https://registry.npmjs.org/fs-extra/-/fs-extra-9.1.0.tgz 9150ms (cache miss)
9286 timing reifyNode:node_modules/jest-watch-typeahead/node_modules/strip-ansi/node_modules/ansi-regex Completed in 10384ms
9287 timing reifyNode:node_modules/jest-watch-typeahead/node_modules/slash Completed in 10457ms
9288 timing reifyNode:node_modules/jest-watch-typeahead/node_modules/jest-regex-util Completed in 10470ms
9289 timing reifyNode:node_modules/workbox-build/node_modules/fs-extra Completed in 10524ms
9290 timing reifyNode:node_modules/jest-watch-typeahead/node_modules/string-length Completed in 10482ms
9291 timing reifyNode:node_modules/jest-watch-typeahead/node_modules/string-length/node_modules/char-regex Completed in 10484ms
9292 http fetch GET 200 https://registry.npmjs.org/schema-utils/-/schema-utils-4.2.0.tgz 9143ms (cache miss)
9293 http fetch GET 200 https://registry.npmjs.org/supports-color/-/supports-color-8.1.1.tgz 9142ms (cache miss)
9294 timing reifyNode:node_modules/jest-watch-typeahead/node_modules/react-is Completed in 10488ms
9295 timing reifyNode:node_modules/jest-watch-typeahead/node_modules/jest-watcher/node_modules/string-length Completed in 10491ms
9296 timing reifyNode:node_modules/jest-watch-typeahead/node_modules/jest-watcher/node_modules/strip-ansi Completed in 10492ms
9297 http fetch GET 200 https://registry.npmjs.org/source-map/-/source-map-0.6.1.tgz 9247ms (cache miss)
9298 timing reifyNode:node_modules/css-tree/node_modules/source-map Completed in 10533ms
9299 http fetch GET 200 https://registry.npmjs.org/axobject-query/-/axobject-query-3.2.1.tgz 9626ms (cache miss)
9300 http fetch GET 200 https://registry.npmjs.org/json-schema-traverse/-/json-schema-traverse-1.0.0.tgz 9159ms (cache miss)
9301 http fetch GET 200 https://registry.npmjs.org/json-schema-traverse/-/json-schema-traverse-1.0.0.tgz 9155ms (cache miss)
9302 http fetch GET 200 https://registry.npmjs.org/escape-string-regexp/-/escape-string-regexp-4.0.0.tgz 9155ms (cache miss)
9303 timing reifyNode:node_modules/axobject-query Completed in 10527ms
9304 http fetch GET 200 https://registry.npmjs.org/clean-css/-/clean-css-5.3.3.tgz 9684ms (cache miss)
9305 timing reifyNode:node_modules/clean-css Completed in 10539ms
9306 timing reifyNode:node_modules/eslint-webpack-plugin/node_modules/supports-color Completed in 10524ms
9307 http fetch GET 200 https://registry.npmjs.org/globals/-/globals-13.24.0.tgz 9178ms (cache miss)
9308 timing reifyNode:node_modules/webpack-dev-server/node_modules/json-schema-traverse Completed in 10531ms
9309 http fetch GET 200 https://registry.npmjs.org/schema-utils/-/schema-utils-4.2.0.tgz 9183ms (cache miss)
9310 timing reifyNode:node_modules/eslint/node_modules/escape-string-regexp Completed in 10537ms
9311 http fetch GET 200 https://registry.npmjs.org/estraverse/-/estraverse-4.3.0.tgz 9194ms (cache miss)
9312 timing reifyNode:node_modules/jest-watch-typeahead/node_modules/@types/yargs Completed in 10549ms
9313 timing reifyNode:node_modules/svgo/node_modules/domutils Completed in 10558ms
9314 timing reifyNode:node_modules/jest-watch-typeahead/node_modules/@jest/test-result Completed in 10550ms
9315 http fetch GET 200 https://registry.npmjs.org/iconv-lite/-/iconv-lite-0.4.24.tgz 9290ms (cache miss)
9316 timing reifyNode:node_modules/workbox-webpack-plugin/node_modules/webpack-sources Completed in 10557ms
9317 http fetch GET 200 https://registry.npmjs.org/ajv/-/ajv-6.12.6.tgz 9599ms (cache miss)
9318 http fetch GET 200 https://registry.npmjs.org/source-map/-/source-map-0.6.1.tgz 9304ms (cache miss)
9319 timing reifyNode:node_modules/static-eval/node_modules/source-map Completed in 10590ms
9320 timing reifyNode:node_modules/whatwg-encoding/node_modules/iconv-lite Completed in 10592ms
9321 timing reifyNode:node_modules/ajv Completed in 10587ms
9322 http fetch GET 200 https://registry.npmjs.org/@jest/types/-/types-28.1.3.tgz 9243ms (cache miss)
9323 timing reifyNode:node_modules/jest-watch-typeahead/node_modules/@jest/console Completed in 10586ms
9324 timing reifyNode:node_modules/webpack-manifest-plugin/node_modules/webpack-sources Completed in 10587ms
9325 timing reifyNode:node_modules/react-dev-utils/node_modules/loader-utils Completed in 10593ms
9326 timing reifyNode:node_modules/eslint/node_modules/globals Completed in 10594ms
9327 timing reifyNode:node_modules/mini-css-extract-plugin/node_modules/json-schema-traverse Completed in 10597ms
9328 timing reifyNode:node_modules/webpack/node_modules/estraverse Completed in 10600ms
9329 http fetch GET 200 https://registry.npmjs.org/source-map/-/source-map-0.6.1.tgz 9352ms (cache miss)
9330 timing reifyNode:node_modules/@jest/source-map/node_modules/source-map Completed in 10642ms
9331 http fetch GET 200 https://registry.npmjs.org/source-map/-/source-map-0.6.1.tgz 9357ms (cache miss)
9332 timing reifyNode:node_modules/escodegen/node_modules/source-map Completed in 10644ms
9333 http fetch GET 200 https://registry.npmjs.org/acorn/-/acorn-7.4.1.tgz 9357ms (cache miss)
9334 timing reifyNode:node_modules/cssstyle/node_modules/cssom Completed in 10649ms
9335 http fetch GET 200 https://registry.npmjs.org/postcss/-/postcss-8.4.32.tgz 9427ms (cache miss)
9336 http fetch GET 200 https://registry.npmjs.org/semver/-/semver-6.3.1.tgz 9278ms (cache miss)
9337 timing reifyNode:node_modules/acorn-globals/node_modules/acorn Completed in 10664ms
9338 http fetch GET 200 https://registry.npmjs.org/source-map/-/source-map-0.6.1.tgz 9384ms (cache miss)
9339 timing reifyNode:node_modules/source-map-support/node_modules/source-map Completed in 10673ms
9340 http fetch GET 200 https://registry.npmjs.org/source-map/-/source-map-0.6.1.tgz 9374ms (cache miss)
9341 timing reifyNode:node_modules/@jest/reporters/node_modules/source-map Completed in 10668ms
9342 timing reifyNode:node_modules/@babel/core/node_modules/semver Completed in 10639ms
9343 timing reifyNode:node_modules/postcss Completed in 10650ms
9344 http fetch GET 200 https://registry.npmjs.org/argparse/-/argparse-2.0.1.tgz 9308ms (cache miss)
9345 http fetch GET 200 https://registry.npmjs.org/source-map/-/source-map-0.6.1.tgz 9393ms (cache miss)
9346 timing reifyNode:node_modules/istanbul-lib-source-maps/node_modules/source-map Completed in 10686ms
9347 timing reifyNode:node_modules/eslint/node_modules/argparse Completed in 10666ms
9348 http fetch GET 200 https://registry.npmjs.org/svgo/-/svgo-1.3.2.tgz 9610ms (cache miss)
9349 warn deprecated svgo@1.3.2: This SVGO version is no longer supported. Upgrade to v2.x.x.
9350 timing reifyNode:node_modules/svgo Completed in 10701ms
9351 http fetch GET 200 https://registry.npmjs.org/@babel/traverse/-/traverse-7.23.6.tgz 9511ms (cache miss)
9352 http fetch GET 200 https://registry.npmjs.org/fs-extra/-/fs-extra-9.1.0.tgz 9437ms (cache miss)
9353 http fetch GET 200 https://registry.npmjs.org/ws/-/ws-8.15.1.tgz 9377ms (cache miss)
9354 http fetch GET 200 https://registry.npmjs.org/esprima/-/esprima-1.2.2.tgz 9399ms (cache miss)
9355 timing reifyNode:node_modules/fork-ts-checker-webpack-plugin/node_modules/fs-extra Completed in 10737ms
9356 timing reifyNode:node_modules/@babel/traverse Completed in 10709ms
9357 timing reifyNode:node_modules/webpack-dev-server/node_modules/ws Completed in 10709ms
9358 timing reifyNode:node_modules/jsonpath/node_modules/esprima Completed in 10719ms
9359 timing reifyNode:node_modules/jest-watch-typeahead/node_modules/pretty-format Completed in 10719ms
9360 http fetch GET 200 https://registry.npmjs.org/source-map/-/source-map-0.6.1.tgz 9446ms (cache miss)
9361 timing reifyNode:node_modules/clean-css/node_modules/source-map Completed in 10740ms
9362 timing reifyNode:node_modules/eslint-webpack-plugin/node_modules/json-schema-traverse Completed in 10725ms
9363 timing reifyNode:node_modules/css-minimizer-webpack-plugin/node_modules/json-schema-traverse Completed in 10728ms
9364 http fetch GET 200 https://registry.npmjs.org/@babel/helpers/-/helpers-7.23.6.tgz 9546ms (cache miss)
9365 timing reifyNode:node_modules/jest-watch-typeahead/node_modules/@jest/types Completed in 10732ms
9366 timing reifyNode:node_modules/jest-watch-typeahead/node_modules/jest-watcher Completed in 10733ms
9367 timing reifyNode:node_modules/@babel/helpers Completed in 10741ms
9368 timing reifyNode:node_modules/webpack-dev-server/node_modules/schema-utils Completed in 10747ms
9369 http fetch GET 200 https://registry.npmjs.org/eslint-scope/-/eslint-scope-5.1.1.tgz 9390ms (cache miss)
9370 timing reifyNode:node_modules/webpack/node_modules/eslint-scope Completed in 10747ms
9371 http fetch GET 200 https://registry.npmjs.org/mdn-data/-/mdn-data-2.0.14.tgz 9465ms (cache miss)
9372 http fetch GET 200 https://registry.npmjs.org/cosmiconfig/-/cosmiconfig-6.0.0.tgz 9508ms (cache miss)
9373 timing reifyNode:node_modules/mini-css-extract-plugin/node_modules/schema-utils Completed in 10767ms
9374 timing reifyNode:node_modules/postcss-svgo/node_modules/mdn-data Completed in 10780ms
9375 timing reifyNode:node_modules/fork-ts-checker-webpack-plugin/node_modules/cosmiconfig Completed in 10809ms
9376 http fetch GET 200 https://registry.npmjs.org/jest-worker/-/jest-worker-28.1.3.tgz 9434ms (cache miss)
9377 http fetch GET 200 https://registry.npmjs.org/eslint-plugin-import/-/eslint-plugin-import-2.29.1.tgz 9848ms (cache miss)
9378 timing reifyNode:node_modules/eslint-webpack-plugin/node_modules/jest-worker Completed in 10784ms
9379 timing reifyNode:node_modules/eslint-plugin-import Completed in 10806ms
9380 timing reifyNode:node_modules/jest-watch-typeahead/node_modules/jest-util Completed in 10803ms
9381 http fetch GET 200 https://registry.npmjs.org/source-map/-/source-map-0.6.1.tgz 9529ms (cache miss)
9382 timing reifyNode:node_modules/postcss-svgo/node_modules/source-map Completed in 10836ms
9383 http fetch GET 200 https://registry.npmjs.org/schema-utils/-/schema-utils-2.7.1.tgz 9475ms (cache miss)
9384 timing reifyNode:node_modules/eslint-webpack-plugin/node_modules/schema-utils Completed in 10831ms
9385 timing reifyNode:node_modules/babel-loader/node_modules/schema-utils Completed in 10824ms
9386 http fetch GET 200 https://registry.npmjs.org/source-map/-/source-map-0.6.1.tgz 9539ms (cache miss)
9387 timing reifyNode:node_modules/@jest/transform/node_modules/source-map Completed in 10851ms
9388 http fetch GET 200 https://registry.npmjs.org/source-map/-/source-map-0.6.1.tgz 9529ms (cache miss)
9389 timing reifyNode:node_modules/webpack-manifest-plugin/node_modules/source-map Completed in 10845ms
9390 timing reifyNode:node_modules/css-minimizer-webpack-plugin/node_modules/schema-utils Completed in 10850ms
9391 http fetch GET 200 https://registry.npmjs.org/source-map/-/source-map-0.6.1.tgz 9542ms (cache miss)
9392 timing reifyNode:node_modules/workbox-webpack-plugin/node_modules/source-map Completed in 10860ms
9393 http fetch GET 200 https://registry.npmjs.org/@pmmmwh/react-refresh-webpack-plugin/-/react-refresh-webpack-plugin-0.5.11.tgz 9650ms (cache miss)
9394 http fetch GET 200 https://registry.npmjs.org/source-map/-/source-map-0.6.1.tgz 9547ms (cache miss)
9395 timing reifyNode:node_modules/resolve-url-loader/node_modules/source-map Completed in 10869ms
9396 timing reifyNode:node_modules/@pmmmwh/react-refresh-webpack-plugin Completed in 10866ms
9397 http fetch GET 200 https://registry.npmjs.org/js-yaml/-/js-yaml-4.1.0.tgz 9583ms (cache miss)
9398 timing reifyNode:node_modules/@eslint/eslintrc/node_modules/js-yaml Completed in 10890ms
9399 http fetch GET 200 https://registry.npmjs.org/type-fest/-/type-fest-0.20.2.tgz 9589ms (cache miss)
9400 timing reifyNode:node_modules/@eslint/eslintrc/node_modules/type-fest Completed in 10902ms
9401 http fetch GET 200 https://registry.npmjs.org/postcss/-/postcss-7.0.39.tgz 9575ms (cache miss)
9402 http fetch GET 200 https://registry.npmjs.org/aria-query/-/aria-query-5.3.0.tgz 10020ms (cache miss)
9403 timing reifyNode:node_modules/aria-query Completed in 10920ms
9404 timing reifyNode:node_modules/resolve-url-loader/node_modules/postcss Completed in 10904ms
9405 http fetch GET 200 https://registry.npmjs.org/eslint-plugin-react/-/eslint-plugin-react-7.33.2.tgz 9980ms (cache miss)
9406 timing reifyNode:node_modules/eslint-plugin-react Completed in 10932ms
9407 http fetch GET 200 https://registry.npmjs.org/source-map/-/source-map-0.6.1.tgz 9604ms (cache miss)
9408 timing reifyNode:node_modules/css-minimizer-webpack-plugin/node_modules/source-map Completed in 10951ms
9409 http fetch GET 200 https://registry.npmjs.org/js-yaml/-/js-yaml-4.1.0.tgz 9669ms (cache miss)
9410 timing reifyNode:node_modules/eslint/node_modules/js-yaml Completed in 11015ms
9411 http fetch GET 200 https://registry.npmjs.org/type-fest/-/type-fest-0.20.2.tgz 9677ms (cache miss)
9412 timing reifyNode:node_modules/eslint/node_modules/type-fest Completed in 11029ms
9413 http fetch GET 200 https://registry.npmjs.org/sucrase/-/sucrase-3.34.0.tgz 10544ms (cache miss)
9414 timing reifyNode:node_modules/sucrase Completed in 11156ms
9415 http fetch GET 200 https://registry.npmjs.org/@typescript-eslint/typescript-estree/-/typescript-estree-5.62.0.tgz 10212ms (cache miss)
9416 timing reifyNode:node_modules/@typescript-eslint/typescript-estree Completed in 11159ms
9417 http fetch GET 200 https://registry.npmjs.org/react-dom/-/react-dom-18.2.0.tgz 9985ms (cache miss)
9418 http fetch GET 200 https://registry.npmjs.org/resolve/-/resolve-1.22.8.tgz 10011ms (cache miss)
9419 timing reifyNode:node_modules/resolve Completed in 11213ms
9420 timing reifyNode:node_modules/react-dom Completed in 11203ms
9421 http fetch GET 200 https://registry.npmjs.org/fork-ts-checker-webpack-plugin/-/fork-ts-checker-webpack-plugin-6.5.3.tgz 10652ms (cache miss)
9422 timing reifyNode:node_modules/fork-ts-checker-webpack-plugin Completed in 11328ms
9423 http fetch GET 200 https://registry.npmjs.org/svgo/-/svgo-2.8.0.tgz 10019ms (cache miss)
9424 timing reifyNode:node_modules/postcss-svgo/node_modules/svgo Completed in 11333ms
9425 http fetch GET 200 https://registry.npmjs.org/@babel/core/-/core-7.23.6.tgz 10196ms (cache miss)
9426 timing reifyNode:node_modules/@babel/core Completed in 11410ms
9427 http fetch GET 200 https://registry.npmjs.org/resolve/-/resolve-2.0.0-next.5.tgz 10153ms (cache miss)
9428 timing reifyNode:node_modules/eslint-plugin-react/node_modules/resolve Completed in 11459ms
9429 http fetch GET 200 https://registry.npmjs.org/@types/node/-/node-20.10.5.tgz 10452ms (cache miss)
9430 timing reifyNode:node_modules/@types/node Completed in 11514ms
9431 http fetch GET 200 https://registry.npmjs.org/@typescript-eslint/utils/-/utils-5.62.0.tgz 10626ms (cache miss)
9432 timing reifyNode:node_modules/@typescript-eslint/utils Completed in 11572ms
9433 http fetch GET 200 https://registry.npmjs.org/css-tree/-/css-tree-1.1.3.tgz 10314ms (cache miss)
9434 timing reifyNode:node_modules/csso/node_modules/css-tree Completed in 11605ms
9435 http fetch GET 200 https://registry.npmjs.org/ajv-keywords/-/ajv-keywords-5.1.0.tgz 10351ms (cache miss)
9436 timing reifyNode:node_modules/webpack-dev-middleware/node_modules/ajv-keywords Completed in 11636ms
9437 http fetch GET 200 https://registry.npmjs.org/eslint-plugin-jsx-a11y/-/eslint-plugin-jsx-a11y-6.8.0.tgz 10665ms (cache miss)
9438 timing reifyNode:node_modules/eslint-plugin-jsx-a11y Completed in 11617ms
9439 http fetch GET 200 https://registry.npmjs.org/@babel/runtime/-/runtime-7.23.6.tgz 10626ms (cache miss)
9440 timing reifyNode:node_modules/@babel/runtime Completed in 11664ms
9441 http fetch GET 200 https://registry.npmjs.org/css-tree/-/css-tree-1.1.3.tgz 10371ms (cache miss)
9442 timing reifyNode:node_modules/postcss-svgo/node_modules/css-tree Completed in 11685ms
9443 http fetch GET 200 https://registry.npmjs.org/ajv-keywords/-/ajv-keywords-5.1.0.tgz 10426ms (cache miss)
9444 timing reifyNode:node_modules/webpack-dev-server/node_modules/ajv-keywords Completed in 11749ms
9445 http fetch GET 200 https://registry.npmjs.org/ajv-keywords/-/ajv-keywords-5.1.0.tgz 10431ms (cache miss)
9446 timing reifyNode:node_modules/mini-css-extract-plugin/node_modules/ajv-keywords Completed in 11760ms
9447 http fetch GET 200 https://registry.npmjs.org/ajv-keywords/-/ajv-keywords-5.1.0.tgz 10436ms (cache miss)
9448 timing reifyNode:node_modules/eslint-webpack-plugin/node_modules/ajv-keywords Completed in 11781ms
9449 http fetch GET 200 https://registry.npmjs.org/ajv-keywords/-/ajv-keywords-5.1.0.tgz 10436ms (cache miss)
9450 timing reifyNode:node_modules/css-minimizer-webpack-plugin/node_modules/ajv-keywords Completed in 11786ms
9451 http fetch GET 200 https://registry.npmjs.org/@babel/types/-/types-7.23.6.tgz 10617ms (cache miss)
9452 timing reifyNode:node_modules/@babel/types Completed in 11805ms
9453 http fetch GET 200 https://registry.npmjs.org/yaml/-/yaml-2.3.4.tgz 10813ms (cache miss)
9454 timing reifyNode:node_modules/postcss-load-config/node_modules/yaml Completed in 12100ms
9455 http fetch GET 200 https://registry.npmjs.org/regenerate-unicode-properties/-/regenerate-unicode-properties-10.1.1.tgz 11617ms (cache miss)
9456 timing reifyNode:node_modules/regenerate-unicode-properties Completed in 12267ms
9457 http fetch GET 200 https://registry.npmjs.org/tailwindcss/-/tailwindcss-3.3.6.tgz 11317ms (cache miss)
9458 timing reifyNode:node_modules/tailwindcss Completed in 12515ms
9459 http fetch GET 200 https://registry.npmjs.org/jsdom/-/jsdom-16.7.0.tgz 12027ms (cache miss)
9460 timing reifyNode:node_modules/jsdom Completed in 12828ms
9461 http fetch GET 200 https://registry.npmjs.org/@typescript-eslint/eslint-plugin/-/eslint-plugin-5.62.0.tgz 11914ms (cache miss)
9462 timing reifyNode:node_modules/@typescript-eslint/eslint-plugin Completed in 12866ms
9463 http fetch GET 200 https://registry.npmjs.org/underscore/-/underscore-1.12.1.tgz 12209ms (cache miss)
9464 timing reifyNode:node_modules/underscore Completed in 12958ms
9465 http fetch GET 200 https://registry.npmjs.org/eslint/-/eslint-8.56.0.tgz 11739ms (cache miss)
9466 timing reifyNode:node_modules/eslint Completed in 12948ms
9467 http fetch GET 200 https://registry.npmjs.org/ajv/-/ajv-8.12.0.tgz 11817ms (cache miss)
9468 http fetch GET 200 https://registry.npmjs.org/@typescript-eslint/scope-manager/-/scope-manager-5.62.0.tgz 12111ms (cache miss)
9469 timing reifyNode:node_modules/ajv-formats/node_modules/ajv Completed in 13090ms
9470 timing reifyNode:node_modules/@typescript-eslint/scope-manager Completed in 13060ms
9471 http fetch GET 200 https://registry.npmjs.org/ajv/-/ajv-8.12.0.tgz 11810ms (cache miss)
9472 timing reifyNode:node_modules/workbox-build/node_modules/ajv Completed in 13093ms
9473 http fetch GET 200 https://registry.npmjs.org/ajv/-/ajv-8.12.0.tgz 11813ms (cache miss)
9474 timing reifyNode:node_modules/webpack-dev-middleware/node_modules/ajv Completed in 13096ms
9475 http fetch GET 200 https://registry.npmjs.org/ajv/-/ajv-8.12.0.tgz 11791ms (cache miss)
9476 timing reifyNode:node_modules/webpack-dev-server/node_modules/ajv Completed in 13114ms
9477 http fetch GET 200 https://registry.npmjs.org/ajv/-/ajv-8.12.0.tgz 11793ms (cache miss)
9478 timing reifyNode:node_modules/mini-css-extract-plugin/node_modules/ajv Completed in 13122ms
9479 http fetch GET 200 https://registry.npmjs.org/ajv/-/ajv-8.12.0.tgz 11787ms (cache miss)
9480 timing reifyNode:node_modules/eslint-webpack-plugin/node_modules/ajv Completed in 13129ms
9481 http fetch GET 200 https://registry.npmjs.org/ajv/-/ajv-8.12.0.tgz 11792ms (cache miss)
9482 timing reifyNode:node_modules/css-minimizer-webpack-plugin/node_modules/ajv Completed in 13139ms
9483 http fetch GET 200 https://registry.npmjs.org/typescript/-/typescript-5.3.3.tgz 12215ms (cache miss)
9484 timing reifyNode:node_modules/typescript Completed in 13157ms
9485 http fetch GET 200 https://registry.npmjs.org/webpack/-/webpack-5.89.0.tgz 12268ms (cache miss)
9486 timing reifyNode:node_modules/webpack Completed in 13476ms
9487 http fetch GET 200 https://registry.npmjs.org/caniuse-lite/-/caniuse-lite-1.0.30001570.tgz 12556ms (cache miss)
9488 timing reifyNode:node_modules/caniuse-lite Completed in 13578ms
9489 http fetch GET 200 https://registry.npmjs.org/lodash/-/lodash-4.17.21.tgz 12788ms (cache miss)
9490 timing reifyNode:node_modules/lodash Completed in 13726ms
9491 http fetch GET 200 https://registry.npmjs.org/es-abstract/-/es-abstract-1.22.3.tgz 13582ms (cache miss)
9492 timing reifyNode:node_modules/es-abstract Completed in 14508ms
9493 http fetch GET 200 https://registry.npmjs.org/core-js/-/core-js-3.34.0.tgz 15310ms (cache miss)
9494 timing reifyNode:node_modules/core-js Completed in 15993ms
9495 http fetch GET 200 https://registry.npmjs.org/core-js-pure/-/core-js-pure-3.34.0.tgz 14870ms (cache miss)
9496 timing reifyNode:node_modules/core-js-pure Completed in 16039ms
9497 timing reify:unpack Completed in 16082ms
9498 timing reify:unretire Completed in 1ms
9499 timing build:queue Completed in 31ms
9500 timing build:link:node_modules/jest-cli Completed in 3ms
9501 timing build:link:node_modules/@babel/parser Completed in 67ms
9502 timing build:link:node_modules/@babel/helper-create-class-features-plugin/node_modules/semver Completed in 62ms
9503 timing build:link:node_modules/@babel/core/node_modules/semver Completed in 63ms
9504 timing build:link:node_modules/babel-plugin-polyfill-corejs2/node_modules/semver Completed in 62ms
9505 timing build:link:node_modules/@babel/helper-create-regexp-features-plugin/node_modules/semver Completed in 62ms
9506 timing build:link:node_modules/@babel/plugin-transform-runtime/node_modules/semver Completed in 62ms
9507 timing build:link:node_modules/@babel/helper-compilation-targets/node_modules/semver Completed in 63ms
9508 timing build:link:node_modules/@babel/eslint-parser/node_modules/semver Completed in 63ms
9509 timing build:link:node_modules/eslint-plugin-react/node_modules/resolve Completed in 62ms
9510 timing build:link:node_modules/acorn-globals/node_modules/acorn Completed in 62ms
9511 timing build:link:node_modules/@babel/preset-env/node_modules/semver Completed in 62ms
9512 timing build:link:node_modules/@eslint/eslintrc/node_modules/js-yaml Completed in 62ms
9513 timing build:link:node_modules/eslint/node_modules/js-yaml Completed in 62ms
9514 timing build:link:node_modules/eslint-plugin-import/node_modules/semver Completed in 62ms
9515 timing build:link:node_modules/istanbul-lib-instrument/node_modules/semver Completed in 62ms
9516 timing build:link:node_modules/make-dir/node_modules/semver Completed in 62ms
9517 timing build:link:node_modules/regjsparser/node_modules/jsesc Completed in 62ms
9518 timing build:link:node_modules/global-prefix/node_modules/which Completed in 62ms
9519 timing build:link:node_modules/postcss-svgo/node_modules/svgo Completed in 62ms
9520 timing build:link:node_modules/ansi-html-community Completed in 66ms
9521 timing build:link:node_modules/autoprefixer Completed in 66ms
9522 timing build:link:node_modules/tsconfig-paths/node_modules/json5 Completed in 61ms
9523 timing build:link:node_modules/browserslist Completed in 66ms
9524 timing build:link:node_modules/css-blank-pseudo Completed in 66ms
9525 timing build:link:node_modules/acorn Completed in 66ms
9526 timing build:link:node_modules/cssesc Completed in 66ms
9527 timing build:link:node_modules/css-prefers-color-scheme Completed in 66ms
9528 timing build:link:node_modules/css-has-pseudo Completed in 66ms
9529 timing build:link:node_modules/eslint Completed in 66ms
9530 timing build:link:node_modules/detect-port-alt Completed in 66ms
9531 timing build:link:node_modules/escodegen Completed in 66ms
9532 timing build:link:node_modules/he Completed in 66ms
9533 timing build:link:node_modules/ejs Completed in 66ms
9534 timing build:link:node_modules/html-minifier-terser Completed in 66ms
9535 timing build:link:node_modules/import-local Completed in 66ms
9536 timing build:link:node_modules/esprima Completed in 66ms
9537 timing build:link:node_modules/is-docker Completed in 65ms
9538 timing build:link:node_modules/jake Completed in 65ms
9539 timing build:link:node_modules/jiti Completed in 66ms
9540 timing build:link:node_modules/jest Completed in 66ms
9541 timing build:link:node_modules/json5 Completed in 66ms
9542 timing build:link:node_modules/js-yaml Completed in 66ms
9543 timing build:link:node_modules/jsesc Completed in 66ms
9544 timing build:link:node_modules/mime Completed in 66ms
9545 timing build:link:node_modules/loose-envify Completed in 66ms
9546 timing build:link:node_modules/mkdirp Completed in 66ms
9547 timing build:link:node_modules/react-scripts Completed in 66ms
9548 timing build:link:node_modules/regjsparser Completed in 66ms
9549 timing build:link:node_modules/rimraf Completed in 66ms
9550 timing build:link:node_modules/nanoid Completed in 66ms
9551 timing build:link:node_modules/multicast-dns Completed in 66ms
9552 timing build:link:node_modules/semver Completed in 65ms
9553 timing build:link:node_modules/resolve Completed in 66ms
9554 timing build:link:node_modules/rollup Completed in 65ms
9555 timing build:link:node_modules/sucrase Completed in 65ms
9556 timing build:link:node_modules/update-browserslist-db Completed in 65ms
9557 timing build:link:node_modules/svgo Completed in 65ms
9558 timing build:link:node_modules/tailwindcss Completed in 65ms
9559 timing build:link:node_modules/uuid Completed in 65ms
9560 timing build:link:node_modules/webpack-dev-server Completed in 65ms
9561 timing build:link:node_modules/webpack Completed in 65ms
9562 timing build:link:node_modules/terser Completed in 65ms
9563 timing build:link:node_modules/typescript Completed in 65ms
9564 timing build:link:node_modules/which Completed in 65ms
9565 timing build:link:node_modules/static-eval/node_modules/escodegen Completed in 64ms
9566 timing build:link:node_modules/eslint-plugin-react/node_modules/semver Completed in 64ms
9567 timing build:link:node_modules/jsonpath/node_modules/esprima Completed in 64ms
9568 timing build:link Completed in 69ms
9569 info run core-js@3.34.0 postinstall node_modules/core-js node -e "try{require('./postinstall')}catch(e){}"
9570 info run core-js-pure@3.34.0 postinstall node_modules/core-js-pure node -e "try{require('./postinstall')}catch(e){}"
9571 info run core-js@3.34.0 postinstall { code: 0, signal: null }
9572 timing build:run:postinstall:node_modules/core-js Completed in 75ms
9573 info run core-js-pure@3.34.0 postinstall { code: 0, signal: null }
9574 timing build:run:postinstall:node_modules/core-js-pure Completed in 67ms
9575 timing build:run:postinstall Completed in 88ms
9576 timing build:deps Completed in 189ms
9577 timing build Completed in 190ms
9578 timing reify:build Completed in 192ms
9579 timing reify:trash Completed in 1ms
9580 timing reify:save Completed in 438ms
9581 timing reify Completed in 94852ms
9582 silly ADD node_modules/lodash.sortby
9583 silly ADD node_modules/jsonpointer
9584 silly ADD node_modules/json-schema
9585 silly ADD node_modules/source-list-map
9586 silly ADD node_modules/word-wrap
9587 silly ADD node_modules/@trysound/sax
9588 silly ADD node_modules/@sinclair/typebox
9589 silly ADD node_modules/@jest/schemas
9590 silly ADD node_modules/process-nextick-args
9591 silly ADD node_modules/core-util-is
9592 silly ADD node_modules/at-least-node
9593 silly ADD node_modules/require-from-string
9594 silly ADD node_modules/ajv-formats
9595 silly ADD node_modules/ajv-formats/node_modules/json-schema-traverse
9596 silly ADD node_modules/ajv-formats/node_modules/ajv
9597 silly ADD node_modules/p-try
9598 silly ADD node_modules/is-fullwidth-code-point
9599 silly ADD node_modules/wrap-ansi
9600 silly ADD node_modules/wrap-ansi/node_modules/color-name
9601 silly ADD node_modules/wrap-ansi/node_modules/color-convert
9602 silly ADD node_modules/wrap-ansi/node_modules/ansi-styles
9603 silly ADD node_modules/yargs-parser
9604 silly ADD node_modules/y18n
9605 silly ADD node_modules/string-width
9606 silly ADD node_modules/string-width/node_modules/emoji-regex
9607 silly ADD node_modules/require-directory
9608 silly ADD node_modules/get-caller-file
9609 silly ADD node_modules/cliui
9610 silly ADD node_modules/typedarray-to-buffer
9611 silly ADD node_modules/is-typedarray
9612 silly ADD node_modules/@types/trusted-types
9613 silly ADD node_modules/idb
9614 silly ADD node_modules/crypto-random-string
9615 silly ADD node_modules/unique-string
9616 silly ADD node_modules/temp-dir
9617 silly ADD node_modules/is-regexp
9618 silly ADD node_modules/is-obj
9619 silly ADD node_modules/get-own-enumerable-property-symbols
9620 silly ADD node_modules/sourcemap-codec
9621 silly ADD node_modules/filelist
9622 silly ADD node_modules/filelist/node_modules/brace-expansion
9623 silly ADD node_modules/filelist/node_modules/minimatch
9624 silly ADD node_modules/async
9625 silly ADD node_modules/jake
9626 silly ADD node_modules/jake/node_modules/has-flag
9627 silly ADD node_modules/jake/node_modules/color-name
9628 silly ADD node_modules/jake/node_modules/color-convert
9629 silly ADD node_modules/jake/node_modules/supports-color
9630 silly ADD node_modules/jake/node_modules/ansi-styles
9631 silly ADD node_modules/jake/node_modules/chalk
9632 silly ADD node_modules/ejs
9633 silly ADD node_modules/estree-walker
9634 silly ADD node_modules/magic-string
9635 silly ADD node_modules/is-module
9636 silly ADD node_modules/builtin-modules
9637 silly ADD node_modules/@types/resolve
9638 silly ADD node_modules/@rollup/pluginutils
9639 silly ADD node_modules/@rollup/pluginutils/node_modules/@types/estree
9640 silly ADD node_modules/workbox-window
9641 silly ADD node_modules/workbox-sw
9642 silly ADD node_modules/workbox-streams
9643 silly ADD node_modules/workbox-strategies
9644 silly ADD node_modules/workbox-routing
9645 silly ADD node_modules/workbox-recipes
9646 silly ADD node_modules/workbox-range-requests
9647 silly ADD node_modules/workbox-precaching
9648 silly ADD node_modules/workbox-navigation-preload
9649 silly ADD node_modules/workbox-google-analytics
9650 silly ADD node_modules/workbox-expiration
9651 silly ADD node_modules/workbox-core
9652 silly ADD node_modules/workbox-cacheable-response
9653 silly ADD node_modules/workbox-broadcast-update
9654 silly ADD node_modules/workbox-background-sync
9655 silly ADD node_modules/tempy
9656 silly ADD node_modules/tempy/node_modules/type-fest
9657 silly ADD node_modules/strip-comments
9658 silly ADD node_modules/stringify-object
9659 silly ADD node_modules/rollup-plugin-terser
9660 silly ADD node_modules/rollup-plugin-terser/node_modules/has-flag
9661 silly ADD node_modules/rollup-plugin-terser/node_modules/supports-color
9662 silly ADD node_modules/rollup-plugin-terser/node_modules/serialize-javascript
9663 silly ADD node_modules/rollup-plugin-terser/node_modules/jest-worker
9664 silly ADD node_modules/common-tags
9665 silly ADD node_modules/@surma/rollup-plugin-off-main-thread
9666 silly ADD node_modules/@rollup/plugin-replace
9667 silly ADD node_modules/@rollup/plugin-node-resolve
9668 silly ADD node_modules/rollup
9669 silly ADD node_modules/@rollup/plugin-babel
9670 silly ADD node_modules/workbox-build
9671 silly ADD node_modules/workbox-build/node_modules/webidl-conversions
9672 silly ADD node_modules/workbox-build/node_modules/tr46
9673 silly ADD node_modules/workbox-build/node_modules/whatwg-url
9674 silly ADD node_modules/workbox-build/node_modules/json-schema-traverse
9675 silly ADD node_modules/workbox-build/node_modules/source-map
9676 silly ADD node_modules/workbox-build/node_modules/fs-extra
9677 silly ADD node_modules/workbox-build/node_modules/ajv
9678 silly ADD node_modules/workbox-build/node_modules/@apideck/better-ajv-errors
9679 silly ADD node_modules/upath
9680 silly ADD node_modules/pretty-bytes
9681 silly ADD node_modules/is-weakset
9682 silly ADD node_modules/is-weakmap
9683 silly ADD node_modules/is-set
9684 silly ADD node_modules/is-map
9685 silly ADD node_modules/which-collection
9686 silly ADD node_modules/is-generator-function
9687 silly ADD node_modules/is-finalizationregistry
9688 silly ADD node_modules/is-async-function
9689 silly ADD node_modules/is-number-object
9690 silly ADD node_modules/is-boolean-object
9691 silly ADD node_modules/is-bigint
9692 silly ADD node_modules/isexe
9693 silly ADD node_modules/tr46
9694 silly ADD node_modules/websocket-extensions
9695 silly ADD node_modules/http-parser-js
9696 silly ADD node_modules/minimalistic-assert
9697 silly ADD node_modules/media-typer
9698 silly ADD node_modules/string_decoder
9699 silly ADD node_modules/wbuf
9700 silly ADD node_modules/readable-stream
9701 silly ADD node_modules/obuf
9702 silly ADD node_modules/hpack.js
9703 silly ADD node_modules/hpack.js/node_modules/string_decoder
9704 silly ADD node_modules/hpack.js/node_modules/safe-buffer
9705 silly ADD node_modules/hpack.js/node_modules/isarray
9706 silly ADD node_modules/hpack.js/node_modules/readable-stream
9707 silly ADD node_modules/detect-node
9708 silly ADD node_modules/spdy-transport
9709 silly ADD node_modules/select-hose
9710 silly ADD node_modules/http-deceiver
9711 silly ADD node_modules/handle-thing
9712 silly ADD node_modules/websocket-driver
9713 silly ADD node_modules/uuid
9714 silly ADD node_modules/faye-websocket
9715 silly ADD node_modules/batch
9716 silly ADD node_modules/mime
9717 silly ADD node_modules/node-forge
9718 silly ADD node_modules/@types/node-forge
9719 silly ADD node_modules/forwarded
9720 silly ADD node_modules/retry
9721 silly ADD node_modules/@types/retry
9722 silly ADD node_modules/ee-first
9723 silly ADD node_modules/@leichtgewicht/ip-codec
9724 silly ADD node_modules/thunky
9725 silly ADD node_modules/dns-packet
9726 silly ADD node_modules/follow-redirects
9727 silly ADD node_modules/eventemitter3
9728 silly ADD node_modules/is-plain-obj
9729 silly ADD node_modules/http-proxy
9730 silly ADD node_modules/@types/http-proxy
9731 silly ADD node_modules/toidentifier
9732 silly ADD node_modules/unpipe
9733 silly ADD node_modules/raw-body
9734 silly ADD node_modules/raw-body/node_modules/iconv-lite
9735 silly ADD node_modules/raw-body/node_modules/bytes
9736 silly ADD node_modules/destroy
9737 silly ADD node_modules/utils-merge
9738 silly ADD node_modules/type-is
9739 silly ADD node_modules/statuses
9740 silly ADD node_modules/setprototypeof
9741 silly ADD node_modules/serve-static
9742 silly ADD node_modules/send
9743 silly ADD node_modules/send/node_modules/ms
9744 silly ADD node_modules/send/node_modules/debug
9745 silly ADD node_modules/send/node_modules/debug/node_modules/ms
9746 silly ADD node_modules/range-parser
9747 silly ADD node_modules/qs
9748 silly ADD node_modules/proxy-addr
9749 silly ADD node_modules/proxy-addr/node_modules/ipaddr.js
9750 silly ADD node_modules/path-to-regexp
9751 silly ADD node_modules/parseurl
9752 silly ADD node_modules/on-finished
9753 silly ADD node_modules/methods
9754 silly ADD node_modules/merge-descriptors
9755 silly ADD node_modules/http-errors
9756 silly ADD node_modules/fresh
9757 silly ADD node_modules/finalhandler
9758 silly ADD node_modules/finalhandler/node_modules/ms
9759 silly ADD node_modules/finalhandler/node_modules/debug
9760 silly ADD node_modules/etag
9761 silly ADD node_modules/escape-html
9762 silly ADD node_modules/encodeurl
9763 silly ADD node_modules/depd
9764 silly ADD node_modules/cookie-signature
9765 silly ADD node_modules/cookie
9766 silly ADD node_modules/content-type
9767 silly ADD node_modules/content-disposition
9768 silly ADD node_modules/body-parser
9769 silly ADD node_modules/body-parser/node_modules/ms
9770 silly ADD node_modules/body-parser/node_modules/iconv-lite
9771 silly ADD node_modules/body-parser/node_modules/debug
9772 silly ADD node_modules/body-parser/node_modules/bytes
9773 silly ADD node_modules/negotiator
9774 silly ADD node_modules/vary
9775 silly ADD node_modules/on-headers
9776 silly ADD node_modules/compressible
9777 silly ADD node_modules/bytes
9778 silly ADD node_modules/accepts
9779 silly ADD node_modules/multicast-dns
9780 silly ADD node_modules/dns-equal
9781 silly ADD node_modules/array-flatten
9782 silly ADD node_modules/@types/http-errors
9783 silly ADD node_modules/@types/mime
9784 silly ADD node_modules/@types/send
9785 silly ADD node_modules/@types/range-parser
9786 silly ADD node_modules/@types/connect
9787 silly ADD node_modules/@types/qs
9788 silly ADD node_modules/@types/body-parser
9789 silly ADD node_modules/@types/express-serve-static-core
9790 silly ADD node_modules/webpack-dev-middleware
9791 silly ADD node_modules/webpack-dev-middleware/node_modules/json-schema-traverse
9792 silly ADD node_modules/webpack-dev-middleware/node_modules/ajv-keywords
9793 silly ADD node_modules/webpack-dev-middleware/node_modules/ajv
9794 silly ADD node_modules/webpack-dev-middleware/node_modules/schema-utils
9795 silly ADD node_modules/spdy
9796 silly ADD node_modules/sockjs
9797 silly ADD node_modules/serve-index
9798 silly ADD node_modules/serve-index/node_modules/statuses
9799 silly ADD node_modules/serve-index/node_modules/setprototypeof
9800 silly ADD node_modules/serve-index/node_modules/inherits
9801 silly ADD node_modules/serve-index/node_modules/depd
9802 silly ADD node_modules/serve-index/node_modules/ms
9803 silly ADD node_modules/serve-index/node_modules/http-errors
9804 silly ADD node_modules/serve-index/node_modules/debug
9805 silly ADD node_modules/selfsigned
9806 silly ADD node_modules/p-retry
9807 silly ADD node_modules/launch-editor
9808 silly ADD node_modules/ipaddr.js
9809 silly ADD node_modules/http-proxy-middleware
9810 silly ADD node_modules/express
9811 silly ADD node_modules/express/node_modules/ms
9812 silly ADD node_modules/express/node_modules/debug
9813 silly ADD node_modules/express/node_modules/array-flatten
9814 silly ADD node_modules/default-gateway
9815 silly ADD node_modules/connect-history-api-fallback
9816 silly ADD node_modules/compression
9817 silly ADD node_modules/compression/node_modules/ms
9818 silly ADD node_modules/compression/node_modules/safe-buffer
9819 silly ADD node_modules/compression/node_modules/debug
9820 silly ADD node_modules/colorette
9821 silly ADD node_modules/bonjour-service
9822 silly ADD node_modules/@types/ws
9823 silly ADD node_modules/@types/sockjs
9824 silly ADD node_modules/@types/serve-static
9825 silly ADD node_modules/@types/serve-index
9826 silly ADD node_modules/@types/express
9827 silly ADD node_modules/@types/connect-history-api-fallback
9828 silly ADD node_modules/@types/bonjour
9829 silly ADD node_modules/@xtuc/ieee754
9830 silly ADD node_modules/@webassemblyjs/utf8
9831 silly ADD node_modules/@webassemblyjs/leb128
9832 silly ADD node_modules/@webassemblyjs/ieee754
9833 silly ADD node_modules/@webassemblyjs/wast-printer
9834 silly ADD node_modules/@webassemblyjs/wasm-opt
9835 silly ADD node_modules/@webassemblyjs/wasm-gen
9836 silly ADD node_modules/@webassemblyjs/helper-wasm-section
9837 silly ADD node_modules/@webassemblyjs/helper-buffer
9838 silly ADD node_modules/@xtuc/long
9839 silly ADD node_modules/@webassemblyjs/helper-api-error
9840 silly ADD node_modules/@webassemblyjs/floating-point-hex-parser
9841 silly ADD node_modules/@webassemblyjs/helper-wasm-bytecode
9842 silly ADD node_modules/@webassemblyjs/helper-numbers
9843 silly ADD node_modules/webpack-sources
9844 silly ADD node_modules/watchpack
9845 silly ADD node_modules/loader-runner
9846 silly ADD node_modules/glob-to-regexp
9847 silly ADD node_modules/events
9848 silly ADD node_modules/es-module-lexer
9849 silly ADD node_modules/enhanced-resolve
9850 silly ADD node_modules/chrome-trace-event
9851 silly ADD node_modules/acorn-import-assertions
9852 silly ADD node_modules/@webassemblyjs/wasm-parser
9853 silly ADD node_modules/@webassemblyjs/wasm-edit
9854 silly ADD node_modules/@webassemblyjs/ast
9855 silly ADD node_modules/@types/eslint-scope
9856 silly ADD node_modules/tmpl
9857 silly ADD node_modules/makeerror
9858 silly ADD node_modules/browser-process-hrtime
9859 silly ADD node_modules/es-array-method-boxes-properly
9860 silly ADD node_modules/array.prototype.reduce
9861 silly ADD node_modules/object.getownpropertydescriptors
9862 silly ADD node_modules/requires-port
9863 silly ADD node_modules/querystringify
9864 silly ADD node_modules/escalade
9865 silly ADD node_modules/unicode-property-aliases-ecmascript
9866 silly ADD node_modules/unicode-canonical-property-names-ecmascript
9867 silly ADD node_modules/which-boxed-primitive
9868 silly ADD node_modules/has-bigints
9869 silly ADD node_modules/for-each
9870 silly ADD node_modules/@types/json5
9871 silly ADD node_modules/url-parse
9872 silly ADD node_modules/punycode
9873 silly ADD node_modules/psl
9874 silly ADD node_modules/is-number
9875 silly ADD node_modules/thenify
9876 silly ADD node_modules/@jridgewell/source-map
9877 silly ADD node_modules/supports-hyperlinks
9878 silly ADD node_modules/supports-hyperlinks/node_modules/supports-color
9879 silly ADD node_modules/supports-hyperlinks/node_modules/has-flag
9880 silly ADD node_modules/thenify-all
9881 silly ADD node_modules/any-promise
9882 silly ADD node_modules/ts-interface-checker
9883 silly ADD node_modules/mz
9884 silly ADD node_modules/pify
9885 silly ADD node_modules/camelcase-css
9886 silly ADD node_modules/read-cache
9887 silly ADD node_modules/sucrase
9888 silly ADD node_modules/sucrase/node_modules/glob
9889 silly ADD node_modules/sucrase/node_modules/commander
9890 silly ADD node_modules/postcss-nested
9891 silly ADD node_modules/postcss-load-config
9892 silly ADD node_modules/postcss-load-config/node_modules/yaml
9893 silly ADD node_modules/postcss-load-config/node_modules/lilconfig
9894 silly ADD node_modules/postcss-js
9895 silly ADD node_modules/postcss-import
9896 silly ADD node_modules/object-hash
9897 silly ADD node_modules/jiti
9898 silly ADD node_modules/dlv
9899 silly ADD node_modules/didyoumean
9900 silly ADD node_modules/arg
9901 silly ADD node_modules/@alloc/quick-lru
9902 silly ADD node_modules/minimist
9903 silly ADD node_modules/mdn-data
9904 silly ADD node_modules/q
9905 silly ADD node_modules/@types/q
9906 silly ADD node_modules/util.promisify
9907 silly ADD node_modules/unquote
9908 silly ADD node_modules/stable
9909 silly ADD node_modules/sax
9910 silly ADD node_modules/mkdirp
9911 silly ADD node_modules/csso
9912 silly ADD node_modules/csso/node_modules/source-map
9913 silly ADD node_modules/csso/node_modules/mdn-data
9914 silly ADD node_modules/csso/node_modules/css-tree
9915 silly ADD node_modules/css-tree
9916 silly ADD node_modules/css-tree/node_modules/source-map
9917 silly ADD node_modules/css-select-base-adapter
9918 silly ADD node_modules/coa
9919 silly ADD node_modules/has-flag
9920 silly ADD node_modules/char-regex
9921 silly ADD node_modules/buffer-from
9922 silly ADD node_modules/safer-buffer
9923 silly ADD node_modules/iconv-lite
9924 silly ADD node_modules/shebang-regex
9925 silly ADD node_modules/safe-buffer
9926 silly ADD node_modules/randombytes
9927 silly ADD node_modules/ajv-keywords
9928 silly ADD node_modules/xmlchars
9929 silly ADD node_modules/neo-async
9930 silly ADD node_modules/isarray
9931 silly ADD node_modules/queue-microtask
9932 silly ADD node_modules/regex-parser
9933 silly ADD node_modules/adjust-sourcemap-loader
9934 silly ADD node_modules/supports-preserve-symlinks-flag
9935 silly ADD node_modules/path-parse
9936 silly ADD node_modules/entities
9937 silly ADD node_modules/dom-serializer
9938 silly ADD node_modules/domelementtype
9939 silly ADD node_modules/utila
9940 silly ADD node_modules/nth-check
9941 silly ADD node_modules/domutils
9942 silly ADD node_modules/domhandler
9943 silly ADD node_modules/css-what
9944 silly ADD node_modules/boolbase
9945 silly ADD node_modules/htmlparser2
9946 silly ADD node_modules/dom-converter
9947 silly ADD node_modules/css-select
9948 silly ADD node_modules/unicode-match-property-value-ecmascript
9949 silly ADD node_modules/unicode-match-property-ecmascript
9950 silly ADD node_modules/regjsparser
9951 silly ADD node_modules/regjsparser/node_modules/jsesc
9952 silly ADD node_modules/regenerate-unicode-properties
9953 silly ADD node_modules/regenerate
9954 silly ADD node_modules/@babel/regjsgen
9955 silly ADD node_modules/which-builtin-type
9956 silly ADD node_modules/is-wsl
9957 silly ADD node_modules/is-docker
9958 silly ADD node_modules/define-lazy-prop
9959 silly ADD node_modules/fs-monkey
9960 silly ADD node_modules/binary-extensions
9961 silly ADD node_modules/duplexer
9962 silly ADD node_modules/kind-of
9963 silly ADD node_modules/ini
9964 silly ADD node_modules/global-prefix
9965 silly ADD node_modules/global-prefix/node_modules/which
9966 silly ADD node_modules/readdirp
9967 silly ADD node_modules/is-binary-path
9968 silly ADD node_modules/memfs
9969 silly ADD node_modules/chokidar
9970 silly ADD node_modules/chokidar/node_modules/glob-parent
9971 silly ADD node_modules/shell-quote
9972 silly ADD node_modules/recursive-readdir
9973 silly ADD node_modules/react-error-overlay
9974 silly ADD node_modules/pkg-up
9975 silly ADD node_modules/pkg-up/node_modules/p-limit
9976 silly ADD node_modules/pkg-up/node_modules/path-exists
9977 silly ADD node_modules/pkg-up/node_modules/p-locate
9978 silly ADD node_modules/pkg-up/node_modules/locate-path
9979 silly ADD node_modules/pkg-up/node_modules/find-up
9980 silly ADD node_modules/open
9981 silly ADD node_modules/is-root
9982 silly ADD node_modules/immer
9983 silly ADD node_modules/gzip-size
9984 silly ADD node_modules/global-modules
9985 silly ADD node_modules/fork-ts-checker-webpack-plugin
9986 silly ADD node_modules/fork-ts-checker-webpack-plugin/node_modules/has-flag
9987 silly ADD node_modules/fork-ts-checker-webpack-plugin/node_modules/color-name
9988 silly ADD node_modules/fork-ts-checker-webpack-plugin/node_modules/color-convert
9989 silly ADD node_modules/fork-ts-checker-webpack-plugin/node_modules/supports-color
9990 silly ADD node_modules/fork-ts-checker-webpack-plugin/node_modules/ansi-styles
9991 silly ADD node_modules/fork-ts-checker-webpack-plugin/node_modules/tapable
9992 silly ADD node_modules/fork-ts-checker-webpack-plugin/node_modules/schema-utils
9993 silly ADD node_modules/fork-ts-checker-webpack-plugin/node_modules/fs-extra
9994 silly ADD node_modules/fork-ts-checker-webpack-plugin/node_modules/cosmiconfig
9995 silly ADD node_modules/fork-ts-checker-webpack-plugin/node_modules/chalk
9996 silly ADD node_modules/filesize
9997 silly ADD node_modules/detect-port-alt
9998 silly ADD node_modules/detect-port-alt/node_modules/ms
9999 silly ADD node_modules/detect-port-alt/node_modules/debug
10000 silly ADD node_modules/address
10001 silly ADD node_modules/performance-now
10002 silly ADD node_modules/asap
10003 silly ADD node_modules/whatwg-fetch
10004 silly ADD node_modules/raf
10005 silly ADD node_modules/promise
10006 silly ADD node_modules/core-js
10007 silly ADD node_modules/object-assign
10008 silly ADD node_modules/sisteransi
10009 silly ADD node_modules/kleur
10010 silly ADD node_modules/react-is
10011 silly ADD node_modules/ansi-regex
10012 silly ADD node_modules/renderkid
10013 silly ADD node_modules/util-deprecate
10014 silly ADD node_modules/cssesc
10015 silly ADD node_modules/normalize-range
10016 silly ADD node_modules/fraction.js
10017 silly ADD node_modules/@csstools/selector-specificity
10018 silly ADD node_modules/postcss-selector-not
10019 silly ADD node_modules/postcss-replace-overflow-wrap
10020 silly ADD node_modules/postcss-pseudo-class-any-link
10021 silly ADD node_modules/postcss-place
10022 silly ADD node_modules/postcss-page-break
10023 silly ADD node_modules/postcss-overflow-shorthand
10024 silly ADD node_modules/postcss-opacity-percentage
10025 silly ADD node_modules/postcss-nesting
10026 silly ADD node_modules/postcss-media-minmax
10027 silly ADD node_modules/postcss-logical
10028 silly ADD node_modules/postcss-lab-function
10029 silly ADD node_modules/postcss-initial
10030 silly ADD node_modules/postcss-image-set-function
10031 silly ADD node_modules/postcss-gap-properties
10032 silly ADD node_modules/postcss-font-variant
10033 silly ADD node_modules/postcss-focus-within
10034 silly ADD node_modules/postcss-focus-visible
10035 silly ADD node_modules/postcss-env-function
10036 silly ADD node_modules/postcss-double-position-gradients
10037 silly ADD node_modules/postcss-dir-pseudo-class
10038 silly ADD node_modules/postcss-custom-selectors
10039 silly ADD node_modules/postcss-custom-properties
10040 silly ADD node_modules/postcss-custom-media
10041 silly ADD node_modules/postcss-color-rebeccapurple
10042 silly ADD node_modules/postcss-color-hex-alpha
10043 silly ADD node_modules/postcss-color-functional-notation
10044 silly ADD node_modules/postcss-clamp
10045 silly ADD node_modules/postcss-attribute-case-insensitive
10046 silly ADD node_modules/cssdb
10047 silly ADD node_modules/css-prefers-color-scheme
10048 silly ADD node_modules/css-has-pseudo
10049 silly ADD node_modules/css-blank-pseudo
10050 silly ADD node_modules/autoprefixer
10051 silly ADD node_modules/@csstools/postcss-unset-value
10052 silly ADD node_modules/@csstools/postcss-trigonometric-functions
10053 silly ADD node_modules/@csstools/postcss-text-decoration-shorthand
10054 silly ADD node_modules/@csstools/postcss-stepped-value-functions
10055 silly ADD node_modules/@csstools/postcss-progressive-custom-properties
10056 silly ADD node_modules/@csstools/postcss-oklab-function
10057 silly ADD node_modules/@csstools/postcss-normalize-display-values
10058 silly ADD node_modules/@csstools/postcss-nested-calc
10059 silly ADD node_modules/@csstools/postcss-is-pseudo-class
10060 silly ADD node_modules/@csstools/postcss-ic-unit
10061 silly ADD node_modules/@csstools/postcss-hwb-function
10062 silly ADD node_modules/@csstools/postcss-font-format-keywords
10063 silly ADD node_modules/@csstools/postcss-color-function
10064 silly ADD node_modules/@csstools/postcss-cascade-layers
10065 silly ADD node_modules/normalize-url
10066 silly ADD node_modules/sanitize.css
10067 silly ADD node_modules/postcss-browser-comments
10068 silly ADD node_modules/@csstools/normalize.css
10069 silly ADD node_modules/stylehacks
10070 silly ADD node_modules/klona
10071 silly ADD node_modules/lodash.uniq
10072 silly ADD node_modules/lodash.memoize
10073 silly ADD node_modules/colord
10074 silly ADD node_modules/caniuse-api
10075 silly ADD node_modules/postcss-selector-parser
10076 silly ADD node_modules/source-map-js
10077 silly ADD node_modules/picocolors
10078 silly ADD node_modules/nanoid
10079 silly ADD node_modules/is-arrayish
10080 silly ADD node_modules/lines-and-columns
10081 silly ADD node_modules/json-parse-even-better-errors
10082 silly ADD node_modules/error-ex
10083 silly ADD node_modules/lower-case
10084 silly ADD node_modules/no-case
10085 silly ADD node_modules/dot-case
10086 silly ADD node_modules/yocto-queue
10087 silly ADD node_modules/p-limit
10088 silly ADD node_modules/fast-levenshtein
10089 silly ADD node_modules/deep-is
10090 silly ADD node_modules/@aashutoshrathi/word-wrap
10091 silly ADD node_modules/mimic-fn
10092 silly ADD node_modules/concat-map
10093 silly ADD node_modules/balanced-match
10094 silly ADD node_modules/brace-expansion
10095 silly ADD node_modules/mime-db
10096 silly ADD node_modules/to-regex-range
10097 silly ADD node_modules/fill-range
10098 silly ADD node_modules/braces
10099 silly ADD node_modules/yallist
10100 silly ADD node_modules/p-locate
10101 silly ADD node_modules/emojis-list
10102 silly ADD node_modules/big.js
10103 silly ADD node_modules/type-check
10104 silly ADD node_modules/prelude-ls
10105 silly ADD node_modules/language-subtag-registry
10106 silly ADD node_modules/json-buffer
10107 silly ADD node_modules/underscore
10108 silly ADD node_modules/static-eval
10109 silly ADD node_modules/static-eval/node_modules/type-check
10110 silly ADD node_modules/static-eval/node_modules/prelude-ls
10111 silly ADD node_modules/static-eval/node_modules/levn
10112 silly ADD node_modules/static-eval/node_modules/source-map
10113 silly ADD node_modules/static-eval/node_modules/optionator
10114 silly ADD node_modules/static-eval/node_modules/estraverse
10115 silly ADD node_modules/static-eval/node_modules/escodegen
10116 silly ADD node_modules/agent-base
10117 silly ADD node_modules/@tootallnate/once
10118 silly ADD node_modules/delayed-stream
10119 silly ADD node_modules/mime-types
10120 silly ADD node_modules/combined-stream
10121 silly ADD node_modules/asynckit
10122 silly ADD node_modules/acorn-walk
10123 silly ADD node_modules/xml-name-validator
10124 silly ADD node_modules/ws
10125 silly ADD node_modules/whatwg-url
10126 silly ADD node_modules/whatwg-mimetype
10127 silly ADD node_modules/whatwg-encoding
10128 silly ADD node_modules/whatwg-encoding/node_modules/iconv-lite
10129 silly ADD node_modules/webidl-conversions
10130 silly ADD node_modules/w3c-xmlserializer
10131 silly ADD node_modules/w3c-hr-time
10132 silly ADD node_modules/tough-cookie
10133 silly ADD node_modules/tough-cookie/node_modules/universalify
10134 silly ADD node_modules/symbol-tree
10135 silly ADD node_modules/saxes
10136 silly ADD node_modules/parse5
10137 silly ADD node_modules/nwsapi
10138 silly ADD node_modules/is-potential-custom-element-name
10139 silly ADD node_modules/https-proxy-agent
10140 silly ADD node_modules/http-proxy-agent
10141 silly ADD node_modules/html-encoding-sniffer
10142 silly ADD node_modules/form-data
10143 silly ADD node_modules/escodegen
10144 silly ADD node_modules/escodegen/node_modules/source-map
10145 silly ADD node_modules/domexception
10146 silly ADD node_modules/domexception/node_modules/webidl-conversions
10147 silly ADD node_modules/decimal.js
10148 silly ADD node_modules/data-urls
10149 silly ADD node_modules/cssstyle
10150 silly ADD node_modules/cssstyle/node_modules/cssom
10151 silly ADD node_modules/cssom
10152 silly ADD node_modules/acorn-globals
10153 silly ADD node_modules/acorn-globals/node_modules/acorn
10154 silly ADD node_modules/abab
10155 silly ADD node_modules/sprintf-js
10156 silly ADD node_modules/esprima
10157 silly ADD node_modules/argparse
10158 silly ADD node_modules/leven
10159 silly ADD node_modules/@types/prettier
10160 silly ADD node_modules/strip-bom
10161 silly ADD node_modules/cjs-module-lexer
10162 silly ADD node_modules/@jest/globals
10163 silly ADD node_modules/detect-newline
10164 silly ADD node_modules/source-map-support
10165 silly ADD node_modules/source-map-support/node_modules/source-map
10166 silly ADD node_modules/jest-leak-detector
10167 silly ADD node_modules/jest-docblock
10168 silly ADD node_modules/resolve.exports
10169 silly ADD node_modules/jest-pnp-resolver
10170 silly ADD node_modules/@types/stack-utils
10171 silly ADD node_modules/diff-sequences
10172 silly ADD node_modules/jest-diff
10173 silly ADD node_modules/jest-diff/node_modules/has-flag
10174 silly ADD node_modules/jest-diff/node_modules/color-name
10175 silly ADD node_modules/jest-diff/node_modules/color-convert
10176 silly ADD node_modules/jest-diff/node_modules/supports-color
10177 silly ADD node_modules/jest-diff/node_modules/ansi-styles
10178 silly ADD node_modules/jest-diff/node_modules/chalk
10179 silly ADD node_modules/callsites
10180 silly ADD node_modules/@jest/source-map
10181 silly ADD node_modules/@jest/source-map/node_modules/source-map
10182 silly ADD node_modules/node-int64
10183 silly ADD node_modules/bser
10184 silly ADD node_modules/picomatch
10185 silly ADD node_modules/walker
10186 silly ADD node_modules/jest-serializer
10187 silly ADD node_modules/fb-watchman
10188 silly ADD node_modules/anymatch
10189 silly ADD node_modules/@types/graceful-fs
10190 silly ADD node_modules/jsdom
10191 silly ADD node_modules/type-detect
10192 silly ADD node_modules/@sinonjs/commons
10193 silly ADD node_modules/@sinonjs/fake-timers
10194 silly ADD node_modules/jest-mock
10195 silly ADD node_modules/@jest/fake-timers
10196 silly ADD node_modules/stack-utils
10197 silly ADD node_modules/stack-utils/node_modules/escape-string-regexp
10198 silly ADD node_modules/jest-matcher-utils
10199 silly ADD node_modules/jest-matcher-utils/node_modules/has-flag
10200 silly ADD node_modules/jest-matcher-utils/node_modules/color-name
10201 silly ADD node_modules/jest-matcher-utils/node_modules/color-convert
10202 silly ADD node_modules/jest-matcher-utils/node_modules/supports-color
10203 silly ADD node_modules/jest-matcher-utils/node_modules/ansi-styles
10204 silly ADD node_modules/jest-matcher-utils/node_modules/chalk
10205 silly ADD node_modules/jest-each
10206 silly ADD node_modules/jest-each/node_modules/has-flag
10207 silly ADD node_modules/jest-each/node_modules/color-name
10208 silly ADD node_modules/jest-each/node_modules/color-convert
10209 silly ADD node_modules/jest-each/node_modules/supports-color
10210 silly ADD node_modules/jest-each/node_modules/ansi-styles
10211 silly ADD node_modules/jest-each/node_modules/chalk
10212 silly ADD node_modules/is-generator-fn
10213 silly ADD node_modules/expect
10214 silly ADD node_modules/dedent
10215 silly ADD node_modules/co
10216 silly ADD node_modules/@jest/environment
10217 silly ADD node_modules/pretty-format
10218 silly ADD node_modules/pretty-format/node_modules/ansi-styles
10219 silly ADD node_modules/jest-jasmine2
10220 silly ADD node_modules/jest-jasmine2/node_modules/has-flag
10221 silly ADD node_modules/jest-jasmine2/node_modules/color-name
10222 silly ADD node_modules/jest-jasmine2/node_modules/color-convert
10223 silly ADD node_modules/jest-jasmine2/node_modules/supports-color
10224 silly ADD node_modules/jest-jasmine2/node_modules/ansi-styles
10225 silly ADD node_modules/jest-jasmine2/node_modules/chalk
10226 silly ADD node_modules/jest-get-type
10227 silly ADD node_modules/jest-environment-node
10228 silly ADD node_modules/jest-environment-jsdom
10229 silly ADD node_modules/jest-circus
10230 silly ADD node_modules/jest-circus/node_modules/has-flag
10231 silly ADD node_modules/jest-circus/node_modules/color-name
10232 silly ADD node_modules/jest-circus/node_modules/color-convert
10233 silly ADD node_modules/jest-circus/node_modules/supports-color
10234 silly ADD node_modules/jest-circus/node_modules/ansi-styles
10235 silly ADD node_modules/jest-circus/node_modules/chalk
10236 silly ADD node_modules/ci-info
10237 silly ADD node_modules/@jest/test-sequencer
10238 silly ADD node_modules/yargs
10239 silly ADD node_modules/strip-final-newline
10240 silly ADD node_modules/signal-exit
10241 silly ADD node_modules/onetime
10242 silly ADD node_modules/npm-run-path
10243 silly ADD node_modules/merge-stream
10244 silly ADD node_modules/is-stream
10245 silly ADD node_modules/human-signals
10246 silly ADD node_modules/get-stream
10247 silly ADD node_modules/throat
10248 silly ADD node_modules/execa
10249 silly ADD node_modules/html-escaper
10250 silly ADD node_modules/wrappy
10251 silly ADD node_modules/resolve-cwd
10252 silly ADD node_modules/path-is-absolute
10253 silly ADD node_modules/once
10254 silly ADD node_modules/inherits
10255 silly ADD node_modules/inflight
10256 silly ADD node_modules/fs.realpath
10257 silly ADD node_modules/type-fest
10258 silly ADD node_modules/v8-to-istanbul
10259 silly ADD node_modules/v8-to-istanbul/node_modules/convert-source-map
10260 silly ADD node_modules/terminal-link
10261 silly ADD node_modules/string-length
10262 silly ADD node_modules/istanbul-reports
10263 silly ADD node_modules/istanbul-lib-source-maps
10264 silly ADD node_modules/istanbul-lib-source-maps/node_modules/source-map
10265 silly ADD node_modules/istanbul-lib-report
10266 silly ADD node_modules/istanbul-lib-report/node_modules/has-flag
10267 silly ADD node_modules/istanbul-lib-report/node_modules/supports-color
10268 silly ADD node_modules/istanbul-lib-report/node_modules/make-dir
10269 silly ADD node_modules/glob
10270 silly ADD node_modules/collect-v8-coverage
10271 silly ADD node_modules/@bcoe/v8-coverage
10272 silly ADD node_modules/jest-watcher
10273 silly ADD node_modules/jest-watcher/node_modules/has-flag
10274 silly ADD node_modules/jest-watcher/node_modules/color-name
10275 silly ADD node_modules/jest-watcher/node_modules/color-convert
10276 silly ADD node_modules/jest-watcher/node_modules/supports-color
10277 silly ADD node_modules/jest-watcher/node_modules/ansi-styles
10278 silly ADD node_modules/jest-watcher/node_modules/chalk
10279 silly ADD node_modules/jest-validate
10280 silly ADD node_modules/jest-validate/node_modules/has-flag
10281 silly ADD node_modules/jest-validate/node_modules/color-name
10282 silly ADD node_modules/jest-validate/node_modules/color-convert
10283 silly ADD node_modules/jest-validate/node_modules/supports-color
10284 silly ADD node_modules/jest-validate/node_modules/ansi-styles
10285 silly ADD node_modules/jest-validate/node_modules/chalk
10286 silly ADD node_modules/jest-snapshot
10287 silly ADD node_modules/jest-snapshot/node_modules/has-flag
10288 silly ADD node_modules/jest-snapshot/node_modules/color-name
10289 silly ADD node_modules/jest-snapshot/node_modules/color-convert
10290 silly ADD node_modules/jest-snapshot/node_modules/supports-color
10291 silly ADD node_modules/jest-snapshot/node_modules/ansi-styles
10292 silly ADD node_modules/jest-snapshot/node_modules/chalk
10293 silly ADD node_modules/jest-runtime
10294 silly ADD node_modules/jest-runtime/node_modules/has-flag
10295 silly ADD node_modules/jest-runtime/node_modules/color-name
10296 silly ADD node_modules/jest-runtime/node_modules/color-convert
10297 silly ADD node_modules/jest-runtime/node_modules/supports-color
10298 silly ADD node_modules/jest-runtime/node_modules/ansi-styles
10299 silly ADD node_modules/jest-runtime/node_modules/chalk
10300 silly ADD node_modules/jest-runner
10301 silly ADD node_modules/jest-runner/node_modules/has-flag
10302 silly ADD node_modules/jest-runner/node_modules/color-name
10303 silly ADD node_modules/jest-runner/node_modules/color-convert
10304 silly ADD node_modules/jest-runner/node_modules/supports-color
10305 silly ADD node_modules/jest-runner/node_modules/ansi-styles
10306 silly ADD node_modules/jest-runner/node_modules/chalk
10307 silly ADD node_modules/jest-resolve-dependencies
10308 silly ADD node_modules/jest-message-util
10309 silly ADD node_modules/jest-message-util/node_modules/has-flag
10310 silly ADD node_modules/jest-message-util/node_modules/color-name
10311 silly ADD node_modules/jest-message-util/node_modules/color-convert
10312 silly ADD node_modules/jest-message-util/node_modules/supports-color
10313 silly ADD node_modules/jest-message-util/node_modules/ansi-styles
10314 silly ADD node_modules/jest-message-util/node_modules/chalk
10315 silly ADD node_modules/jest-config
10316 silly ADD node_modules/jest-config/node_modules/has-flag
10317 silly ADD node_modules/jest-config/node_modules/color-name
10318 silly ADD node_modules/jest-config/node_modules/color-convert
10319 silly ADD node_modules/jest-config/node_modules/supports-color
10320 silly ADD node_modules/jest-config/node_modules/ansi-styles
10321 silly ADD node_modules/jest-config/node_modules/chalk
10322 silly ADD node_modules/jest-changed-files
10323 silly ADD node_modules/exit
10324 silly ADD node_modules/emittery
10325 silly ADD node_modules/ansi-escapes
10326 silly ADD node_modules/@jest/test-result
10327 silly ADD node_modules/@jest/reporters
10328 silly ADD node_modules/@jest/reporters/node_modules/has-flag
10329 silly ADD node_modules/@jest/reporters/node_modules/color-name
10330 silly ADD node_modules/@jest/reporters/node_modules/color-convert
10331 silly ADD node_modules/@jest/reporters/node_modules/supports-color
10332 silly ADD node_modules/@jest/reporters/node_modules/ansi-styles
10333 silly ADD node_modules/@jest/reporters/node_modules/source-map
10334 silly ADD node_modules/@jest/reporters/node_modules/chalk
10335 silly ADD node_modules/@jest/console
10336 silly ADD node_modules/@jest/console/node_modules/has-flag
10337 silly ADD node_modules/@jest/console/node_modules/color-name
10338 silly ADD node_modules/@jest/console/node_modules/color-convert
10339 silly ADD node_modules/@jest/console/node_modules/supports-color
10340 silly ADD node_modules/@jest/console/node_modules/ansi-styles
10341 silly ADD node_modules/@jest/console/node_modules/chalk
10342 silly ADD node_modules/jest-cli
10343 silly ADD node_modules/jest-cli/node_modules/has-flag
10344 silly ADD node_modules/jest-cli/node_modules/color-name
10345 silly ADD node_modules/jest-cli/node_modules/color-convert
10346 silly ADD node_modules/jest-cli/node_modules/supports-color
10347 silly ADD node_modules/jest-cli/node_modules/ansi-styles
10348 silly ADD node_modules/jest-cli/node_modules/chalk
10349 silly ADD node_modules/import-local
10350 silly ADD node_modules/@jest/core
10351 silly ADD node_modules/@jest/core/node_modules/has-flag
10352 silly ADD node_modules/@jest/core/node_modules/color-name
10353 silly ADD node_modules/@jest/core/node_modules/color-convert
10354 silly ADD node_modules/@jest/core/node_modules/supports-color
10355 silly ADD node_modules/@jest/core/node_modules/ansi-styles
10356 silly ADD node_modules/@jest/core/node_modules/chalk
10357 silly ADD node_modules/set-function-name
10358 silly ADD node_modules/reflect.getprototypeof
10359 silly ADD node_modules/istanbul-lib-coverage
10360 silly ADD node_modules/is-extglob
10361 silly ADD node_modules/side-channel
10362 silly ADD node_modules/parent-module
10363 silly ADD node_modules/harmony-reflect
10364 silly ADD node_modules/tslib
10365 silly ADD node_modules/pascal-case
10366 silly ADD node_modules/terser
10367 silly ADD node_modules/terser/node_modules/commander
10368 silly ADD node_modules/relateurl
10369 silly ADD node_modules/param-case
10370 silly ADD node_modules/he
10371 silly ADD node_modules/commander
10372 silly ADD node_modules/clean-css
10373 silly ADD node_modules/clean-css/node_modules/source-map
10374 silly ADD node_modules/camel-case
10375 silly ADD node_modules/tapable
10376 silly ADD node_modules/pretty-error
10377 silly ADD node_modules/html-minifier-terser
10378 silly ADD node_modules/@types/html-minifier-terser
10379 silly ADD node_modules/merge2
10380 silly ADD node_modules/fast-glob
10381 silly ADD node_modules/fast-glob/node_modules/glob-parent
10382 silly ADD node_modules/dir-glob
10383 silly ADD node_modules/array-union
10384 silly ADD node_modules/functions-have-names
10385 silly ADD node_modules/universalify
10386 silly ADD node_modules/jsonfile
10387 silly ADD node_modules/rimraf
10388 silly ADD node_modules/keyv
10389 silly ADD node_modules/flatted
10390 silly ADD node_modules/path-exists
10391 silly ADD node_modules/locate-path
10392 silly ADD node_modules/pkg-dir
10393 silly ADD node_modules/pkg-dir/node_modules/p-limit
10394 silly ADD node_modules/pkg-dir/node_modules/p-locate
10395 silly ADD node_modules/pkg-dir/node_modules/locate-path
10396 silly ADD node_modules/pkg-dir/node_modules/find-up
10397 silly ADD node_modules/commondir
10398 silly ADD node_modules/flat-cache
10399 silly ADD node_modules/reusify
10400 silly ADD node_modules/acorn-jsx
10401 silly ADD node_modules/acorn
10402 silly ADD node_modules/@types/estree
10403 silly ADD node_modules/normalize-path
10404 silly ADD node_modules/@types/eslint
10405 silly ADD node_modules/esrecurse
10406 silly ADD node_modules/string.prototype.matchall
10407 silly ADD node_modules/prop-types
10408 silly ADD node_modules/prop-types/node_modules/react-is
10409 silly ADD node_modules/object.hasown
10410 silly ADD node_modules/estraverse
10411 silly ADD node_modules/array.prototype.tosorted
10412 silly ADD node_modules/iterator.prototype
10413 silly ADD node_modules/asynciterator.prototype
10414 silly ADD node_modules/dequal
10415 silly ADD node_modules/object.entries
10416 silly ADD node_modules/language-tags
10417 silly ADD node_modules/jsx-ast-utils
10418 silly ADD node_modules/es-iterator-helpers
10419 silly ADD node_modules/emoji-regex
10420 silly ADD node_modules/damerau-levenshtein
10421 silly ADD node_modules/axobject-query
10422 silly ADD node_modules/axe-core
10423 silly ADD node_modules/ast-types-flow
10424 silly ADD node_modules/aria-query
10425 silly ADD node_modules/@typescript-eslint/experimental-utils
10426 silly ADD node_modules/is-symbol
10427 silly ADD node_modules/is-date-object
10428 silly ADD node_modules/has-tostringtag
10429 silly ADD node_modules/which-typed-array
10430 silly ADD node_modules/unbox-primitive
10431 silly ADD node_modules/typed-array-length
10432 silly ADD node_modules/typed-array-byte-offset
10433 silly ADD node_modules/typed-array-byte-length
10434 silly ADD node_modules/typed-array-buffer
10435 silly ADD node_modules/string.prototype.trimstart
10436 silly ADD node_modules/string.prototype.trimend
10437 silly ADD node_modules/string.prototype.trim
10438 silly ADD node_modules/safe-regex-test
10439 silly ADD node_modules/safe-array-concat
10440 silly ADD node_modules/regexp.prototype.flags
10441 silly ADD node_modules/object.assign
10442 silly ADD node_modules/object-inspect
10443 silly ADD node_modules/is-weakref
10444 silly ADD node_modules/is-typed-array
10445 silly ADD node_modules/is-shared-array-buffer
10446 silly ADD node_modules/is-regex
10447 silly ADD node_modules/is-negative-zero
10448 silly ADD node_modules/is-callable
10449 silly ADD node_modules/is-array-buffer
10450 silly ADD node_modules/internal-slot
10451 silly ADD node_modules/has-symbols
10452 silly ADD node_modules/has-proto
10453 silly ADD node_modules/globalthis
10454 silly ADD node_modules/get-symbol-description
10455 silly ADD node_modules/function.prototype.name
10456 silly ADD node_modules/es-to-primitive
10457 silly ADD node_modules/es-set-tostringtag
10458 silly ADD node_modules/available-typed-arrays
10459 silly ADD node_modules/arraybuffer.prototype.slice
10460 silly ADD node_modules/array-buffer-byte-length
10461 silly ADD node_modules/gopd
10462 silly ADD node_modules/object-keys
10463 silly ADD node_modules/has-property-descriptors
10464 silly ADD node_modules/define-data-property
10465 silly ADD node_modules/set-function-length
10466 silly ADD node_modules/function-bind
10467 silly ADD node_modules/es-shim-unscopables
10468 silly ADD node_modules/is-string
10469 silly ADD node_modules/get-intrinsic
10470 silly ADD node_modules/es-abstract
10471 silly ADD node_modules/define-properties
10472 silly ADD node_modules/call-bind
10473 silly ADD node_modules/tsconfig-paths
10474 silly ADD node_modules/tsconfig-paths/node_modules/strip-bom
10475 silly ADD node_modules/tsconfig-paths/node_modules/json5
10476 silly ADD node_modules/object.values
10477 silly ADD node_modules/object.groupby
10478 silly ADD node_modules/object.fromentries
10479 silly ADD node_modules/is-core-module
10480 silly ADD node_modules/hasown
10481 silly ADD node_modules/eslint-module-utils
10482 silly ADD node_modules/eslint-module-utils/node_modules/debug
10483 silly ADD node_modules/eslint-import-resolver-node
10484 silly ADD node_modules/eslint-import-resolver-node/node_modules/debug
10485 silly ADD node_modules/array.prototype.flatmap
10486 silly ADD node_modules/array.prototype.flat
10487 silly ADD node_modules/array.prototype.findlastindex
10488 silly ADD node_modules/array-includes
10489 silly ADD node_modules/string-natural-compare
10490 silly ADD node_modules/lodash
10491 silly ADD node_modules/@types/semver
10492 silly ADD node_modules/@types/json-schema
10493 silly ADD node_modules/globby
10494 silly ADD node_modules/@typescript-eslint/visitor-keys
10495 silly ADD node_modules/@typescript-eslint/typescript-estree
10496 silly ADD node_modules/@typescript-eslint/types
10497 silly ADD node_modules/typescript
10498 silly ADD node_modules/tsutils
10499 silly ADD node_modules/tsutils/node_modules/tslib
10500 silly ADD node_modules/natural-compare-lite
10501 silly ADD node_modules/@typescript-eslint/utils
10502 silly ADD node_modules/@typescript-eslint/utils/node_modules/estraverse
10503 silly ADD node_modules/@typescript-eslint/utils/node_modules/eslint-scope
10504 silly ADD node_modules/@typescript-eslint/type-utils
10505 silly ADD node_modules/@typescript-eslint/scope-manager
10506 silly ADD node_modules/@nicolo-ribaudo/eslint-scope-5-internals
10507 silly ADD node_modules/@nicolo-ribaudo/eslint-scope-5-internals/node_modules/estraverse
10508 silly ADD node_modules/@nicolo-ribaudo/eslint-scope-5-internals/node_modules/eslint-scope
10509 silly ADD node_modules/eslint-plugin-testing-library
10510 silly ADD node_modules/eslint-plugin-react-hooks
10511 silly ADD node_modules/eslint-plugin-react
10512 silly ADD node_modules/eslint-plugin-react/node_modules/semver
10513 silly ADD node_modules/eslint-plugin-react/node_modules/resolve
10514 silly ADD node_modules/eslint-plugin-react/node_modules/doctrine
10515 silly ADD node_modules/eslint-plugin-jsx-a11y
10516 silly ADD node_modules/eslint-plugin-jest
10517 silly ADD node_modules/eslint-plugin-import
10518 silly ADD node_modules/eslint-plugin-import/node_modules/semver
10519 silly ADD node_modules/eslint-plugin-import/node_modules/doctrine
10520 silly ADD node_modules/eslint-plugin-import/node_modules/debug
10521 silly ADD node_modules/eslint-plugin-flowtype
10522 silly ADD node_modules/confusing-browser-globals
10523 silly ADD node_modules/@typescript-eslint/parser
10524 silly ADD node_modules/@typescript-eslint/eslint-plugin
10525 silly ADD node_modules/@rushstack/eslint-patch
10526 silly ADD node_modules/@babel/eslint-parser
10527 silly ADD node_modules/@babel/eslint-parser/node_modules/semver
10528 silly ADD node_modules/@babel/eslint-parser/node_modules/eslint-visitor-keys
10529 silly ADD node_modules/which
10530 silly ADD node_modules/shebang-command
10531 silly ADD node_modules/path-key
10532 silly ADD node_modules/uri-js
10533 silly ADD node_modules/json-schema-traverse
10534 silly ADD node_modules/run-parallel
10535 silly ADD node_modules/@nodelib/fs.stat
10536 silly ADD node_modules/fastq
10537 silly ADD node_modules/@nodelib/fs.scandir
10538 silly ADD node_modules/@humanwhocodes/object-schema
10539 silly ADD node_modules/strip-json-comments
10540 silly ADD node_modules/text-table
10541 silly ADD node_modules/strip-ansi
10542 silly ADD node_modules/optionator
10543 silly ADD node_modules/natural-compare
10544 silly ADD node_modules/minimatch
10545 silly ADD node_modules/lodash.merge
10546 silly ADD node_modules/levn
10547 silly ADD node_modules/json-stable-stringify-without-jsonify
10548 silly ADD node_modules/is-path-inside
10549 silly ADD node_modules/is-glob
10550 silly ADD node_modules/imurmurhash
10551 silly ADD node_modules/ignore
10552 silly ADD node_modules/graphemer
10553 silly ADD node_modules/glob-parent
10554 silly ADD node_modules/file-entry-cache
10555 silly ADD node_modules/fast-deep-equal
10556 silly ADD node_modules/esquery
10557 silly ADD node_modules/espree
10558 silly ADD node_modules/eslint-visitor-keys
10559 silly ADD node_modules/eslint-scope
10560 silly ADD node_modules/doctrine
10561 silly ADD node_modules/cross-spawn
10562 silly ADD node_modules/ajv
10563 silly ADD node_modules/@ungap/structured-clone
10564 silly ADD node_modules/@nodelib/fs.walk
10565 silly ADD node_modules/@humanwhocodes/module-importer
10566 silly ADD node_modules/@humanwhocodes/config-array
10567 silly ADD node_modules/@eslint/js
10568 silly ADD node_modules/@eslint/eslintrc
10569 silly ADD node_modules/@eslint/eslintrc/node_modules/argparse
10570 silly ADD node_modules/@eslint/eslintrc/node_modules/type-fest
10571 silly ADD node_modules/@eslint/eslintrc/node_modules/js-yaml
10572 silly ADD node_modules/@eslint/eslintrc/node_modules/globals
10573 silly ADD node_modules/@eslint-community/regexpp
10574 silly ADD node_modules/@eslint-community/eslint-utils
10575 silly ADD node_modules/stackframe
10576 silly ADD node_modules/ms
10577 silly ADD node_modules/postcss-unique-selectors
10578 silly ADD node_modules/postcss-svgo
10579 silly ADD node_modules/postcss-svgo/node_modules/source-map
10580 silly ADD node_modules/postcss-svgo/node_modules/mdn-data
10581 silly ADD node_modules/postcss-svgo/node_modules/css-tree
10582 silly ADD node_modules/postcss-svgo/node_modules/commander
10583 silly ADD node_modules/postcss-svgo/node_modules/svgo
10584 silly ADD node_modules/postcss-reduce-transforms
10585 silly ADD node_modules/postcss-reduce-initial
10586 silly ADD node_modules/postcss-ordered-values
10587 silly ADD node_modules/postcss-normalize-whitespace
10588 silly ADD node_modules/postcss-normalize-url
10589 silly ADD node_modules/postcss-normalize-unicode
10590 silly ADD node_modules/postcss-normalize-timing-functions
10591 silly ADD node_modules/postcss-normalize-string
10592 silly ADD node_modules/postcss-normalize-repeat-style
10593 silly ADD node_modules/postcss-normalize-positions
10594 silly ADD node_modules/postcss-normalize-display-values
10595 silly ADD node_modules/postcss-normalize-charset
10596 silly ADD node_modules/postcss-minify-selectors
10597 silly ADD node_modules/postcss-minify-params
10598 silly ADD node_modules/postcss-minify-gradients
10599 silly ADD node_modules/postcss-minify-font-values
10600 silly ADD node_modules/postcss-merge-rules
10601 silly ADD node_modules/postcss-merge-longhand
10602 silly ADD node_modules/postcss-discard-overridden
10603 silly ADD node_modules/postcss-discard-empty
10604 silly ADD node_modules/postcss-discard-duplicates
10605 silly ADD node_modules/postcss-discard-comments
10606 silly ADD node_modules/postcss-convert-values
10607 silly ADD node_modules/postcss-colormin
10608 silly ADD node_modules/postcss-calc
10609 silly ADD node_modules/cssnano-utils
10610 silly ADD node_modules/css-declaration-sorter
10611 silly ADD node_modules/lilconfig
10612 silly ADD node_modules/cssnano-preset-default
10613 silly ADD node_modules/serialize-javascript
10614 silly ADD node_modules/jest-worker
10615 silly ADD node_modules/jest-worker/node_modules/has-flag
10616 silly ADD node_modules/jest-worker/node_modules/supports-color
10617 silly ADD node_modules/cssnano
10618 silly ADD node_modules/postcss-value-parser
10619 silly ADD node_modules/postcss-modules-values
10620 silly ADD node_modules/postcss-modules-scope
10621 silly ADD node_modules/postcss-modules-local-by-default
10622 silly ADD node_modules/postcss-modules-extract-imports
10623 silly ADD node_modules/icss-utils
10624 silly ADD node_modules/yaml
10625 silly ADD node_modules/path-type
10626 silly ADD node_modules/parse-json
10627 silly ADD node_modules/import-fresh
10628 silly ADD node_modules/import-fresh/node_modules/resolve-from
10629 silly ADD node_modules/@types/parse-json
10630 silly ADD node_modules/color-name
10631 silly ADD node_modules/color-convert
10632 silly ADD node_modules/supports-color
10633 silly ADD node_modules/escape-string-regexp
10634 silly ADD node_modules/ansi-styles
10635 silly ADD node_modules/update-browserslist-db
10636 silly ADD node_modules/node-releases
10637 silly ADD node_modules/electron-to-chromium
10638 silly ADD node_modules/caniuse-lite
10639 silly ADD node_modules/tryer
10640 silly ADD node_modules/jsonpath
10641 silly ADD node_modules/jsonpath/node_modules/esprima
10642 silly ADD node_modules/hoopy
10643 silly ADD node_modules/check-types
10644 silly ADD node_modules/bluebird
10645 silly ADD node_modules/regenerator-runtime
10646 silly ADD node_modules/@babel/plugin-syntax-typescript
10647 silly ADD node_modules/@babel/plugin-transform-typescript
10648 silly ADD node_modules/@babel/plugin-syntax-flow
10649 silly ADD node_modules/@babel/plugin-syntax-decorators
10650 silly ADD node_modules/babel-plugin-transform-react-remove-prop-types
10651 silly ADD node_modules/babel-plugin-macros
10652 silly ADD node_modules/@babel/runtime
10653 silly ADD node_modules/@babel/preset-typescript
10654 silly ADD node_modules/@babel/plugin-transform-runtime
10655 silly ADD node_modules/@babel/plugin-transform-runtime/node_modules/semver
10656 silly ADD node_modules/@babel/plugin-transform-flow-strip-types
10657 silly ADD node_modules/@babel/plugin-proposal-private-methods
10658 silly ADD node_modules/@babel/plugin-proposal-optional-chaining
10659 silly ADD node_modules/@babel/plugin-proposal-numeric-separator
10660 silly ADD node_modules/@babel/plugin-proposal-nullish-coalescing-operator
10661 silly ADD node_modules/@babel/plugin-proposal-decorators
10662 silly ADD node_modules/@babel/plugin-proposal-class-properties
10663 silly ADD node_modules/@babel/plugin-syntax-bigint
10664 silly ADD node_modules/babel-preset-current-node-syntax
10665 silly ADD node_modules/babel-plugin-jest-hoist
10666 silly ADD node_modules/lodash.debounce
10667 silly ADD node_modules/@babel/helper-define-polyfill-provider
10668 silly ADD node_modules/resolve-from
10669 silly ADD node_modules/js-yaml
10670 silly ADD node_modules/get-package-type
10671 silly ADD node_modules/test-exclude
10672 silly ADD node_modules/istanbul-lib-instrument
10673 silly ADD node_modules/istanbul-lib-instrument/node_modules/semver
10674 silly ADD node_modules/@istanbuljs/schema
10675 silly ADD node_modules/@istanbuljs/load-nyc-config
10676 silly ADD node_modules/@istanbuljs/load-nyc-config/node_modules/p-limit
10677 silly ADD node_modules/@istanbuljs/load-nyc-config/node_modules/p-locate
10678 silly ADD node_modules/@istanbuljs/load-nyc-config/node_modules/locate-path
10679 silly ADD node_modules/@istanbuljs/load-nyc-config/node_modules/find-up
10680 silly ADD node_modules/@istanbuljs/load-nyc-config/node_modules/camelcase
10681 silly ADD node_modules/make-dir
10682 silly ADD node_modules/make-dir/node_modules/semver
10683 silly ADD node_modules/find-cache-dir
10684 silly ADD node_modules/@types/yargs-parser
10685 silly ADD node_modules/undici-types
10686 silly ADD node_modules/@types/istanbul-lib-report
10687 silly ADD node_modules/@types/babel__traverse
10688 silly ADD node_modules/@types/babel__template
10689 silly ADD node_modules/@types/babel__generator
10690 silly ADD node_modules/@types/yargs
10691 silly ADD node_modules/@types/node
10692 silly ADD node_modules/@types/istanbul-reports
10693 silly ADD node_modules/@types/istanbul-lib-coverage
10694 silly ADD node_modules/write-file-atomic
10695 silly ADD node_modules/pirates
10696 silly ADD node_modules/micromatch
10697 silly ADD node_modules/jest-util
10698 silly ADD node_modules/jest-util/node_modules/has-flag
10699 silly ADD node_modules/jest-util/node_modules/color-name
10700 silly ADD node_modules/jest-util/node_modules/color-convert
10701 silly ADD node_modules/jest-util/node_modules/supports-color
10702 silly ADD node_modules/jest-util/node_modules/ansi-styles
10703 silly ADD node_modules/jest-util/node_modules/chalk
10704 silly ADD node_modules/jest-regex-util
10705 silly ADD node_modules/jest-haste-map
10706 silly ADD node_modules/fast-json-stable-stringify
10707 silly ADD node_modules/slash
10708 silly ADD node_modules/graceful-fs
10709 silly ADD node_modules/babel-preset-jest
10710 silly ADD node_modules/babel-plugin-istanbul
10711 silly ADD node_modules/@types/babel__core
10712 silly ADD node_modules/@jest/types
10713 silly ADD node_modules/@jest/types/node_modules/has-flag
10714 silly ADD node_modules/@jest/types/node_modules/color-name
10715 silly ADD node_modules/@jest/types/node_modules/color-convert
10716 silly ADD node_modules/@jest/types/node_modules/supports-color
10717 silly ADD node_modules/@jest/types/node_modules/ansi-styles
10718 silly ADD node_modules/@jest/types/node_modules/chalk
10719 silly ADD node_modules/@jest/transform
10720 silly ADD node_modules/@jest/transform/node_modules/has-flag
10721 silly ADD node_modules/@jest/transform/node_modules/color-name
10722 silly ADD node_modules/@jest/transform/node_modules/color-convert
10723 silly ADD node_modules/@jest/transform/node_modules/supports-color
10724 silly ADD node_modules/@jest/transform/node_modules/ansi-styles
10725 silly ADD node_modules/@jest/transform/node_modules/source-map
10726 silly ADD node_modules/@jest/transform/node_modules/convert-source-map
10727 silly ADD node_modules/@jest/transform/node_modules/chalk
10728 silly ADD node_modules/svgo
10729 silly ADD node_modules/svgo/node_modules/dom-serializer
10730 silly ADD node_modules/svgo/node_modules/nth-check
10731 silly ADD node_modules/svgo/node_modules/domutils
10732 silly ADD node_modules/svgo/node_modules/domutils/node_modules/domelementtype
10733 silly ADD node_modules/svgo/node_modules/css-what
10734 silly ADD node_modules/svgo/node_modules/css-select
10735 silly ADD node_modules/deepmerge
10736 silly ADD node_modules/@svgr/babel-plugin-transform-svg-component
10737 silly ADD node_modules/@svgr/babel-plugin-transform-react-native-svg
10738 silly ADD node_modules/@svgr/babel-plugin-svg-em-dimensions
10739 silly ADD node_modules/@svgr/babel-plugin-svg-dynamic-title
10740 silly ADD node_modules/@svgr/babel-plugin-replace-jsx-attribute-value
10741 silly ADD node_modules/@svgr/babel-plugin-remove-jsx-empty-expression
10742 silly ADD node_modules/@svgr/babel-plugin-remove-jsx-attribute
10743 silly ADD node_modules/@svgr/babel-plugin-add-jsx-attribute
10744 silly ADD node_modules/svg-parser
10745 silly ADD node_modules/@svgr/hast-util-to-babel-ast
10746 silly ADD node_modules/@svgr/babel-preset
10747 silly ADD node_modules/cosmiconfig
10748 silly ADD node_modules/@babel/plugin-syntax-jsx
10749 silly ADD node_modules/@babel/plugin-transform-react-pure-annotations
10750 silly ADD node_modules/@babel/plugin-transform-react-jsx-development
10751 silly ADD node_modules/@babel/plugin-transform-react-jsx
10752 silly ADD node_modules/@babel/plugin-transform-react-display-name
10753 silly ADD node_modules/esutils
10754 silly ADD node_modules/regenerator-transform
10755 silly ADD node_modules/@babel/helper-builder-binary-assignment-operator-visitor
10756 silly ADD node_modules/@babel/helper-replace-supers
10757 silly ADD node_modules/@babel/helper-optimise-call-expression
10758 silly ADD node_modules/@babel/helper-member-expression-to-functions
10759 silly ADD node_modules/@babel/helper-create-class-features-plugin
10760 silly ADD node_modules/@babel/helper-create-class-features-plugin/node_modules/semver
10761 silly ADD node_modules/@babel/helper-wrap-function
10762 silly ADD node_modules/@babel/helper-remap-async-to-generator
10763 silly ADD node_modules/regexpu-core
10764 silly ADD node_modules/@babel/helper-annotate-as-pure
10765 silly ADD node_modules/@babel/helper-create-regexp-features-plugin
10766 silly ADD node_modules/@babel/helper-create-regexp-features-plugin/node_modules/semver
10767 silly ADD node_modules/@babel/helper-skip-transparent-expression-wrappers
10768 silly ADD node_modules/core-js-compat
10769 silly ADD node_modules/babel-plugin-polyfill-regenerator
10770 silly ADD node_modules/babel-plugin-polyfill-corejs3
10771 silly ADD node_modules/babel-plugin-polyfill-corejs2
10772 silly ADD node_modules/babel-plugin-polyfill-corejs2/node_modules/semver
10773 silly ADD node_modules/@babel/preset-modules
10774 silly ADD node_modules/@babel/plugin-transform-unicode-sets-regex
10775 silly ADD node_modules/@babel/plugin-transform-unicode-regex
10776 silly ADD node_modules/@babel/plugin-transform-unicode-property-regex
10777 silly ADD node_modules/@babel/plugin-transform-unicode-escapes
10778 silly ADD node_modules/@babel/plugin-transform-typeof-symbol
10779 silly ADD node_modules/@babel/plugin-transform-template-literals
10780 silly ADD node_modules/@babel/plugin-transform-sticky-regex
10781 silly ADD node_modules/@babel/plugin-transform-spread
10782 silly ADD node_modules/@babel/plugin-transform-shorthand-properties
10783 silly ADD node_modules/@babel/plugin-transform-reserved-words
10784 silly ADD node_modules/@babel/plugin-transform-regenerator
10785 silly ADD node_modules/@babel/plugin-transform-property-literals
10786 silly ADD node_modules/@babel/plugin-transform-private-property-in-object
10787 silly ADD node_modules/@babel/plugin-transform-private-methods
10788 silly ADD node_modules/@babel/plugin-transform-parameters
10789 silly ADD node_modules/@babel/plugin-transform-optional-chaining
10790 silly ADD node_modules/@babel/plugin-transform-optional-catch-binding
10791 silly ADD node_modules/@babel/plugin-transform-object-super
10792 silly ADD node_modules/@babel/plugin-transform-object-rest-spread
10793 silly ADD node_modules/@babel/plugin-transform-numeric-separator
10794 silly ADD node_modules/@babel/plugin-transform-nullish-coalescing-operator
10795 silly ADD node_modules/@babel/plugin-transform-new-target
10796 silly ADD node_modules/@babel/plugin-transform-named-capturing-groups-regex
10797 silly ADD node_modules/@babel/plugin-transform-modules-umd
10798 silly ADD node_modules/@babel/plugin-transform-modules-systemjs
10799 silly ADD node_modules/@babel/plugin-transform-modules-commonjs
10800 silly ADD node_modules/@babel/plugin-transform-modules-amd
10801 silly ADD node_modules/@babel/plugin-transform-member-expression-literals
10802 silly ADD node_modules/@babel/plugin-transform-logical-assignment-operators
10803 silly ADD node_modules/@babel/plugin-transform-literals
10804 silly ADD node_modules/@babel/plugin-transform-json-strings
10805 silly ADD node_modules/@babel/plugin-transform-function-name
10806 silly ADD node_modules/@babel/plugin-transform-for-of
10807 silly ADD node_modules/@babel/plugin-transform-export-namespace-from
10808 silly ADD node_modules/@babel/plugin-transform-exponentiation-operator
10809 silly ADD node_modules/@babel/plugin-transform-dynamic-import
10810 silly ADD node_modules/@babel/plugin-transform-duplicate-keys
10811 silly ADD node_modules/@babel/plugin-transform-dotall-regex
10812 silly ADD node_modules/@babel/plugin-transform-destructuring
10813 silly ADD node_modules/@babel/plugin-transform-computed-properties
10814 silly ADD node_modules/@babel/plugin-transform-classes
10815 silly ADD node_modules/@babel/plugin-transform-class-static-block
10816 silly ADD node_modules/@babel/plugin-transform-class-properties
10817 silly ADD node_modules/@babel/plugin-transform-block-scoping
10818 silly ADD node_modules/@babel/plugin-transform-block-scoped-functions
10819 silly ADD node_modules/@babel/plugin-transform-async-to-generator
10820 silly ADD node_modules/@babel/plugin-transform-async-generator-functions
10821 silly ADD node_modules/@babel/plugin-transform-arrow-functions
10822 silly ADD node_modules/@babel/plugin-syntax-unicode-sets-regex
10823 silly ADD node_modules/@babel/plugin-syntax-top-level-await
10824 silly ADD node_modules/@babel/plugin-syntax-private-property-in-object
10825 silly ADD node_modules/@babel/plugin-syntax-optional-chaining
10826 silly ADD node_modules/@babel/plugin-syntax-optional-catch-binding
10827 silly ADD node_modules/@babel/plugin-syntax-object-rest-spread
10828 silly ADD node_modules/@babel/plugin-syntax-numeric-separator
10829 silly ADD node_modules/@babel/plugin-syntax-nullish-coalescing-operator
10830 silly ADD node_modules/@babel/plugin-syntax-logical-assignment-operators
10831 silly ADD node_modules/@babel/plugin-syntax-json-strings
10832 silly ADD node_modules/@babel/plugin-syntax-import-meta
10833 silly ADD node_modules/@babel/plugin-syntax-import-attributes
10834 silly ADD node_modules/@babel/plugin-syntax-import-assertions
10835 silly ADD node_modules/@babel/plugin-syntax-export-namespace-from
10836 silly ADD node_modules/@babel/plugin-syntax-dynamic-import
10837 silly ADD node_modules/@babel/plugin-syntax-class-static-block
10838 silly ADD node_modules/@babel/plugin-syntax-class-properties
10839 silly ADD node_modules/@babel/plugin-syntax-async-generators
10840 silly ADD node_modules/@babel/plugin-proposal-private-property-in-object
10841 silly ADD node_modules/@babel/plugin-bugfix-v8-static-class-fields-redefine-readonly
10842 silly ADD node_modules/@babel/plugin-bugfix-v8-spread-parameters-in-optional-chaining
10843 silly ADD node_modules/@babel/plugin-bugfix-safari-id-destructuring-collision-in-function-expression
10844 silly ADD node_modules/@babel/helper-plugin-utils
10845 silly ADD node_modules/@svgr/plugin-svgo
10846 silly ADD node_modules/@svgr/plugin-jsx
10847 silly ADD node_modules/@svgr/core
10848 silly ADD node_modules/@babel/preset-react
10849 silly ADD node_modules/@babel/preset-env
10850 silly ADD node_modules/@babel/preset-env/node_modules/semver
10851 silly ADD node_modules/@babel/plugin-transform-react-constant-elements
10852 silly ADD node_modules/source-map
10853 silly ADD node_modules/schema-utils
10854 silly ADD node_modules/loader-utils
10855 silly ADD node_modules/html-entities
10856 silly ADD node_modules/find-up
10857 silly ADD node_modules/error-stack-parser
10858 silly ADD node_modules/core-js-pure
10859 silly ADD node_modules/common-path-prefix
10860 silly ADD node_modules/ansi-html-community
10861 silly ADD node_modules/@jridgewell/resolve-uri
10862 silly ADD node_modules/@jridgewell/sourcemap-codec
10863 silly ADD node_modules/@jridgewell/set-array
10864 silly ADD node_modules/to-fast-properties
10865 silly ADD node_modules/@babel/helper-string-parser
10866 silly ADD node_modules/globals
10867 silly ADD node_modules/@babel/helper-hoist-variables
10868 silly ADD node_modules/@babel/helper-function-name
10869 silly ADD node_modules/@babel/helper-validator-identifier
10870 silly ADD node_modules/@babel/helper-split-export-declaration
10871 silly ADD node_modules/@babel/helper-simple-access
10872 silly ADD node_modules/@babel/helper-module-imports
10873 silly ADD node_modules/@babel/helper-environment-visitor
10874 silly ADD node_modules/lru-cache
10875 silly ADD node_modules/@babel/helper-validator-option
10876 silly ADD node_modules/@babel/compat-data
10877 silly ADD node_modules/jsesc
10878 silly ADD node_modules/chalk
10879 silly ADD node_modules/@babel/highlight
10880 silly ADD node_modules/@jridgewell/trace-mapping
10881 silly ADD node_modules/@jridgewell/gen-mapping
10882 silly ADD node_modules/json5
10883 silly ADD node_modules/gensync
10884 silly ADD node_modules/debug
10885 silly ADD node_modules/convert-source-map
10886 silly ADD node_modules/@babel/types
10887 silly ADD node_modules/@babel/traverse
10888 silly ADD node_modules/@babel/template
10889 silly ADD node_modules/@babel/parser
10890 silly ADD node_modules/@babel/helpers
10891 silly ADD node_modules/@babel/helper-module-transforms
10892 silly ADD node_modules/@babel/helper-compilation-targets
10893 silly ADD node_modules/@babel/helper-compilation-targets/node_modules/semver
10894 silly ADD node_modules/@babel/generator
10895 silly ADD node_modules/@babel/code-frame
10896 silly ADD node_modules/@ampproject/remapping
10897 silly ADD node_modules/workbox-webpack-plugin
10898 silly ADD node_modules/workbox-webpack-plugin/node_modules/source-map
10899 silly ADD node_modules/workbox-webpack-plugin/node_modules/webpack-sources
10900 silly ADD node_modules/webpack-manifest-plugin
10901 silly ADD node_modules/webpack-manifest-plugin/node_modules/source-map
10902 silly ADD node_modules/webpack-manifest-plugin/node_modules/webpack-sources
10903 silly ADD node_modules/webpack-dev-server
10904 silly ADD node_modules/webpack-dev-server/node_modules/json-schema-traverse
10905 silly ADD node_modules/webpack-dev-server/node_modules/ajv-keywords
10906 silly ADD node_modules/webpack-dev-server/node_modules/ajv
10907 silly ADD node_modules/webpack-dev-server/node_modules/ws
10908 silly ADD node_modules/webpack-dev-server/node_modules/schema-utils
10909 silly ADD node_modules/terser-webpack-plugin
10910 silly ADD node_modules/tailwindcss
10911 silly ADD node_modules/style-loader
10912 silly ADD node_modules/source-map-loader
10913 silly ADD node_modules/semver
10914 silly ADD node_modules/semver/node_modules/yallist
10915 silly ADD node_modules/semver/node_modules/lru-cache
10916 silly ADD node_modules/sass-loader
10917 silly ADD node_modules/resolve-url-loader
10918 silly ADD node_modules/resolve-url-loader/node_modules/picocolors
10919 silly ADD node_modules/resolve-url-loader/node_modules/source-map
10920 silly ADD node_modules/resolve-url-loader/node_modules/postcss
10921 silly ADD node_modules/resolve-url-loader/node_modules/convert-source-map
10922 silly ADD node_modules/resolve
10923 silly ADD node_modules/react-dev-utils
10924 silly ADD node_modules/react-dev-utils/node_modules/has-flag
10925 silly ADD node_modules/react-dev-utils/node_modules/color-name
10926 silly ADD node_modules/react-dev-utils/node_modules/color-convert
10927 silly ADD node_modules/react-dev-utils/node_modules/supports-color
10928 silly ADD node_modules/react-dev-utils/node_modules/ansi-styles
10929 silly ADD node_modules/react-dev-utils/node_modules/loader-utils
10930 silly ADD node_modules/react-dev-utils/node_modules/escape-string-regexp
10931 silly ADD node_modules/react-dev-utils/node_modules/chalk
10932 silly ADD node_modules/react-app-polyfill
10933 silly ADD node_modules/react-app-polyfill/node_modules/regenerator-runtime
10934 silly ADD node_modules/prompts
10935 silly ADD node_modules/postcss-preset-env
10936 silly ADD node_modules/postcss-normalize
10937 silly ADD node_modules/postcss-loader
10938 silly ADD node_modules/postcss-flexbugs-fixes
10939 silly ADD node_modules/postcss
10940 silly ADD node_modules/mini-css-extract-plugin
10941 silly ADD node_modules/mini-css-extract-plugin/node_modules/json-schema-traverse
10942 silly ADD node_modules/mini-css-extract-plugin/node_modules/ajv-keywords
10943 silly ADD node_modules/mini-css-extract-plugin/node_modules/ajv
10944 silly ADD node_modules/mini-css-extract-plugin/node_modules/schema-utils
10945 silly ADD node_modules/jest-watch-typeahead
10946 silly ADD node_modules/jest-watch-typeahead/node_modules/has-flag
10947 silly ADD node_modules/jest-watch-typeahead/node_modules/react-is
10948 silly ADD node_modules/jest-watch-typeahead/node_modules/pretty-format
10949 silly ADD node_modules/jest-watch-typeahead/node_modules/pretty-format/node_modules/ansi-styles
10950 silly ADD node_modules/jest-watch-typeahead/node_modules/@types/yargs
10951 silly ADD node_modules/jest-watch-typeahead/node_modules/jest-message-util
10952 silly ADD node_modules/jest-watch-typeahead/node_modules/jest-message-util/node_modules/slash
10953 silly ADD node_modules/jest-watch-typeahead/node_modules/@jest/console
10954 silly ADD node_modules/jest-watch-typeahead/node_modules/@jest/console/node_modules/slash
10955 silly ADD node_modules/jest-watch-typeahead/node_modules/jest-util
10956 silly ADD node_modules/jest-watch-typeahead/node_modules/emittery
10957 silly ADD node_modules/jest-watch-typeahead/node_modules/@jest/types
10958 silly ADD node_modules/jest-watch-typeahead/node_modules/@jest/test-result
10959 silly ADD node_modules/jest-watch-typeahead/node_modules/color-name
10960 silly ADD node_modules/jest-watch-typeahead/node_modules/color-convert
10961 silly ADD node_modules/jest-watch-typeahead/node_modules/supports-color
10962 silly ADD node_modules/jest-watch-typeahead/node_modules/ansi-styles
10963 silly ADD node_modules/jest-watch-typeahead/node_modules/strip-ansi
10964 silly ADD node_modules/jest-watch-typeahead/node_modules/strip-ansi/node_modules/ansi-regex
10965 silly ADD node_modules/jest-watch-typeahead/node_modules/string-length
10966 silly ADD node_modules/jest-watch-typeahead/node_modules/string-length/node_modules/char-regex
10967 silly ADD node_modules/jest-watch-typeahead/node_modules/slash
10968 silly ADD node_modules/jest-watch-typeahead/node_modules/jest-watcher
10969 silly ADD node_modules/jest-watch-typeahead/node_modules/jest-watcher/node_modules/strip-ansi
10970 silly ADD node_modules/jest-watch-typeahead/node_modules/jest-watcher/node_modules/string-length
10971 silly ADD node_modules/jest-watch-typeahead/node_modules/jest-regex-util
10972 silly ADD node_modules/jest-watch-typeahead/node_modules/chalk
10973 silly ADD node_modules/jest-resolve
10974 silly ADD node_modules/jest-resolve/node_modules/has-flag
10975 silly ADD node_modules/jest-resolve/node_modules/color-name
10976 silly ADD node_modules/jest-resolve/node_modules/color-convert
10977 silly ADD node_modules/jest-resolve/node_modules/supports-color
10978 silly ADD node_modules/jest-resolve/node_modules/ansi-styles
10979 silly ADD node_modules/jest-resolve/node_modules/chalk
10980 silly ADD node_modules/jest
10981 silly ADD node_modules/identity-obj-proxy
10982 silly ADD node_modules/html-webpack-plugin
10983 silly ADD
10984 silly ADD node_modules/fs-extra
10985 silly ADD node_modules/file-loader
10986 silly ADD node_modules/eslint-webpack-plugin
10987 silly ADD node_modules/eslint-webpack-plugin/node_modules/has-flag
10988 silly ADD node_modules/eslint-webpack-plugin/node_modules/json-schema-traverse
10989 silly ADD node_modules/eslint-webpack-plugin/node_modules/ajv-keywords
10990 silly ADD node_modules/eslint-webpack-plugin/node_modules/ajv
10991 silly ADD node_modules/eslint-webpack-plugin/node_modules/supports-color
10992 silly ADD node_modules/eslint-webpack-plugin/node_modules/schema-utils
10993 silly ADD node_modules/eslint-webpack-plugin/node_modules/jest-worker
10994 silly ADD node_modules/eslint-config-react-app
10995 silly ADD node_modules/eslint
10996 silly ADD node_modules/eslint/node_modules/has-flag
10997 silly ADD node_modules/eslint/node_modules/argparse
10998 silly ADD node_modules/eslint/node_modules/type-fest
10999 silly ADD node_modules/eslint/node_modules/color-name
11000 silly ADD node_modules/eslint/node_modules/color-convert
11001 silly ADD node_modules/eslint/node_modules/supports-color
11002 silly ADD node_modules/eslint/node_modules/ansi-styles
11003 silly ADD node_modules/eslint/node_modules/js-yaml
11004 silly ADD node_modules/eslint/node_modules/globals
11005 silly ADD node_modules/eslint/node_modules/escape-string-regexp
11006 silly ADD node_modules/eslint/node_modules/chalk
11007 silly ADD node_modules/dotenv-expand
11008 silly ADD node_modules/dotenv
11009 silly ADD node_modules/css-minimizer-webpack-plugin
11010 silly ADD node_modules/css-minimizer-webpack-plugin/node_modules/json-schema-traverse
11011 silly ADD node_modules/css-minimizer-webpack-plugin/node_modules/ajv-keywords
11012 silly ADD node_modules/css-minimizer-webpack-plugin/node_modules/ajv
11013 silly ADD node_modules/css-minimizer-webpack-plugin/node_modules/source-map
11014 silly ADD node_modules/css-minimizer-webpack-plugin/node_modules/schema-utils
11015 silly ADD node_modules/css-loader
11016 silly ADD node_modules/case-sensitive-paths-webpack-plugin
11017 silly ADD node_modules/camelcase
11018 silly ADD node_modules/browserslist
11019 silly ADD node_modules/bfj
11020 silly ADD node_modules/babel-preset-react-app
11021 silly ADD node_modules/babel-plugin-named-asset-import
11022 silly ADD node_modules/babel-loader
11023 silly ADD node_modules/babel-loader/node_modules/schema-utils
11024 silly ADD node_modules/babel-jest
11025 silly ADD node_modules/babel-jest/node_modules/has-flag
11026 silly ADD node_modules/babel-jest/node_modules/color-name
11027 silly ADD node_modules/babel-jest/node_modules/color-convert
11028 silly ADD node_modules/babel-jest/node_modules/supports-color
11029 silly ADD node_modules/babel-jest/node_modules/ansi-styles
11030 silly ADD node_modules/babel-jest/node_modules/chalk
11031 silly ADD node_modules/@svgr/webpack
11032 silly ADD node_modules/webpack
11033 silly ADD node_modules/webpack/node_modules/estraverse
11034 silly ADD node_modules/webpack/node_modules/eslint-scope
11035 silly ADD node_modules/react-refresh
11036 silly ADD node_modules/@pmmmwh/react-refresh-webpack-plugin
11037 silly ADD node_modules/@babel/core
11038 silly ADD node_modules/@babel/core/node_modules/semver
11039 silly ADD node_modules/scheduler
11040 silly ADD node_modules/js-tokens
11041 silly ADD node_modules/loose-envify
11042 silly ADD node_modules/react-scripts
11043 silly ADD node_modules/react-dom
11044 silly ADD node_modules/react
11045 silly ADD node_modules/cra-template
11046 timing command:install Completed in 94871ms
11047 verbose exit 0
11048 timing npm Completed in 95184ms
11049 info ok
